DES,SCTY,STK,SMART/ARCA,,,,,,|BOT|01/06/2014|3|+NRB|+NRB|-NRB
DES,TWTR,STK,SMART/ARCA,,,,,,|SLD|01/06/2014|3|+NRB|+NRB|-NRB
DES,FSLR,STK,SMART/ARCA,,,,,,|SLD|01/06/2014|3|+NRB|+NRB|-NRB
DES,SONC,STK,SMART/ARCA,,,,,,|BOT|01/07/2014|3|+NRB|+NRB|+NRB
DES,IHS,STK,SMART/ARCA,,,,,,|BOT|01/07/2014|3|+NRB|+NRB|+NRB
DES,PANW,STK,SMART/ARCA,,,,,,|BOT|01/07/2014|3|+NRB|+NRB|+NRB
DES,CMC,STK,SMART/ARCA,,,,,,|BOT|01/07/2014|3|+NRB|+NRB|+NRB
DES,NFLX,STK,SMART/ARCA,,,,,,|SLD|01/07/2014|3|+NRB|+NRB|+NRB
DES,MU,STK,SMART/ARCA,,,,,,|BOT|01/08/2014|3|-NRB|+NRB|+NRB
DES,APOL,STK,SMART/ARCA,,,,,,|BOT|01/08/2014|3|-NRB|+NRB|+NRB
DES,STZ,STK,SMART/ARCA,,,,,,|BOT|01/08/2014|3|-NRB|+NRB|+NRB
DES,FRX,STK,SMART/ARCA,,,,,,|BOT|01/08/2014|3|-NRB|+NRB|+NRB
DES,TCS,STK,SMART/ARCA,,,,,,|SLD|01/08/2014|3|-NRB|+NRB|+NRB
DES,AMBA,STK,SMART/ARCA,,,,,,|SLD|01/08/2014|3|-NRB|+NRB|+NRB
DES,JCP,STK,SMART/ARCA,,,,,,|SLD|01/08/2014|3|-NRB|+NRB|+NRB
DES,M,STK,SMART/ARCA,,,,,,|BOT|01/09/2014|3|+NRB|+NRB|-NRB
DES,COST,STK,SMART/ARCA,,,,,,|BOT|01/09/2014|3|+NRB|+NRB|-NRB
DES,ITMN,STK,SMART/ARCA,,,,,,|BOT|01/09/2014|3|+NRB|+NRB|-NRB
DES,FRO,STK,SMART/ARCA,,,,,,|BOT|01/09/2014|3|+NRB|+NRB|-NRB
DES,FDO,STK,SMART/ARCA,,,,,,|SLD|01/09/2014|3|+NRB|+NRB|-NRB
DES,BBBY,STK,SMART/ARCA,,,,,,|SLD|01/09/2014|3|+NRB|+NRB|-NRB
DES,PIR,STK,SMART/ARCA,,,,,,|SLD|01/09/2014|3|+NRB|+NRB|-NRB
DES,YRCW,STK,SMART/ARCA,,,,,,|SLD|01/09/2014|3|+NRB|+NRB|-NRB
DES,PLUG,STK,SMART/ARCA,,,,,,|SLD|01/09/2014|3|+NRB|+NRB|-NRB
DES,ANF,STK,SMART/ARCA,,,,,,|BOT|01/10/2014|3|+NRB|+NRB|+NRB
DES,FRAN,STK,SMART/ARCA,,,,,,|BOT|01/10/2014|3|+NRB|+NRB|+NRB
DES,AA,STK,SMART/ARCA,,,,,,|SLD|01/10/2014|3|+NRB|+NRB|+NRB
DES,SHLD,STK,SMART/ARCA,,,,,,|SLD|01/10/2014|3|+NRB|+NRB|+NRB
DES,FIVE,STK,SMART/ARCA,,,,,,|SLD|01/10/2014|3|+NRB|+NRB|+NRB
DES,CHTP,STK,SMART/ARCA,,,,,,|SLD|01/10/2014|3|+NRB|+NRB|+NRB
DES,JNPR,STK,SMART/ARCA,,,,,,|BOT|01/13/2014|3|-NRB|+NRB|-WRB
DES,LULU,STK,SMART/ARCA,,,,,,|SLD|01/13/2014|3|-NRB|+NRB|-WRB
DES,SODA,STK,SMART/ARCA,,,,,,|SLD|01/13/2014|3|-NRB|+NRB|-WRB
DES,ASNA,STK,SMART/ARCA,,,,,,|SLD|01/13/2014|3|-NRB|+NRB|-WRB
DES,ISRG,STK,SMART/ARCA,,,,,,|BOT|01/14/2014|3|+NRB|+NRB|+WRB
DES,INTC,STK,SMART/ARCA,,,,,,|BOT|01/14/2014|3|+NRB|+NRB|+WRB
DES,GME,STK,SMART/ARCA,,,,,,|SLD|01/14/2014|3|+NRB|+NRB|+WRB
DES,KBR,STK,SMART/ARCA,,,,,,|SLD|01/14/2014|3|+NRB|+NRB|+WRB
DES,CHTP,STK,SMART/ARCA,,,,,,|BOT|01/15/2014|3|+NRB|+NRB|+NRB
DES,BAC,STK,SMART/ARCA,,,,,,|BOT|01/15/2014|3|+NRB|+NRB|+NRB
DES,XONE,STK,SMART/ARCA,,,,,,|SLD|01/15/2014|3|+NRB|+NRB|+NRB
DES,SRPT,STK,SMART/ARCA,,,,,,|BOT|01/16/2014|3|-NRB|+NRB|+NRB
DES,HPQ,STK,SMART/ARCA,,,,,,|BOT|01/16/2014|3|-NRB|+NRB|+NRB
DES,PNC,STK,SMART/ARCA,,,,,,|BOT|01/16/2014|3|-NRB|+NRB|+NRB
DES,C,STK,SMART/ARCA,,,,,,|SLD|01/16/2014|3|-NRB|+NRB|+NRB
DES,CSX,STK,SMART/ARCA,,,,,,|SLD|01/16/2014|3|-NRB|+NRB|+NRB
DES,BBY,STK,SMART/ARCA,,,,,,|SLD|01/16/2014|3|-NRB|+NRB|+NRB
DES,JCP,STK,SMART/ARCA,,,,,,|SLD|01/16/2014|3|-NRB|+NRB|+NRB
DES,NUS,STK,SMART/ARCA,,,,,,|SLD|01/16/2014|3|-NRB|+NRB|+NRB
DES,SWKS,STK,SMART/ARCA,,,,,,|BOT|01/17/2014|3|-NRB|+NRB|+NRB
DES,NIHD,STK,SMART/ARCA,,,,,,|BOT|01/17/2014|3|-NRB|+NRB|+NRB
DES,AXP,STK,SMART/ARCA,,,,,,|BOT|01/17/2014|3|-NRB|+NRB|+NRB
DES,ILMN,STK,SMART/ARCA,,,,,,|BOT|01/17/2014|3|-NRB|+NRB|+NRB
DES,UPS,STK,SMART/ARCA,,,,,,|SLD|01/17/2014|3|-NRB|+NRB|+NRB
DES,COF,STK,SMART/ARCA,,,,,,|SLD|01/17/2014|3|-NRB|+NRB|+NRB
DES,PBCT,STK,SMART/ARCA,,,,,,|SLD|01/17/2014|3|-NRB|+NRB|+NRB
DES,SLM,STK,SMART/ARCA,,,,,,|SLD|01/17/2014|3|-NRB|+NRB|+NRB
DES,INTC,STK,SMART/ARCA,,,,,,|SLD|01/17/2014|3|-NRB|+NRB|+NRB
DES,FRX,STK,SMART/ARCA,,,,,,|BOT|01/21/2014|3|+NRB|+NRB|-NRB
DES,DAL,STK,SMART/ARCA,,,,,,|BOT|01/21/2014|3|+NRB|+NRB|-NRB
DES,DOW,STK,SMART/ARCA,,,,,,|BOT|01/21/2014|3|+NRB|+NRB|-NRB
DES,AMTD,STK,SMART/ARCA,,,,,,|BOT|01/21/2014|3|+NRB|+NRB|-NRB
DES,EXPE,STK,SMART/ARCA,,,,,,|SLD|01/21/2014|3|+NRB|+NRB|-NRB
DES,EAT,STK,SMART/ARCA,,,,,,|BOT|01/22/2014|3|+NRB|+NRB|-NRB
DES,NUAN,STK,SMART/ARCA,,,,,,|BOT|01/22/2014|3|+NRB|+NRB|-NRB
DES,MSI,STK,SMART/ARCA,,,,,,|SLD|01/22/2014|3|+NRB|+NRB|-NRB
DES,COH,STK,SMART/ARCA,,,,,,|SLD|01/22/2014|3|+NRB|+NRB|-NRB
DES,PH,STK,SMART/ARCA,,,,,,|SLD|01/22/2014|3|+NRB|+NRB|-NRB
DES,IBM,STK,SMART/ARCA,,,,,,|SLD|01/22/2014|3|+NRB|+NRB|-NRB
DES,AMD,STK,SMART/ARCA,,,,,,|SLD|01/22/2014|3|+NRB|+NRB|-NRB
DES,XLNX,STK,SMART/ARCA,,,,,,|SLD|01/22/2014|3|+NRB|+NRB|-NRB
DES,NFLX,STK,SMART/ARCA,,,,,,|BOT|01/23/2014|3|-NRB|+NRB|-NRB
DES,ABC,STK,SMART/ARCA,,,,,,|BOT|01/23/2014|3|-NRB|+NRB|-NRB
DES,CIE,STK,SMART/ARCA,,,,,,|BOT|01/23/2014|3|-NRB|+NRB|-NRB
DES,UNP,STK,SMART/ARCA,,,,,,|BOT|01/23/2014|3|-NRB|+NRB|-NRB
DES,FIO,STK,SMART/ARCA,,,,,,|BOT|01/23/2014|3|-NRB|+NRB|-NRB
DES,EBAY,STK,SMART/ARCA,,,,,,|BOT|01/23/2014|3|-NRB|+NRB|-NRB
DES,ARIA,STK,SMART/ARCA,,,,,,|BOT|01/23/2014|3|-NRB|+NRB|-NRB
DES,FFIV,STK,SMART/ARCA,,,,,,|BOT|01/23/2014|3|-NRB|+NRB|-NRB
DES,AEO,STK,SMART/ARCA,,,,,,|SLD|01/23/2014|3|-NRB|+NRB|-NRB
DES,NOK,STK,SMART/ARCA,,,,,,|SLD|01/23/2014|3|-NRB|+NRB|-NRB
DES,SNDK,STK,SMART/ARCA,,,,,,|SLD|01/23/2014|3|-NRB|+NRB|-NRB
DES,MSFT,STK,SMART/ARCA,,,,,,|BOT|01/24/2014|3|-NRB|+NRB|-NRB
DES,SYNA,STK,SMART/ARCA,,,,,,|BOT|01/24/2014|3|-NRB|+NRB|-NRB
DES,KMB,STK,SMART/ARCA,,,,,,|BOT|01/24/2014|3|-NRB|+NRB|-NRB
DES,JNPR,STK,SMART/ARCA,,,,,,|BOT|01/24/2014|3|-NRB|+NRB|-NRB
DES,IGT,STK,SMART/ARCA,,,,,,|SLD|01/24/2014|3|-NRB|+NRB|-NRB
DES,RMD,STK,SMART/ARCA,,,,,,|SLD|01/24/2014|3|-NRB|+NRB|-NRB
DES,KSU,STK,SMART/ARCA,,,,,,|SLD|01/24/2014|3|-NRB|+NRB|-NRB
DES,FNFG,STK,SMART/ARCA,,,,,,|SLD|01/24/2014|3|-NRB|+NRB|-NRB
DES,ISRG,STK,SMART/ARCA,,,,,,|SLD|01/24/2014|3|-NRB|+NRB|-NRB
DES,XRX,STK,SMART/ARCA,,,,,,|SLD|01/24/2014|3|-NRB|+NRB|-NRB
DES,RYN,STK,SMART/ARCA,,,,,,|BOT|01/27/2014|3|-NRB|+NRB|-NRB
DES,CAT,STK,SMART/ARCA,,,,,,|BOT|01/27/2014|3|-NRB|+NRB|-NRB
DES,RGS,STK,SMART/ARCA,,,,,,|SLD|01/27/2014|3|-NRB|+NRB|-NRB
DES,PGR,STK,SMART/ARCA,,,,,,|SLD|01/27/2014|3|-NRB|+NRB|-NRB
DES,OSK,STK,SMART/ARCA,,,,,,|BOT|01/28/2014|3|+NRB|+NRB|+NRB
DES,HRS,STK,SMART/ARCA,,,,,,|BOT|01/28/2014|3|+NRB|+NRB|+NRB
DES,LXK,STK,SMART/ARCA,,,,,,|BOT|01/28/2014|3|+NRB|+NRB|+NRB
DES,CLF,STK,SMART/ARCA,,,,,,|BOT|01/28/2014|3|+NRB|+NRB|+NRB
DES,AKS,STK,SMART/ARCA,,,,,,|BOT|01/28/2014|3|+NRB|+NRB|+NRB
DES,SANM,STK,SMART/ARCA,,,,,,|BOT|01/28/2014|3|+NRB|+NRB|+NRB
DES,GLW,STK,SMART/ARCA,,,,,,|SLD|01/28/2014|3|+NRB|+NRB|+NRB
DES,AAPL,STK,SMART/ARCA,,,,,,|SLD|01/28/2014|3|+NRB|+NRB|+NRB
DES,STX,STK,SMART/ARCA,,,,,,|SLD|01/28/2014|3|+NRB|+NRB|+NRB
DES,RCII,STK,SMART/ARCA,,,,,,|SLD|01/28/2014|3|+NRB|+NRB|+NRB
DES,FSL,STK,SMART/ARCA,,,,,,|BOT|01/29/2014|3|-NRB|+NRB|+NRB
DES,DOW,STK,SMART/ARCA,,,,,,|BOT|01/29/2014|3|-NRB|+NRB|+NRB
DES,MDVN,STK,SMART/ARCA,,,,,,|BOT|01/29/2014|3|-NRB|+NRB|+NRB
DES,YHOO,STK,SMART/ARCA,,,,,,|SLD|01/29/2014|3|-NRB|+NRB|+NRB
DES,BA,STK,SMART/ARCA,,,,,,|SLD|01/29/2014|3|-NRB|+NRB|+NRB
DES,TUP,STK,SMART/ARCA,,,,,,|SLD|01/29/2014|3|-NRB|+NRB|+NRB
DES,PSX,STK,SMART/ARCA,,,,,,|SLD|01/29/2014|3|-NRB|+NRB|+NRB
DES,CRUS,STK,SMART/ARCA,,,,,,|SLD|01/29/2014|3|-NRB|+NRB|+NRB
DES,T,STK,SMART/ARCA,,,,,,|SLD|01/29/2014|3|-NRB|+NRB|+NRB
DES,WLP,STK,SMART/ARCA,,,,,,|SLD|01/29/2014|3|-NRB|+NRB|+NRB
DES,AMGN,STK,SMART/ARCA,,,,,,|SLD|01/29/2014|3|-NRB|+NRB|+NRB
DES,INFN,STK,SMART/ARCA,,,,,,|BOT|01/30/2014|3|+NRB|+NRB|+NRB
DES,FLEX,STK,SMART/ARCA,,,,,,|BOT|01/30/2014|3|+NRB|+NRB|+NRB
DES,FB,STK,SMART/ARCA,,,,,,|BOT|01/30/2014|3|+NRB|+NRB|+NRB
DES,UA,STK,SMART/ARCA,,,,,,|BOT|01/30/2014|3|+NRB|+NRB|+NRB
DES,NOW,STK,SMART/ARCA,,,,,,|BOT|01/30/2014|3|+NRB|+NRB|+NRB
DES,CAH,STK,SMART/ARCA,,,,,,|BOT|01/30/2014|3|+NRB|+NRB|+NRB
DES,TMO,STK,SMART/ARCA,,,,,,|BOT|01/30/2014|3|+NRB|+NRB|+NRB
DES,FTNT,STK,SMART/ARCA,,,,,,|BOT|01/30/2014|3|+NRB|+NRB|+NRB
DES,PHM,STK,SMART/ARCA,,,,,,|BOT|01/30/2014|3|+NRB|+NRB|+NRB
DES,QCOM,STK,SMART/ARCA,,,,,,|BOT|01/30/2014|3|+NRB|+NRB|+NRB
DES,ALXN,STK,SMART/ARCA,,,,,,|BOT|01/30/2014|3|+NRB|+NRB|+NRB
DES,CTXS,STK,SMART/ARCA,,,,,,|SLD|01/30/2014|3|+NRB|+NRB|+NRB
DES,ADT,STK,SMART/ARCA,,,,,,|SLD|01/30/2014|3|+NRB|+NRB|+NRB
DES,MUR,STK,SMART/ARCA,,,,,,|SLD|01/30/2014|3|+NRB|+NRB|+NRB
DES,TSCO,STK,SMART/ARCA,,,,,,|SLD|01/30/2014|3|+NRB|+NRB|+NRB
DES,POT,STK,SMART/ARCA,,,,,,|SLD|01/30/2014|3|+NRB|+NRB|+NRB
DES,NSR,STK,SMART/ARCA,,,,,,|SLD|01/30/2014|3|+NRB|+NRB|+NRB
DES,CPHD,STK,SMART/ARCA,,,,,,|BOT|01/31/2014|3|-WRB|+NRB|+NRB
DES,CMG,STK,SMART/ARCA,,,,,,|BOT|01/31/2014|3|-WRB|+NRB|+NRB
DES,GOOG,STK,SMART/ARCA,,,,,,|BOT|01/31/2014|3|-WRB|+NRB|+NRB
DES,JDSU,STK,SMART/ARCA,,,,,,|BOT|01/31/2014|3|-WRB|+NRB|+NRB
DES,PFPT,STK,SMART/ARCA,,,,,,|BOT|01/31/2014|3|-WRB|+NRB|+NRB
DES,ZNGA,STK,SMART/ARCA,,,,,,|BOT|01/31/2014|3|-WRB|+NRB|+NRB
DES,AMZN,STK,SMART/ARCA,,,,,,|SLD|01/31/2014|3|-WRB|+NRB|+NRB
DES,MAT,STK,SMART/ARCA,,,,,,|SLD|01/31/2014|3|-WRB|+NRB|+NRB
DES,MCHP,STK,SMART/ARCA,,,,,,|SLD|01/31/2014|3|-WRB|+NRB|+NRB
DES,MA,STK,SMART/ARCA,,,,,,|SLD|01/31/2014|3|-WRB|+NRB|+NRB
DES,WY,STK,SMART/ARCA,,,,,,|SLD|01/31/2014|3|-WRB|+NRB|+NRB
DES,HLF,STK,SMART/ARCA,,,,,,|BOT|02/03/2014|3|-NRB|+NRB|-NRB
DES,KORS,STK,SMART/ARCA,,,,,,|BOT|02/04/2014|3|+NRB|+NRB|+NRB
DES,YUM,STK,SMART/ARCA,,,,,,|BOT|02/04/2014|3|+NRB|+NRB|+NRB
DES,IDTI,STK,SMART/ARCA,,,,,,|BOT|02/04/2014|3|+NRB|+NRB|+NRB
DES,PSEC,STK,SMART/ARCA,,,,,,|BOT|02/04/2014|3|+NRB|+NRB|+NRB
DES,ADM,STK,SMART/ARCA,,,,,,|BOT|02/04/2014|3|+NRB|+NRB|+NRB
DES,ZNGA,STK,SMART/ARCA,,,,,,|BOT|02/04/2014|3|+NRB|+NRB|+NRB
DES,TTWO,STK,SMART/ARCA,,,,,,|SLD|02/04/2014|3|+NRB|+NRB|+NRB
DES,CME,STK,SMART/ARCA,,,,,,|SLD|02/04/2014|3|+NRB|+NRB|+NRB
DES,DNB,STK,SMART/ARCA,,,,,,|SLD|02/04/2014|3|+NRB|+NRB|+NRB
DES,ETN,STK,SMART/ARCA,,,,,,|SLD|02/04/2014|3|+NRB|+NRB|+NRB
DES,RL,STK,SMART/ARCA,,,,,,|BOT|02/05/2014|3|-NRB|+NRB|+NRB
DES,MRK,STK,SMART/ARCA,,,,,,|BOT|02/05/2014|3|-NRB|+NRB|+NRB
DES,DATA,STK,SMART/ARCA,,,,,,|BOT|02/05/2014|3|-NRB|+NRB|+NRB
DES,MYGN,STK,SMART/ARCA,,,,,,|BOT|02/05/2014|3|-NRB|+NRB|+NRB
DES,MPEL,STK,SMART/ARCA,,,,,,|SLD|02/05/2014|3|-NRB|+NRB|+NRB
DES,IACI,STK,SMART/ARCA,,,,,,|SLD|02/05/2014|3|-NRB|+NRB|+NRB
DES,CTSH,STK,SMART/ARCA,,,,,,|SLD|02/05/2014|3|-NRB|+NRB|+NRB
DES,DDD,STK,SMART/ARCA,,,,,,|SLD|02/05/2014|3|-NRB|+NRB|+NRB
DES,CHRW,STK,SMART/ARCA,,,,,,|SLD|02/05/2014|3|-NRB|+NRB|+NRB
DES,SSYS,STK,SMART/ARCA,,,,,,|SLD|02/05/2014|3|-NRB|+NRB|+NRB
DES,EXTR,STK,SMART/ARCA,,,,,,|SLD|02/05/2014|3|-NRB|+NRB|+NRB
DES,AKAM,STK,SMART/ARCA,,,,,,||02/06/2014|3|+NRB|+NRB|+WRB
DES,GLUU,STK,SMART/ARCA,,,,,,||02/06/2014|3|+NRB|+NRB|+WRB
DES,YELP,STK,SMART/ARCA,,,,,,||02/06/2014|3|+NRB|+NRB|+WRB
DES,AAP,STK,SMART/ARCA,,,,,,||02/06/2014|3|+NRB|+NRB|+WRB
DES,AOL,STK,SMART/ARCA,,,,,,||02/06/2014|3|+NRB|+NRB|+WRB
DES,GMCR,STK,SMART/ARCA,,,,,,||02/06/2014|3|+NRB|+NRB|+WRB
DES,CMI,STK,SMART/ARCA,,,,,,||02/06/2014|3|+NRB|+NRB|+WRB
DES,TWTR,STK,SMART/ARCA,,,,,,||02/06/2014|3|+NRB|+NRB|+WRB
DES,P,STK,SMART/ARCA,,,,,,||02/06/2014|3|+NRB|+NRB|+WRB
DES,SFLY,STK,SMART/ARCA,,,,,,||02/06/2014|3|+NRB|+NRB|+WRB
DES,EXPE,STK,SMART/ARCA,,,,,,|BOT|02/07/2014|3|+NRB|-NRB|-NRB
DES,ATHN,STK,SMART/ARCA,,,,,,|BOT|02/07/2014|3|+NRB|-NRB|-NRB
DES,NWSA,STK,SMART/ARCA,,,,,,|BOT|02/07/2014|3|+NRB|-NRB|-NRB
DES,ONNN,STK,SMART/ARCA,,,,,,|BOT|02/07/2014|3|+NRB|-NRB|-NRB
DES,ATVI,STK,SMART/ARCA,,,,,,|BOT|02/07/2014|3|+NRB|-NRB|-NRB
DES,CI,STK,SMART/ARCA,,,,,,|SLD|02/07/2014|3|+NRB|-NRB|-NRB
DES,LNKD,STK,SMART/ARCA,,,,,,|SLD|02/07/2014|3|+NRB|-NRB|-NRB
DES,VRSN,STK,SMART/ARCA,,,,,,|SLD|02/07/2014|3|+NRB|-NRB|-NRB
DES,EXXI,STK,SMART/ARCA,,,,,,|SLD|02/07/2014|3|+NRB|-NRB|-NRB
DES,NCR,STK,SMART/ARCA,,,,,,|SLD|02/07/2014|3|+NRB|-NRB|-NRB
DES,DKS,STK,SMART/ARCA,,,,,,|BOT|02/10/2014|3|+NRB|-NRB|+NRB
DES,L,STK,SMART/ARCA,,,,,,|BOT|02/10/2014|3|+NRB|-NRB|+NRB
DES,YELP,STK,SMART/ARCA,,,,,,|BOT|02/10/2014|3|+NRB|-NRB|+NRB
DES,SFUN,STK,SMART/ARCA,,,,,,|BOT|02/10/2014|3|+NRB|-NRB|+NRB
DES,SOHU,STK,SMART/ARCA,,,,,,|SLD|02/10/2014|3|+NRB|-NRB|+NRB
DES,MDCO,STK,SMART/ARCA,,,,,,|SLD|02/10/2014|3|+NRB|-NRB|+NRB
DES,BWP,STK,SMART/ARCA,,,,,,|SLD|02/10/2014|3|+NRB|-NRB|+NRB
DES,S,STK,SMART/ARCA,,,,,,|BOT|02/11/2014|3|+NRB|-NRB|+WRB
DES,HUN,STK,SMART/ARCA,,,,,,|BOT|02/11/2014|3|+NRB|-NRB|+WRB
DES,CVS,STK,SMART/ARCA,,,,,,|BOT|02/11/2014|3|+NRB|-NRB|+WRB
DES,ZTS,STK,SMART/ARCA,,,,,,|SLD|02/11/2014|3|+NRB|-NRB|+WRB
DES,ACAS,STK,SMART/ARCA,,,,,,|SLD|02/11/2014|3|+NRB|-NRB|+WRB
DES,CAG,STK,SMART/ARCA,,,,,,|SLD|02/11/2014|3|+NRB|-NRB|+WRB
DES,DF,STK,SMART/ARCA,,,,,,|SLD|02/11/2014|3|+NRB|-NRB|+WRB
DES,RAX,STK,SMART/ARCA,,,,,,|SLD|02/11/2014|3|+NRB|-NRB|+WRB
DES,DVA,STK,SMART/ARCA,,,,,,|BOT|02/12/2014|3|+NRB|-NRB|-NRB
DES,FOSL,STK,SMART/ARCA,,,,,,|BOT|02/12/2014|3|+NRB|-NRB|-NRB
DES,PHH,STK,SMART/ARCA,,,,,,|BOT|02/12/2014|3|+NRB|-NRB|-NRB
DES,PNK,STK,SMART/ARCA,,,,,,|BOT|02/12/2014|3|+NRB|-NRB|-NRB
DES,PKG,STK,SMART/ARCA,,,,,,|BOT|02/12/2014|3|+NRB|-NRB|-NRB
DES,OC,STK,SMART/ARCA,,,,,,|BOT|02/12/2014|3|+NRB|-NRB|-NRB
DES,FEYE,STK,SMART/ARCA,,,,,,|SLD|02/12/2014|3|+NRB|-NRB|-NRB
DES,GNRC,STK,SMART/ARCA,,,,,,|BOT|02/13/2014|3|-NRB|+NRB|+WRB
DES,TWC,STK,SMART/ARCA,,,,,,|BOT|02/13/2014|3|-NRB|+NRB|+WRB
DES,CBS,STK,SMART/ARCA,,,,,,|BOT|02/13/2014|3|-NRB|+NRB|+WRB
DES,BKW,STK,SMART/ARCA,,,,,,|BOT|02/13/2014|3|-NRB|+NRB|+WRB
DES,NVDA,STK,SMART/ARCA,,,,,,|BOT|02/13/2014|3|-NRB|+NRB|+WRB
DES,CAB,STK,SMART/ARCA,,,,,,|SLD|02/13/2014|3|-NRB|+NRB|+WRB
DES,CHTR,STK,SMART/ARCA,,,,,,|SLD|02/13/2014|3|-NRB|+NRB|+WRB
DES,NTAP,STK,SMART/ARCA,,,,,,|SLD|02/13/2014|3|-NRB|+NRB|+WRB
DES,CSCO,STK,SMART/ARCA,,,,,,|SLD|02/13/2014|3|-NRB|+NRB|+WRB
DES,WFM,STK,SMART/ARCA,,,,,,|SLD|02/13/2014|3|-NRB|+NRB|+WRB
DES,CTRP,STK,SMART/ARCA,,,,,,|SLD|02/13/2014|3|-NRB|+NRB|+WRB
DES,ANGI,STK,SMART/ARCA,,,,,,|SLD|02/13/2014|3|-NRB|+NRB|+WRB
DES,FNF,STK,SMART/ARCA,,,,,,|SLD|02/13/2014|3|-NRB|+NRB|+WRB
DES,CIEN,STK,SMART/ARCA,,,,,,|BOT|02/14/2014|3|-NRB|+NRB|+NRB
DES,CLF,STK,SMART/ARCA,,,,,,|BOT|02/14/2014|3|-NRB|+NRB|+NRB
DES,BRCD,STK,SMART/ARCA,,,,,,|BOT|02/14/2014|3|-NRB|+NRB|+NRB
DES,CPB,STK,SMART/ARCA,,,,,,|BOT|02/14/2014|3|-NRB|+NRB|+NRB
DES,IM,STK,SMART/ARCA,,,,,,|BOT|02/14/2014|3|-NRB|+NRB|+NRB
DES,LIVE,STK,SMART/ARCA,,,,,,|BOT|02/14/2014|3|-NRB|+NRB|+NRB
DES,TRLA,STK,SMART/ARCA,,,,,,|SLD|02/14/2014|3|-NRB|+NRB|+NRB
DES,GNC,STK,SMART/ARCA,,,,,,|SLD|02/14/2014|3|-NRB|+NRB|+NRB
DES,WTW,STK,SMART/ARCA,,,,,,|SLD|02/14/2014|3|-NRB|+NRB|+NRB
DES,MW,STK,SMART/ARCA,,,,,,|SLD|02/14/2014|3|-NRB|+NRB|+NRB
DES,SJM,STK,SMART/ARCA,,,,,,|SLD|02/14/2014|3|-NRB|+NRB|+NRB
DES,CLD,STK,SMART/ARCA,,,,,,|SLD|02/14/2014|3|-NRB|+NRB|+NRB
DES,A,STK,SMART/ARCA,,,,,,|SLD|02/14/2014|3|-NRB|+NRB|+NRB
DES,VFC,STK,SMART/ARCA,,,,,,|SLD|02/14/2014|3|-NRB|+NRB|+NRB
DES,NI,STK,SMART/ARCA,,,,,,|BOT|02/18/2014|3|+NRB|+NRB|+NRB
DES,WM,STK,SMART/ARCA,,,,,,|SLD|02/18/2014|3|+NRB|+NRB|+NRB
DES,KO,STK,SMART/ARCA,,,,,,|SLD|02/18/2014|3|+NRB|+NRB|+NRB
DES,SIG,STK,SMART/ARCA,,,,,,|BOT|02/19/2014|3|-NRB|+NRB|-NRB
DES,GRMN,STK,SMART/ARCA,,,,,,|BOT|02/19/2014|3|-NRB|+NRB|-NRB
DES,CHTP,STK,SMART/ARCA,,,,,,|BOT|02/19/2014|3|-NRB|+NRB|-NRB
DES,LLY,STK,SMART/ARCA,,,,,,|BOT|02/19/2014|3|-NRB|+NRB|-NRB
DES,SM,STK,SMART/ARCA,,,,,,|SLD|02/19/2014|3|-NRB|+NRB|-NRB
DES,TEX,STK,SMART/ARCA,,,,,,|SLD|02/19/2014|3|-NRB|+NRB|-NRB
DES,TSLA,STK,SMART/ARCA,,,,,,|BOT|02/20/2014|3|+NRB|+NRB|+NRB
DES,PDCE,STK,SMART/ARCA,,,,,,|BOT|02/20/2014|3|+NRB|+NRB|+NRB
DES,PWR,STK,SMART/ARCA,,,,,,|BOT|02/20/2014|3|+NRB|+NRB|+NRB
DES,SWY,STK,SMART/ARCA,,,,,,|BOT|02/20/2014|3|+NRB|+NRB|+NRB
DES,AWAY,STK,SMART/ARCA,,,,,,|BOT|02/20/2014|3|+NRB|+NRB|+NRB
DES,TRN,STK,SMART/ARCA,,,,,,|BOT|02/20/2014|3|+NRB|+NRB|+NRB
DES,WWE,STK,SMART/ARCA,,,,,,|SLD|02/20/2014|3|+NRB|+NRB|+NRB
DES,YNDX,STK,SMART/ARCA,,,,,,|SLD|02/20/2014|3|+NRB|+NRB|+NRB
DES,CONN,STK,SMART/ARCA,,,,,,|SLD|02/20/2014|3|+NRB|+NRB|+NRB
DES,QLIK,STK,SMART/ARCA,,,,,,|BOT|02/21/2014|3|+NRB|+NRB|+NRB
DES,DISH,STK,SMART/ARCA,,,,,,|BOT|02/21/2014|3|+NRB|+NRB|+NRB
DES,ISIS,STK,SMART/ARCA,,,,,,|BOT|02/21/2014|3|+NRB|+NRB|+NRB
DES,FUEL,STK,SMART/ARCA,,,,,,|BOT|02/21/2014|3|+NRB|+NRB|+NRB
DES,ARUN,STK,SMART/ARCA,,,,,,|BOT|02/21/2014|3|+NRB|+NRB|+NRB
DES,PCLN,STK,SMART/ARCA,,,,,,|BOT|02/21/2014|3|+NRB|+NRB|+NRB
DES,ESRX,STK,SMART/ARCA,,,,,,|SLD|02/21/2014|3|+NRB|+NRB|+NRB
DES,GRPN,STK,SMART/ARCA,,,,,,|SLD|02/21/2014|3|+NRB|+NRB|+NRB
DES,GTAT,STK,SMART/ARCA,,,,,,|BOT|02/24/2014|3|+NRB|+NRB|+NRB
DES,PANW,STK,SMART/ARCA,,,,,,|BOT|02/24/2014|3|+NRB|+NRB|+NRB
DES,JOSB,STK,SMART/ARCA,,,,,,|BOT|02/24/2014|3|+NRB|+NRB|+NRB
DES,KMI,STK,SMART/ARCA,,,,,,|SLD|02/24/2014|3|+NRB|+NRB|+NRB
DES,DDS,STK,SMART/ARCA,,,,,,|SLD|02/24/2014|3|+NRB|+NRB|+NRB
DES,VSI,STK,SMART/ARCA,,,,,,|BOT|02/25/2014|3|+NRB|+NRB|-NRB
DES,AREX,STK,SMART/ARCA,,,,,,|BOT|02/25/2014|3|+NRB|+NRB|-NRB
DES,DPZ,STK,SMART/ARCA,,,,,,|BOT|02/25/2014|3|+NRB|+NRB|-NRB
DES,TSLA,STK,SMART/ARCA,,,,,,|BOT|02/25/2014|3|+NRB|+NRB|-NRB
DES,ITMN,STK,SMART/ARCA,,,,,,|BOT|02/25/2014|3|+NRB|+NRB|-NRB
DES,AINV,STK,SMART/ARCA,,,,,,|SLD|02/25/2014|3|+NRB|+NRB|-NRB
DES,ODP,STK,SMART/ARCA,,,,,,|SLD|02/25/2014|3|+NRB|+NRB|-NRB
DES,VVUS,STK,SMART/ARCA,,,,,,|SLD|02/25/2014|3|+NRB|+NRB|-NRB
DES,SINA,STK,SMART/ARCA,,,,,,|SLD|02/25/2014|3|+NRB|+NRB|-NRB
DES,NLY,STK,SMART/ARCA,,,,,,|BOT|02/26/2014|3|+NRB|+NRB|-NRB
DES,LOW,STK,SMART/ARCA,,,,,,|BOT|02/26/2014|3|+NRB|+NRB|-NRB
DES,ANF,STK,SMART/ARCA,,,,,,|BOT|02/26/2014|3|+NRB|+NRB|-NRB
DES,TASR,STK,SMART/ARCA,,,,,,|BOT|02/26/2014|3|+NRB|+NRB|-NRB
DES,DWA,STK,SMART/ARCA,,,,,,|SLD|02/26/2014|3|+NRB|+NRB|-NRB
DES,JAZZ,STK,SMART/ARCA,,,,,,|SLD|02/26/2014|3|+NRB|+NRB|-NRB
DES,CHK,STK,SMART/ARCA,,,,,,|SLD|02/26/2014|3|+NRB|+NRB|-NRB
DES,FSLR,STK,SMART/ARCA,,,,,,|SLD|02/26/2014|3|+NRB|+NRB|-NRB
DES,DLTR,STK,SMART/ARCA,,,,,,|SLD|02/26/2014|3|+NRB|+NRB|-NRB
DES,QEP,STK,SMART/ARCA,,,,,,|SLD|02/26/2014|3|+NRB|+NRB|-NRB
DES,FST,STK,SMART/ARCA,,,,,,|SLD|02/26/2014|3|+NRB|+NRB|-NRB
DES,JCP,STK,SMART/ARCA,,,,,,|BOT|02/27/2014|3|-NRB|+NRB|+NRB
DES,BBY,STK,SMART/ARCA,,,,,,|BOT|02/27/2014|3|-NRB|+NRB|+NRB
DES,ADSK,STK,SMART/ARCA,,,,,,|BOT|02/27/2014|3|-NRB|+NRB|+NRB
DES,CIE,STK,SMART/ARCA,,,,,,|BOT|02/27/2014|3|-NRB|+NRB|+NRB
DES,SHLD,STK,SMART/ARCA,,,,,,|BOT|02/27/2014|3|-NRB|+NRB|+NRB
DES,BIDU,STK,SMART/ARCA,,,,,,|BOT|02/27/2014|3|-NRB|+NRB|+NRB
DES,PEIX,STK,SMART/ARCA,,,,,,|BOT|02/27/2014|3|-NRB|+NRB|+NRB
DES,CTRX,STK,SMART/ARCA,,,,,,|SLD|02/27/2014|3|-NRB|+NRB|+NRB
DES,DAR,STK,SMART/ARCA,,,,,,|SLD|02/27/2014|3|-NRB|+NRB|+NRB
DES,WIN,STK,SMART/ARCA,,,,,,|SLD|02/27/2014|3|-NRB|+NRB|+NRB
DES,SFY,STK,SMART/ARCA,,,,,,|SLD|02/27/2014|3|-NRB|+NRB|+NRB
DES,CHS,STK,SMART/ARCA,,,,,,|SLD|02/27/2014|3|-NRB|+NRB|+NRB
DES,MELI,STK,SMART/ARCA,,,,,,|BOT|02/28/2014|3|+NRB|+NRB|+NRB
DES,OVTI,STK,SMART/ARCA,,,,,,|BOT|02/28/2014|3|+NRB|+NRB|+NRB
DES,YOKU,STK,SMART/ARCA,,,,,,|BOT|02/28/2014|3|+NRB|+NRB|+NRB
DES,ROST,STK,SMART/ARCA,,,,,,|BOT|02/28/2014|3|+NRB|+NRB|+NRB
DES,WUBA,STK,SMART/ARCA,,,,,,|BOT|02/28/2014|3|+NRB|+NRB|+NRB
DES,SPLK,STK,SMART/ARCA,,,,,,|BOT|02/28/2014|3|+NRB|+NRB|+NRB
DES,DECK,STK,SMART/ARCA,,,,,,|SLD|02/28/2014|3|+NRB|+NRB|+NRB
DES,KBR,STK,SMART/ARCA,,,,,,|SLD|02/28/2014|3|+NRB|+NRB|+NRB
DES,MDVN,STK,SMART/ARCA,,,,,,|SLD|02/28/2014|3|+NRB|+NRB|+NRB
DES,ARNA,STK,SMART/ARCA,,,,,,|SLD|02/28/2014|3|+NRB|+NRB|+NRB
DES,CLNE,STK,SMART/ARCA,,,,,,|SLD|02/28/2014|3|+NRB|+NRB|+NRB
DES,DNDN,STK,SMART/ARCA,,,,,,|BOT|03/03/2014|3|-WRB|+NRB|+NRB
DES,YNDX,STK,SMART/ARCA,,,,,,|SLD|03/03/2014|3|-WRB|+NRB|+NRB
DES,NUS,STK,SMART/ARCA,,,,,,|SLD|03/03/2014|3|-WRB|+NRB|+NRB
DES,JCP,STK,SMART/ARCA,,,,,,|BOT|03/04/2014|3|+WRB|+NRB|+NRB
DES,VIPS,STK,SMART/ARCA,,,,,,|BOT|03/04/2014|3|+WRB|+NRB|+NRB
DES,MDR,STK,SMART/ARCA,,,,,,|SLD|03/04/2014|3|+WRB|+NRB|+NRB
DES,ASNA,STK,SMART/ARCA,,,,,,|SLD|03/04/2014|3|+WRB|+NRB|+NRB
DES,RSH,STK,SMART/ARCA,,,,,,|SLD|03/04/2014|3|+WRB|+NRB|+NRB
DES,SWHC,STK,SMART/ARCA,,,,,,|BOT|03/05/2014|3|+NRB|+NRB|+NRB
DES,FCEL,STK,SMART/ARCA,,,,,,|BOT|03/05/2014|3|+NRB|+NRB|+NRB
DES,XOMA,STK,SMART/ARCA,,,,,,|SLD|03/05/2014|3|+NRB|+NRB|+NRB
DES,CSIQ,STK,SMART/ARCA,,,,,,|SLD|03/05/2014|3|+NRB|+NRB|+NRB
DES,SMTC,STK,SMART/ARCA,,,,,,|BOT|03/06/2014|3|+NRB|+NRB|-NRB
DES,KR,STK,SMART/ARCA,,,,,,|BOT|03/06/2014|3|+NRB|+NRB|-NRB
DES,SPLS,STK,SMART/ARCA,,,,,,|SLD|03/06/2014|3|+NRB|+NRB|-NRB
DES,COST,STK,SMART/ARCA,,,,,,|SLD|03/06/2014|3|+NRB|+NRB|-NRB
DES,BIG,STK,SMART/ARCA,,,,,,|BOT|03/07/2014|3|+NRB|+NRB|-NRB
DES,FL,STK,SMART/ARCA,,,,,,|BOT|03/07/2014|3|+NRB|+NRB|-NRB
DES,PWE,STK,SMART/ARCA,,,,,,|SLD|03/07/2014|3|+NRB|+NRB|-NRB
DES,BYD,STK,SMART/ARCA,,,,,,|BOT|03/11/2014|3|+NRB|+NRB|-NRB
DES,FCEL,STK,SMART/ARCA,,,,,,|BOT|03/11/2014|3|+NRB|+NRB|-NRB
DES,JCP,STK,SMART/ARCA,,,,,,|BOT|03/11/2014|3|+NRB|+NRB|-NRB
DES,MYGN,STK,SMART/ARCA,,,,,,|SLD|03/11/2014|3|+NRB|+NRB|-NRB
DES,AEO,STK,SMART/ARCA,,,,,,|SLD|03/11/2014|3|+NRB|+NRB|-NRB
DES,URBN,STK,SMART/ARCA,,,,,,|SLD|03/11/2014|3|+NRB|+NRB|-NRB
DES,PAY,STK,SMART/ARCA,,,,,,|BOT|03/12/2014|3|-NRB|+NRB|+NRB
DES,OXGN,STK,SMART/ARCA,,,,,,|BOT|03/12/2014|3|-NRB|+NRB|+NRB
DES,EXPR,STK,SMART/ARCA,,,,,,|SLD|03/12/2014|3|-NRB|+NRB|+NRB
DES,DRC,STK,SMART/ARCA,,,,,,|SLD|03/12/2014|3|-NRB|+NRB|+NRB
DES,EXXI,STK,SMART/ARCA,,,,,,|SLD|03/12/2014|3|-NRB|+NRB|+NRB
DES,WSM,STK,SMART/ARCA,,,,,,|BOT|03/13/2014|3|+NRB|+NRB|-WRB
DES,CALL,STK,SMART/ARCA,,,,,,|BOT|03/13/2014|3|+NRB|+NRB|-WRB
DES,HSOL,STK,SMART/ARCA,,,,,,|BOT|03/13/2014|3|+NRB|+NRB|-WRB
DES,KKD,STK,SMART/ARCA,,,,,,|BOT|03/13/2014|3|+NRB|+NRB|-WRB
DES,MEI,STK,SMART/ARCA,,,,,,|SLD|03/13/2014|3|+NRB|+NRB|-WRB
DES,LMCA,STK,SMART/ARCA,,,,,,|BOT|03/14/2014|3|-NRB|+NRB|+NRB
DES,ULTA,STK,SMART/ARCA,,,,,,|BOT|03/14/2014|3|-NRB|+NRB|+NRB
DES,ARO,STK,SMART/ARCA,,,,,,|SLD|03/14/2014|3|-NRB|+NRB|+NRB
DES,JASO,STK,SMART/ARCA,,,,,,|BOT|03/17/2014|3|+NRB|+NRB|+NRB
DES,VRSN,STK,SMART/ARCA,,,,,,|SLD|03/17/2014|3|+NRB|+NRB|+NRB
DES,JNPR,STK,SMART/ARCA,,,,,,|SLD|03/17/2014|3|+NRB|+NRB|+NRB
DES,YGE,STK,SMART/ARCA,,,,,,|SLD|03/18/2014|3|+NRB|+NRB|+NRB
DES,GME,STK,SMART/ARCA,,,,,,|SLD|03/18/2014|3|+NRB|+NRB|+NRB
DES,SFLY,STK,SMART/ARCA,,,,,,|SLD|03/18/2014|3|+NRB|+NRB|+NRB
DES,KBH,STK,SMART/ARCA,,,,,,|BOT|03/19/2014|3|+NRB|+NRB|-NRB
DES,ORCL,STK,SMART/ARCA,,,,,,|SLD|03/19/2014|3|+NRB|+NRB|-NRB
DES,JBL,STK,SMART/ARCA,,,,,,|BOT|03/20/2014|3|-NRB|+NRB|+NRB
DES,CAG,STK,SMART/ARCA,,,,,,|BOT|03/20/2014|3|-NRB|+NRB|+NRB
DES,WLT,STK,SMART/ARCA,,,,,,|SLD|03/20/2014|3|-NRB|+NRB|+NRB
DES,GES,STK,SMART/ARCA,,,,,,|SLD|03/20/2014|3|-NRB|+NRB|+NRB
DES,ECYT,STK,SMART/ARCA,,,,,,|BOT|03/21/2014|3|-NRB|+NRB|+NRB
DES,NKE,STK,SMART/ARCA,,,,,,|SLD|03/21/2014|3|-NRB|+NRB|+NRB
DES,TIF,STK,SMART/ARCA,,,,,,|SLD|03/21/2014|3|-NRB|+NRB|+NRB
DES,SYMC,STK,SMART/ARCA,,,,,,|SLD|03/21/2014|3|-NRB|+NRB|+NRB
DES,NUS,STK,SMART/ARCA,,,,,,|BOT|03/24/2014|3|+NRB|+NRB|-NRB
DES,SOL,STK,SMART/ARCA,,,,,,|BOT|03/24/2014|3|+NRB|+NRB|-NRB
DES,SONC,STK,SMART/ARCA,,,,,,|BOT|03/25/2014|3|+NRB|+NRB|+NRB
DES,HDS,STK,SMART/ARCA,,,,,,|BOT|03/25/2014|3|+NRB|+NRB|+NRB
DES,HIMX,STK,SMART/ARCA,,,,,,|SLD|03/25/2014|3|+NRB|+NRB|+NRB
DES,FIVE,STK,SMART/ARCA,,,,,,|BOT|03/26/2014|3|+NRB|-NRB|-NRB
DES,PVH,STK,SMART/ARCA,,,,,,|BOT|03/26/2014|3|+NRB|-NRB|-NRB
DES,FRAN,STK,SMART/ARCA,,,,,,|SLD|03/26/2014|3|+NRB|-NRB|-NRB
DES,IGT,STK,SMART/ARCA,,,,,,|SLD|03/26/2014|3|+NRB|-NRB|-NRB
DES,EXEL,STK,SMART/ARCA,,,,,,|SLD|03/26/2014|3|+NRB|-NRB|-NRB
DES,PAYX,STK,SMART/ARCA,,,,,,|BOT|03/27/2014|3|-NRB|+NRB|-NRB
DES,CONN,STK,SMART/ARCA,,,,,,|BOT|03/27/2014|3|-NRB|+NRB|-NRB
DES,BAX,STK,SMART/ARCA,,,,,,|BOT|03/27/2014|3|-NRB|+NRB|-NRB
DES,GME,STK,SMART/ARCA,,,,,,|SLD|03/27/2014|3|-NRB|+NRB|-NRB
DES,ACN,STK,SMART/ARCA,,,,,,|SLD|03/27/2014|3|-NRB|+NRB|-NRB
DES,C,STK,SMART/ARCA,,,,,,|SLD|03/27/2014|3|-NRB|+NRB|-NRB
DES,RH,STK,SMART/ARCA,,,,,,|BOT|03/28/2014|3|+NRB|+NRB|+NRB
DES,ISRG,STK,SMART/ARCA,,,,,,|BOT|04/01/2014|3|+NRB|+NRB|+NRB
DES,MDCO,STK,SMART/ARCA,,,,,,|SLD|04/01/2014|3|+NRB|+NRB|+NRB
DES,MNKD,STK,SMART/ARCA,,,,,,|BOT|04/02/2014|3|+NRB|+NRB|+NRB
DES,MYGN,STK,SMART/ARCA,,,,,,|BOT|04/02/2014|3|+NRB|+NRB|+NRB
DES,APOL,STK,SMART/ARCA,,,,,,|SLD|04/02/2014|3|+NRB|+NRB|+NRB
DES,MU,STK,SMART/ARCA,,,,,,|BOT|04/04/2014|3|+NRB|+NRB|+NRB
DES,KMX,STK,SMART/ARCA,,,,,,|SLD|04/04/2014|3|+NRB|+NRB|+NRB
DES,HALO,STK,SMART/ARCA,,,,,,|SLD|04/04/2014|3|+NRB|+NRB|+NRB
DES,QCOR,STK,SMART/ARCA,,,,,,|BOT|04/07/2014|3|-NRB|-NRB|-NRB
DES,PFE,STK,SMART/ARCA,,,,,,|SLD|04/07/2014|3|-NRB|-NRB|-NRB
DES,MAT,STK,SMART/ARCA,,,,,,|SLD|04/07/2014|3|-NRB|-NRB|-NRB
DES,STWD,STK,SMART/ARCA,,,,,,|SLD|04/08/2014|3|-NRB|+NRB|+NRB
DES,AA,STK,SMART/ARCA,,,,,,|BOT|04/09/2014|3|+NRB|+NRB|+NRB
DES,MSM,STK,SMART/ARCA,,,,,,|BOT|04/09/2014|3|+NRB|+NRB|+NRB
DES,RAD,STK,SMART/ARCA,,,,,,|BOT|04/10/2014|3|-NRB|+NRB|-WRB
DES,ADP,STK,SMART/ARCA,,,,,,|BOT|04/10/2014|3|-NRB|+NRB|-WRB
DES,GOGO,STK,SMART/ARCA,,,,,,|BOT|04/10/2014|3|-NRB|+NRB|-WRB
DES,RT,STK,SMART/ARCA,,,,,,|BOT|04/10/2014|3|-NRB|+NRB|-WRB
DES,BBBY,STK,SMART/ARCA,,,,,,|SLD|04/10/2014|3|-NRB|+NRB|-WRB
DES,FAST,STK,SMART/ARCA,,,,,,|BOT|04/11/2014|3|-NRB|+NRB|+NRB
DES,HRB,STK,SMART/ARCA,,,,,,|BOT|04/11/2014|3|-NRB|+NRB|+NRB
DES,JPM,STK,SMART/ARCA,,,,,,|SLD|04/11/2014|3|-NRB|+NRB|+NRB
DES,NQ,STK,SMART/ARCA,,,,,,|SLD|04/11/2014|3|-NRB|+NRB|+NRB
DES,GPS,STK,SMART/ARCA,,,,,,|SLD|04/11/2014|3|-NRB|+NRB|+NRB
DES,WBMD,STK,SMART/ARCA,,,,,,|BOT|04/14/2014|3|+NRB|+NRB|+NRB
DES,EW,STK,SMART/ARCA,,,,,,|BOT|04/14/2014|3|+NRB|+NRB|+NRB
DES,C,STK,SMART/ARCA,,,,,,|BOT|04/14/2014|3|+NRB|+NRB|+NRB
DES,MDT,STK,SMART/ARCA,,,,,,|SLD|04/14/2014|3|+NRB|+NRB|+NRB
DES,XLNX,STK,SMART/ARCA,,,,,,|SLD|04/14/2014|3|+NRB|+NRB|+NRB
DES,KO,STK,SMART/ARCA,,,,,,|BOT|04/15/2014|3|+NRB|+NRB|+NRB
DES,SCHW,STK,SMART/ARCA,,,,,,|BOT|04/15/2014|3|+NRB|+NRB|+NRB
DES,JNJ,STK,SMART/ARCA,,,,,,|BOT|04/15/2014|3|+NRB|+NRB|+NRB
DES,SODA,STK,SMART/ARCA,,,,,,|BOT|04/16/2014|3|+NRB|+NRB|+NRB
DES,YHOO,STK,SMART/ARCA,,,,,,|BOT|04/16/2014|3|+NRB|+NRB|+NRB
DES,LLTC,STK,SMART/ARCA,,,,,,|SLD|04/16/2014|3|+NRB|+NRB|+NRB
DES,CSX,STK,SMART/ARCA,,,,,,|SLD|04/16/2014|3|+NRB|+NRB|+NRB
DES,GE,STK,SMART/ARCA,,,,,,|BOT|04/17/2014|3|+NRB|+NRB|+NRB
DES,GS,STK,SMART/ARCA,,,,,,|BOT|04/17/2014|3|+NRB|+NRB|+NRB
DES,BHI,STK,SMART/ARCA,,,,,,|BOT|04/17/2014|3|+NRB|+NRB|+NRB
DES,SNDK,STK,SMART/ARCA,,,,,,|BOT|04/17/2014|3|+NRB|+NRB|+NRB
DES,NE,STK,SMART/ARCA,,,,,,|BOT|04/17/2014|3|+NRB|+NRB|+NRB
DES,CMG,STK,SMART/ARCA,,,,,,|BOT|04/17/2014|3|+NRB|+NRB|+NRB
DES,IBM,STK,SMART/ARCA,,,,,,|SLD|04/17/2014|3|+NRB|+NRB|+NRB
DES,UNH,STK,SMART/ARCA,,,,,,|SLD|04/17/2014|3|+NRB|+NRB|+NRB
DES,MAT,STK,SMART/ARCA,,,,,,|SLD|04/17/2014|3|+NRB|+NRB|+NRB
DES,AMD,STK,SMART/ARCA,,,,,,|BOT|04/21/2014|3|+NRB|+NRB|+NRB
DES,SRPT,STK,SMART/ARCA,,,,,,|BOT|04/21/2014|3|+NRB|+NRB|+NRB
DES,ATHN,STK,SMART/ARCA,,,,,,|SLD|04/21/2014|3|+NRB|+NRB|+NRB
DES,NFLX,STK,SMART/ARCA,,,,,,|BOT|04/22/2014|3|+NRB|+NRB|+NRB
DES,RCII,STK,SMART/ARCA,,,,,,|BOT|04/22/2014|3|+NRB|+NRB|+NRB
DES,HOG,STK,SMART/ARCA,,,,,,|BOT|04/22/2014|3|+NRB|+NRB|+NRB
DES,AGN,STK,SMART/ARCA,,,,,,|BOT|04/22/2014|3|+NRB|+NRB|+NRB
DES,LXK,STK,SMART/ARCA,,,,,,|SLD|04/22/2014|3|+NRB|+NRB|+NRB
DES,MDSO,STK,SMART/ARCA,,,,,,|SLD|04/22/2014|3|+NRB|+NRB|+NRB
DES,RMBS,STK,SMART/ARCA,,,,,,|SLD|04/22/2014|3|+NRB|+NRB|+NRB
DES,DAL,STK,SMART/ARCA,,,,,,|BOT|04/23/2014|3|-NRB|-NRB|-NRB
DES,YUM,STK,SMART/ARCA,,,,,,|BOT|04/23/2014|3|-NRB|-NRB|-NRB
DES,ILMN,STK,SMART/ARCA,,,,,,|BOT|04/23/2014|3|-NRB|-NRB|-NRB
DES,BA,STK,SMART/ARCA,,,,,,|BOT|04/23/2014|3|-NRB|-NRB|-NRB
DES,DPS,STK,SMART/ARCA,,,,,,|BOT|04/23/2014|3|-NRB|-NRB|-NRB
DES,SVU,STK,SMART/ARCA,,,,,,|BOT|04/23/2014|3|-NRB|-NRB|-NRB
DES,SWKS,STK,SMART/ARCA,,,,,,|BOT|04/23/2014|3|-NRB|-NRB|-NRB
DES,EMC,STK,SMART/ARCA,,,,,,|SLD|04/23/2014|3|-NRB|-NRB|-NRB
DES,CREE,STK,SMART/ARCA,,,,,,|SLD|04/23/2014|3|-NRB|-NRB|-NRB
DES,VMW,STK,SMART/ARCA,,,,,,|SLD|04/23/2014|3|-NRB|-NRB|-NRB
DES,ISRG,STK,SMART/ARCA,,,,,,|SLD|04/23/2014|3|-NRB|-NRB|-NRB
DES,FB,STK,SMART/ARCA,,,,,,|BOT|04/24/2014|3|+NRB|-NRB|-NRB
DES,ZNGA,STK,SMART/ARCA,,,,,,|BOT|04/24/2014|3|+NRB|-NRB|-NRB
DES,DHI,STK,SMART/ARCA,,,,,,|BOT|04/24/2014|3|+NRB|-NRB|-NRB
DES,ANGI,STK,SMART/ARCA,,,,,,|BOT|04/24/2014|3|+NRB|-NRB|-NRB
DES,LRCX,STK,SMART/ARCA,,,,,,|BOT|04/24/2014|3|+NRB|-NRB|-NRB
DES,TXN,STK,SMART/ARCA,,,,,,|BOT|04/24/2014|3|+NRB|-NRB|-NRB
DES,AAPL,STK,SMART/ARCA,,,,,,|BOT|04/24/2014|3|+NRB|-NRB|-NRB
DES,ETFC,STK,SMART/ARCA,,,,,,|BOT|04/24/2014|3|+NRB|-NRB|-NRB
DES,PHM,STK,SMART/ARCA,,,,,,|BOT|04/24/2014|3|+NRB|-NRB|-NRB
DES,AET,STK,SMART/ARCA,,,,,,|BOT|04/24/2014|3|+NRB|-NRB|-NRB
DES,CTXS,STK,SMART/ARCA,,,,,,|BOT|04/24/2014|3|+NRB|-NRB|-NRB
DES,TQNT,STK,SMART/ARCA,,,,,,|BOT|04/24/2014|3|+NRB|-NRB|-NRB
DES,CAT,STK,SMART/ARCA,,,,,,|BOT|04/24/2014|3|+NRB|-NRB|-NRB
DES,HP,STK,SMART/ARCA,,,,,,|BOT|04/24/2014|3|+NRB|-NRB|-NRB
DES,XLNX,STK,SMART/ARCA,,,,,,|SLD|04/24/2014|3|+NRB|-NRB|-NRB
DES,QCOM,STK,SMART/ARCA,,,,,,|SLD|04/24/2014|3|+NRB|-NRB|-NRB
DES,IM,STK,SMART/ARCA,,,,,,|SLD|04/24/2014|3|+NRB|-NRB|-NRB
DES,SYNA,STK,SMART/ARCA,,,,,,|BOT|04/25/2014|3|-NRB|-NRB|-NRB
DES,BIDU,STK,SMART/ARCA,,,,,,|BOT|04/25/2014|3|-NRB|-NRB|-NRB
DES,DECK,STK,SMART/ARCA,,,,,,|BOT|04/25/2014|3|-NRB|-NRB|-NRB
DES,ALTR,STK,SMART/ARCA,,,,,,|BOT|04/25/2014|3|-NRB|-NRB|-NRB
DES,CRUS,STK,SMART/ARCA,,,,,,|BOT|04/25/2014|3|-NRB|-NRB|-NRB
DES,WFT,STK,SMART/ARCA,,,,,,|BOT|04/25/2014|3|-NRB|-NRB|-NRB
DES,TYC,STK,SMART/ARCA,,,,,,|SLD|04/25/2014|3|-NRB|-NRB|-NRB
DES,KLAC,STK,SMART/ARCA,,,,,,|SLD|04/25/2014|3|-NRB|-NRB|-NRB
DES,BRCM,STK,SMART/ARCA,,,,,,|SLD|04/25/2014|3|-NRB|-NRB|-NRB
DES,AMZN,STK,SMART/ARCA,,,,,,|SLD|04/25/2014|3|-NRB|-NRB|-NRB
DES,EW,STK,SMART/ARCA,,,,,,|SLD|04/25/2014|3|-NRB|-NRB|-NRB
DES,P,STK,SMART/ARCA,,,,,,|SLD|04/25/2014|3|-NRB|-NRB|-NRB
DES,COV,STK,SMART/ARCA,,,,,,|SLD|04/25/2014|3|-NRB|-NRB|-NRB
DES,V,STK,SMART/ARCA,,,,,,|SLD|04/25/2014|3|-NRB|-NRB|-NRB
DES,CVLT,STK,SMART/ARCA,,,,,,|SLD|04/25/2014|3|-NRB|-NRB|-NRB
DES,GLW,STK,SMART/ARCA,,,,,,|BOT|04/28/2014|3|+NRB|+NRB|-NRB
DES,BWP,STK,SMART/ARCA,,,,,,|BOT|04/28/2014|3|+NRB|+NRB|-NRB
DES,SOHU,STK,SMART/ARCA,,,,,,|SLD|04/28/2014|3|+NRB|+NRB|-NRB
DES,BAC,STK,SMART/ARCA,,,,,,|SLD|04/28/2014|3|+NRB|+NRB|-NRB
DES,CMI,STK,SMART/ARCA,,,,,USD,|BOT|04/29/2014|3|+NRB|+NRB|+NRB
DES,CNX,STK,SMART/ARCA,,,,,USD,|BOT|04/29/2014|3|+NRB|+NRB|+NRB
DES,BWLD,STK,SMART/ARCA,,,,,USD,|BOT|04/29/2014|3|+NRB|+NRB|+NRB
DES,MGM,STK,SMART/ARCA,,,,,USD,|BOT|04/29/2014|3|+NRB|+NRB|+NRB
DES,SU,STK,SMART/ARCA,,,,,USD,|BOT|04/29/2014|3|+NRB|+NRB|+NRB
DES,COH,STK,SMART/ARCA,,,,,USD,|SLD|04/29/2014|3|+NRB|+NRB|+NRB
DES,GOGO,STK,SMART/ARCA,,,,,USD,|SLD|04/29/2014|3|+NRB|+NRB|+NRB
DES,CHKP,STK,SMART/ARCA,,,,,USD,|SLD|04/29/2014|3|+NRB|+NRB|+NRB
DES,TCS,STK,SMART/ARCA,,,,,USD,|SLD|04/29/2014|3|+NRB|+NRB|+NRB
DES,GT,STK,SMART/ARCA,,,,,USD,|SLD|04/29/2014|3|+NRB|+NRB|+NRB
DES,CIT,STK,SMART/ARCA,,,,,USD,|SLD|04/29/2014|3|+NRB|+NRB|+NRB
DES,RFMD,STK,SMART/ARCA,,,,,USD,|BOT|04/30/2014|3|-NRB|-NRB|+NRB
DES,GRMN,STK,SMART/ARCA,,,,,USD,|BOT|04/30/2014|3|-NRB|-NRB|+NRB
DES,GPRE,STK,SMART/ARCA,,,,,USD,|BOT|04/30/2014|3|-NRB|-NRB|+NRB
DES,TRN,STK,SMART/ARCA,,,,,USD,|BOT|04/30/2014|3|-NRB|-NRB|+NRB
DES,LVLT,STK,SMART/ARCA,,,,,USD,|BOT|04/30/2014|3|-NRB|-NRB|+NRB
DES,CHRW,STK,SMART/ARCA,,,,,USD,|BOT|04/30/2014|3|-NRB|-NRB|+NRB
DES,FISV,STK,SMART/ARCA,,,,,USD,|BOT|04/30/2014|3|-NRB|-NRB|+NRB
DES,WLP,STK,SMART/ARCA,,,,,USD,|BOT|04/30/2014|3|-NRB|-NRB|+NRB
DES,HSP,STK,SMART/ARCA,,,,,USD,|BOT|04/30/2014|3|-NRB|-NRB|+NRB
DES,ENR,STK,SMART/ARCA,,,,,USD,|BOT|04/30/2014|3|-NRB|-NRB|+NRB
DES,TWTR,STK,SMART/ARCA,,,,,USD,|SLD|04/30/2014|3|-NRB|-NRB|+NRB
DES,ESRX,STK,SMART/ARCA,,,,,USD,|SLD|04/30/2014|3|-NRB|-NRB|+NRB
DES,EIX,STK,SMART/ARCA,,,,,USD,|SLD|04/30/2014|3|-NRB|-NRB|+NRB
DES,EBAY,STK,SMART/ARCA,,,,,USD,|SLD|04/30/2014|3|-NRB|-NRB|+NRB
DES,NCR,STK,SMART/ARCA,,,,,USD,|SLD|04/30/2014|3|-NRB|-NRB|+NRB
DES,AFL,STK,SMART/ARCA,,,,,USD,|SLD|04/30/2014|3|-NRB|-NRB|+NRB
DES,LL,STK,SMART/ARCA,,,,,USD,|SLD|04/30/2014|3|-NRB|-NRB|+NRB
DES,CTRX,STK,SMART/ARCA,,,,,USD,|BOT|05/01/2014|3|-NRB|-NRB|-NRB
DES,WTW,STK,SMART/ARCA,,,,,USD,|BOT|05/01/2014|3|-NRB|-NRB|-NRB
DES,YELP,STK,SMART/ARCA,,,,,USD,|BOT|05/01/2014|3|-NRB|-NRB|-NRB
DES,TMUS,STK,SMART/ARCA,,,,,USD,|BOT|05/01/2014|3|-NRB|-NRB|-NRB
DES,ENDP,STK,SMART/ARCA,,,,,USD,|BOT|05/01/2014|3|-NRB|-NRB|-NRB
DES,UPL,STK,SMART/ARCA,,,,,USD,|BOT|05/01/2014|3|-NRB|-NRB|-NRB
DES,FLEX,STK,SMART/ARCA,,,,,USD,|BOT|05/01/2014|3|-NRB|-NRB|-NRB
DES,HOLX,STK,SMART/ARCA,,,,,USD,|BOT|05/01/2014|3|-NRB|-NRB|-NRB
DES,MACK,STK,SMART/ARCA,,,,,USD,|BOT|05/01/2014|3|-NRB|-NRB|-NRB
DES,WDC,STK,SMART/ARCA,,,,,USD,|SLD|05/01/2014|3|-NRB|-NRB|-NRB
DES,OCN,STK,SMART/ARCA,,,,,USD,|SLD|05/01/2014|3|-NRB|-NRB|-NRB
DES,MSI,STK,SMART/ARCA,,,,,USD,|SLD|05/01/2014|3|-NRB|-NRB|-NRB
DES,MUR,STK,SMART/ARCA,,,,,USD,|SLD|05/01/2014|3|-NRB|-NRB|-NRB
DES,JDSU,STK,SMART/ARCA,,,,,USD,|SLD|05/01/2014|3|-NRB|-NRB|-NRB
DES,AVP,STK,SMART/ARCA,,,,,USD,|SLD|05/01/2014|3|-NRB|-NRB|-NRB
DES,EXXI,STK,SMART/ARCA,,,,,USD,|SLD|05/01/2014|3|-NRB|-NRB|-NRB
DES,TXT,STK,SMART/ARCA,,,,,USD,|SLD|05/01/2014|3|-NRB|-NRB|-NRB
DES,SQNM,STK,SMART/ARCA,,,,,USD,|BOT|05/02/2014|3|+NRB|+NRB|+NRB
DES,AKAM,STK,SMART/ARCA,,,,,USD,|BOT|05/02/2014|3|+NRB|+NRB|+NRB
DES,DXCM,STK,SMART/ARCA,,,,,USD,|BOT|05/02/2014|3|+NRB|+NRB|+NRB
DES,WYNN,STK,SMART/ARCA,,,,,USD,|BOT|05/02/2014|3|+NRB|+NRB|+NRB
DES,SPR,STK,SMART/ARCA,,,,,USD,|BOT|05/02/2014|3|+NRB|+NRB|+NRB
DES,EL,STK,SMART/ARCA,,,,,USD,|BOT|05/02/2014|3|+NRB|+NRB|+NRB
DES,ONNN,STK,SMART/ARCA,,,,,USD,|SLD|05/02/2014|3|+NRB|+NRB|+NRB
DES,KOG,STK,SMART/ARCA,,,,,USD,|SLD|05/02/2014|3|+NRB|+NRB|+NRB
DES,MTW,STK,SMART/ARCA,,,,,USD,|SLD|05/02/2014|3|+NRB|+NRB|+NRB
DES,INVN,STK,SMART/ARCA,,,,,USD,|SLD|05/02/2014|3|+NRB|+NRB|+NRB
DES,FLR,STK,SMART/ARCA,,,,,USD,|SLD|05/02/2014|3|+NRB|+NRB|+NRB
DES,BEAV,STK,SMART/ARCA,,,,,USD,|BOT|05/05/2014|3|-NRB|+NRB|+NRB
DES,OWW,STK,SMART/ARCA,,,,,USD,|BOT|05/05/2014|3|-NRB|+NRB|+NRB
DES,RLGY,STK,SMART/ARCA,,,,,USD,|SLD|05/05/2014|3|-NRB|+NRB|+NRB
DES,JPM,STK,SMART/ARCA,,,,,USD,|SLD|05/05/2014|3|-NRB|+NRB|+NRB
DES,WCG,STK,SMART/ARCA,,,,,USD,|BOT|05/06/2014|3|-NRB|-NRB|-NRB
DES,ODP,STK,SMART/ARCA,,,,,USD,|BOT|05/06/2014|3|-NRB|-NRB|-NRB
DES,APC,STK,SMART/ARCA,,,,,USD,|BOT|05/06/2014|3|-NRB|-NRB|-NRB
DES,DATA,STK,SMART/ARCA,,,,,USD,|BOT|05/06/2014|3|-NRB|-NRB|-NRB
DES,GDP,STK,SMART/ARCA,,,,,USD,|SLD|05/06/2014|3|-NRB|-NRB|-NRB
DES,HFC,STK,SMART/ARCA,,,,,USD,|SLD|05/06/2014|3|-NRB|-NRB|-NRB
DES,ATHN,STK,SMART/ARCA,,,,,USD,|SLD|05/06/2014|3|-NRB|-NRB|-NRB
DES,TWTR,STK,SMART/ARCA,,,,,USD,|SLD|05/06/2014|3|-NRB|-NRB|-NRB
DES,AIG,STK,SMART/ARCA,,,,,USD,|SLD|05/06/2014|3|-NRB|-NRB|-NRB
DES,NUS,STK,SMART/ARCA,,,,,USD,|SLD|05/06/2014|3|-NRB|-NRB|-NRB
DES,MDLZ,STK,SMART/ARCA,,,,,USD,|BOT|05/07/2014|3|+NRB|+NRB|+NRB
DES,CZR,STK,SMART/ARCA,,,,,USD,|BOT|05/07/2014|3|+NRB|+NRB|+NRB
DES,ATVI,STK,SMART/ARCA,,,,,USD,|BOT|05/07/2014|3|+NRB|+NRB|+NRB
DES,CHK,STK,SMART/ARCA,,,,,USD,|BOT|05/07/2014|3|+NRB|+NRB|+NRB
DES,ARRS,STK,SMART/ARCA,,,,,USD,|BOT|05/07/2014|3|+NRB|+NRB|+NRB
DES,PXD,STK,SMART/ARCA,,,,,USD,|BOT|05/07/2014|3|+NRB|+NRB|+NRB
DES,XEC,STK,SMART/ARCA,,,,,USD,|BOT|05/07/2014|3|+NRB|+NRB|+NRB
DES,EA,STK,SMART/ARCA,,,,,USD,|BOT|05/07/2014|3|+NRB|+NRB|+NRB
DES,CTSH,STK,SMART/ARCA,,,,,USD,|SLD|05/07/2014|3|+NRB|+NRB|+NRB
DES,AOL,STK,SMART/ARCA,,,,,USD,|SLD|05/07/2014|3|+NRB|+NRB|+NRB
DES,PRGO,STK,SMART/ARCA,,,,,USD,|SLD|05/07/2014|3|+NRB|+NRB|+NRB
DES,AEGR,STK,SMART/ARCA,,,,,USD,|SLD|05/07/2014|3|+NRB|+NRB|+NRB
DES,GNC,STK,SMART/ARCA,,,,,USD,|SLD|05/07/2014|3|+NRB|+NRB|+NRB
DES,SFUN,STK,SMART/ARCA,,,,,USD,|SLD|05/07/2014|3|+NRB|+NRB|+NRB
DES,TRMB,STK,SMART/ARCA,,,,,USD,|SLD|05/07/2014|3|+NRB|+NRB|+NRB
DES,GWPH,STK,SMART/ARCA,,,,,USD,|SLD|05/07/2014|3|+NRB|+NRB|+NRB
DES,FEYE,STK,SMART/ARCA,,,,,USD,|SLD|05/07/2014|3|+NRB|+NRB|+NRB
DES,WFM,STK,SMART/ARCA,,,,,USD,|SLD|05/07/2014|3|+NRB|+NRB|+NRB
DES,GRPN,STK,SMART/ARCA,,,,,USD,|SLD|05/07/2014|3|+NRB|+NRB|+NRB
DES,ZU,STK,SMART/ARCA,,,,,USD,|SLD|05/07/2014|3|+NRB|+NRB|+NRB
DES,GMCR,STK,SMART/ARCA,,,,,USD,|BOT|05/08/2014|3|-NRB|-NRB|-NRB
DES,RIG,STK,SMART/ARCA,,,,,USD,|BOT|05/08/2014|3|-NRB|-NRB|-NRB
DES,FOXA,STK,SMART/ARCA,,,,,USD,|BOT|05/08/2014|3|-NRB|-NRB|-NRB
DES,CAR,STK,SMART/ARCA,,,,,USD,|BOT|05/08/2014|3|-NRB|-NRB|-NRB
DES,WEN,STK,SMART/ARCA,,,,,USD,|BOT|05/08/2014|3|-NRB|-NRB|-NRB
DES,SCTY,STK,SMART/ARCA,,,,,USD,|BOT|05/08/2014|3|-NRB|-NRB|-NRB
DES,JASO,STK,SMART/ARCA,,,,,USD,|BOT|05/08/2014|3|-NRB|-NRB|-NRB
DES,CHTP,STK,SMART/ARCA,,,,,USD,|BOT|05/08/2014|3|-NRB|-NRB|-NRB
DES,TSLA,STK,SMART/ARCA,,,,,USD,|SLD|05/08/2014|3|-NRB|-NRB|-NRB
DES,NLY,STK,SMART/ARCA,,,,,USD,|SLD|05/08/2014|3|-NRB|-NRB|-NRB
DES,WIN,STK,SMART/ARCA,,,,,USD,|SLD|05/08/2014|3|-NRB|-NRB|-NRB
DES,CLR,STK,SMART/ARCA,,,,,USD,|SLD|05/08/2014|3|-NRB|-NRB|-NRB
DES,GPOR,STK,SMART/ARCA,,,,,USD,|SLD|05/08/2014|3|-NRB|-NRB|-NRB
DES,MPEL,STK,SMART/ARCA,,,,,USD,|SLD|05/08/2014|3|-NRB|-NRB|-NRB
DES,KERX,STK,SMART/ARCA,,,,,USD,|SLD|05/08/2014|3|-NRB|-NRB|-NRB
DES,MCP,STK,SMART/ARCA,,,,,USD,|SLD|05/08/2014|3|-NRB|-NRB|-NRB
DES,PCLN,STK,SMART/ARCA,,,,,USD,|SLD|05/08/2014|3|-NRB|-NRB|-NRB
DES,NPSP,STK,SMART/ARCA,,,,,USD,|SLD|05/08/2014|3|-NRB|-NRB|-NRB
DES,HIMX,STK,SMART/ARCA,,,,,USD,|SLD|05/08/2014|3|-NRB|-NRB|-NRB
DES,SUNE,STK,SMART/ARCA,,,,,USD,|SLD|05/08/2014|3|-NRB|-NRB|-NRB
DES,HLT,STK,SMART/ARCA,,,,,USD,|BOT|05/09/2014|3|-NRB|-NRB|-NRB
DES,GPS,STK,SMART/ARCA,,,,,USD,|BOT|05/09/2014|3|-NRB|-NRB|-NRB
DES,MDRX,STK,SMART/ARCA,,,,,USD,|BOT|05/09/2014|3|-NRB|-NRB|-NRB
DES,MDVN,STK,SMART/ARCA,,,,,USD,|BOT|05/09/2014|3|-NRB|-NRB|-NRB
DES,MELI,STK,SMART/ARCA,,,,,USD,|BOT|05/09/2014|3|-NRB|-NRB|-NRB
DES,CLNE,STK,SMART/ARCA,,,,,USD,|BOT|05/09/2014|3|-NRB|-NRB|-NRB
DES,UBNT,STK,SMART/ARCA,,,,,USD,|SLD|05/09/2014|3|-NRB|-NRB|-NRB
DES,JAZZ,STK,SMART/ARCA,,,,,USD,|SLD|05/09/2014|3|-NRB|-NRB|-NRB
DES,MNST,STK,SMART/ARCA,,,,,USD,|SLD|05/09/2014|3|-NRB|-NRB|-NRB
DES,RL,STK,SMART/ARCA,,,,,USD,|SLD|05/09/2014|3|-NRB|-NRB|-NRB
DES,SSYS,STK,SMART/ARCA,,,,,USD,|SLD|05/09/2014|3|-NRB|-NRB|-NRB
DES,NVDA,STK,SMART/ARCA,,,,,USD,|SLD|05/09/2014|3|-NRB|-NRB|-NRB
DES,SGMS,STK,SMART/ARCA,,,,,USD,|SLD|05/09/2014|3|-NRB|-NRB|-NRB
DES,FUEL,STK,SMART/ARCA,,,,,USD,|SLD|05/09/2014|3|-NRB|-NRB|-NRB
DES,GOGO,STK,SMART/ARCA,,,,,USD,|BOT|05/12/2014|3|+NRB|+NRB|+NRB
DES,HALO,STK,SMART/ARCA,,,,,USD,|BOT|05/13/2014|3|+NRB|+NRB|+NRB
DES,RAX,STK,SMART/ARCA,,,,,USD,|BOT|05/13/2014|3|+NRB|+NRB|+NRB
DES,MBI,STK,SMART/ARCA,,,,,USD,|BOT|05/13/2014|3|+NRB|+NRB|+NRB
DES,ECA,STK,SMART/ARCA,,,,,USD,|BOT|05/13/2014|3|+NRB|+NRB|+NRB
DES,MCK,STK,SMART/ARCA,,,,,USD,|BOT|05/13/2014|3|+NRB|+NRB|+NRB
DES,GMCR,STK,SMART/ARCA,,,,,USD,|BOT|05/13/2014|3|+NRB|+NRB|+NRB
DES,ARNA,STK,SMART/ARCA,,,,,USD,|SLD|05/13/2014|3|+NRB|+NRB|+NRB
DES,CALL,STK,SMART/ARCA,,,,,USD,|SLD|05/13/2014|3|+NRB|+NRB|+NRB
DES,INSY,STK,SMART/ARCA,,,,,USD,|SLD|05/13/2014|3|+NRB|+NRB|+NRB
DES,ISIS,STK,SMART/ARCA,,,,,USD,|BOT|05/14/2014|3|-NRB|+NRB|-NRB
DES,FOSL,STK,SMART/ARCA,,,,,USD,|SLD|05/14/2014|3|-NRB|+NRB|-NRB
DES,GLOG,STK,SMART/ARCA,,,,,USD,|SLD|05/14/2014|3|-NRB|+NRB|-NRB
DES,TTWO,STK,SMART/ARCA,,,,,USD,|SLD|05/14/2014|3|-NRB|+NRB|-NRB
DES,SODA,STK,SMART/ARCA,,,,,USD,|SLD|05/14/2014|3|-NRB|+NRB|-NRB
DES,CSCO,STK,SMART/ARCA,,,,,USD,|BOT|05/15/2014|3|-NRB|-NRB|-NRB
DES,CA,STK,SMART/ARCA,,,,,USD,|BOT|05/15/2014|3|-NRB|-NRB|-NRB
DES,VIPS,STK,SMART/ARCA,,,,,USD,|BOT|05/15/2014|3|-NRB|-NRB|-NRB
DES,WMT,STK,SMART/ARCA,,,,,USD,|SLD|05/15/2014|3|-NRB|-NRB|-NRB
DES,KSS,STK,SMART/ARCA,,,,,USD,|SLD|05/15/2014|3|-NRB|-NRB|-NRB
DES,EXP,STK,SMART/ARCA,,,,,USD,|SLD|05/15/2014|3|-NRB|-NRB|-NRB
DES,WX,STK,SMART/ARCA,,,,,USD,|SLD|05/15/2014|3|-NRB|-NRB|-NRB
DES,BMY,STK,SMART/ARCA,,,,,USD,|SLD|05/15/2014|3|-NRB|-NRB|-NRB
DES,XONE,STK,SMART/ARCA,,,,,USD,|SLD|05/15/2014|3|-NRB|-NRB|-NRB
DES,DANG,STK,SMART/ARCA,,,,,USD,|SLD|05/15/2014|3|-NRB|-NRB|-NRB
DES,JCP,STK,SMART/ARCA,,,,,USD,|BOT|05/16/2014|3|+NRB|+NRB|+NRB
DES,JWN,STK,SMART/ARCA,,,,,USD,|BOT|05/16/2014|3|+NRB|+NRB|+NRB
DES,ADSK,STK,SMART/ARCA,,,,,USD,|BOT|05/16/2014|3|+NRB|+NRB|+NRB
DES,AMAT,STK,SMART/ARCA,,,,,USD,|BOT|05/16/2014|3|+NRB|+NRB|+NRB
DES,RAX,STK,SMART/ARCA,,,,,USD,|BOT|05/16/2014|3|+NRB|+NRB|+NRB
DES,CSIQ,STK,SMART/ARCA,,,,,USD,|SLD|05/16/2014|3|+NRB|+NRB|+NRB
DES,CHK,STK,SMART/ARCA,,,,,USD,|SLD|05/16/2014|3|+NRB|+NRB|+NRB
DES,VJET,STK,SMART/ARCA,,,,,USD,|SLD|05/16/2014|3|+NRB|+NRB|+NRB
DES,WWE,STK,SMART/ARCA,,,,,USD,|SLD|05/16/2014|3|+NRB|+NRB|+NRB
DES,GOGO,STK,SMART/ARCA,,,,,USD,|BOT|05/19/2014|3|-NRB|+NRB|+NRB
DES,CPB,STK,SMART/ARCA,,,,,USD,|SLD|05/19/2014|3|-NRB|+NRB|+NRB
DES,EJ,STK,SMART/ARCA,,,,,USD,|BOT|05/20/2014|3|-NRB|+NRB|-NRB
DES,TJX,STK,SMART/ARCA,,,,,USD,|SLD|05/20/2014|3|-NRB|+NRB|-NRB
DES,SPLS,STK,SMART/ARCA,,,,,USD,|SLD|05/20/2014|3|-NRB|+NRB|-NRB
DES,DKS,STK,SMART/ARCA,,,,,USD,|SLD|05/20/2014|3|-NRB|+NRB|-NRB
DES,URBN,STK,SMART/ARCA,,,,,USD,|SLD|05/20/2014|3|-NRB|+NRB|-NRB
DES,TIF,STK,SMART/ARCA,,,,,USD,|BOT|05/21/2014|3|+NRB|+NRB|+NRB
DES,TSL,STK,SMART/ARCA,,,,,USD,|BOT|05/21/2014|3|+NRB|+NRB|+NRB
DES,INTU,STK,SMART/ARCA,,,,,USD,|SLD|05/21/2014|3|+NRB|+NRB|+NRB
DES,PETM,STK,SMART/ARCA,,,,,USD,|SLD|05/21/2014|3|+NRB|+NRB|+NRB
DES,AEO,STK,SMART/ARCA,,,,,USD,|SLD|05/21/2014|3|+NRB|+NRB|+NRB
DES,DLTR,STK,SMART/ARCA,,,,,USD,|BOT|05/22/2014|3|+NRB|+NRB|+NRB
DES,EGHT,STK,SMART/ARCA,,,,,USD,|BOT|05/22/2014|3|+NRB|+NRB|+NRB
DES,PLCE,STK,SMART/ARCA,,,,,USD,|BOT|05/22/2014|3|+NRB|+NRB|+NRB
DES,WSM,STK,SMART/ARCA,,,,,USD,|BOT|05/22/2014|3|+NRB|+NRB|+NRB
DES,BBY,STK,SMART/ARCA,,,,,USD,|BOT|05/22/2014|3|+NRB|+NRB|+NRB
DES,SINA,STK,SMART/ARCA,,,,,USD,|SLD|05/22/2014|3|+NRB|+NRB|+NRB
DES,LO,STK,SMART/ARCA,,,,,USD,|SLD|05/22/2014|3|+NRB|+NRB|+NRB
DES,TFM,STK,SMART/ARCA,,,,,USD,|BOT|05/23/2014|3|+NRB|+NRB|+NRB
DES,GME,STK,SMART/ARCA,,,,,USD,|BOT|05/23/2014|3|+NRB|+NRB|+NRB
DES,TIVO,STK,SMART/ARCA,,,,,USD,|BOT|05/23/2014|3|+NRB|+NRB|+NRB
DES,FL,STK,SMART/ARCA,,,,,USD,|BOT|05/23/2014|3|+NRB|+NRB|+NRB
DES,ARUN,STK,SMART/ARCA,,,,,USD,|SLD|05/23/2014|3|+NRB|+NRB|+NRB
DES,YOKU,STK,SMART/ARCA,,,,,USD,|SLD|05/23/2014|3|+NRB|+NRB|+NRB
DES,ARO,STK,SMART/ARCA,,,,,USD,|SLD|05/23/2014|3|+NRB|+NRB|+NRB
DES,ARO,STK,SMART/ARCA,,,,,USD,|BOT|05/27/2014|3|+NRB|+NRB|+NRB
DES,HSH,STK,SMART/ARCA,,,,,USD,|BOT|05/27/2014|3|+NRB|+NRB|+NRB
DES,PF,STK,SMART/ARCA,,,,,USD,|SLD|05/27/2014|3|+NRB|+NRB|+NRB
DES,JKS,STK,SMART/ARCA,,,,,USD,|SLD|05/27/2014|3|+NRB|+NRB|+NRB
DES,WDAY,STK,SMART/ARCA,,,,,USD,|BOT|05/28/2014|3|+NRB|+NRB|-NRB
DES,TOL,STK,SMART/ARCA,,,,,USD,|BOT|05/28/2014|3|+NRB|+NRB|-NRB
DES,ARRY,STK,SMART/ARCA,,,,,USD,|BOT|05/28/2014|3|+NRB|+NRB|-NRB
DES,SPEX,STK,SMART/ARCA,,,,,USD,|BOT|05/28/2014|3|+NRB|+NRB|-NRB
DES,SYK,STK,SMART/ARCA,,,,,USD,|BOT|05/28/2014|3|+NRB|+NRB|-NRB
DES,BEE,STK,SMART/ARCA,,,,,USD,|SLD|05/28/2014|3|+NRB|+NRB|-NRB
DES,DSW,STK,SMART/ARCA,,,,,USD,|SLD|05/28/2014|3|+NRB|+NRB|-NRB
DES,QSII,STK,SMART/ARCA,,,,,USD,|BOT|05/29/2014|3|+NRB|+NRB|+NRB
DES,BBRY,STK,SMART/ARCA,,,,,USD,|BOT|05/29/2014|3|+NRB|+NRB|+NRB
DES,ANF,STK,SMART/ARCA,,,,,USD,|BOT|05/29/2014|3|+NRB|+NRB|+NRB
DES,PANW,STK,SMART/ARCA,,,,,USD,|BOT|05/29/2014|3|+NRB|+NRB|+NRB
DES,HSH,STK,SMART/ARCA,,,,,USD,|BOT|05/29/2014|3|+NRB|+NRB|+NRB
DES,SOL,STK,SMART/ARCA,,,,,USD,|SLD|05/29/2014|3|+NRB|+NRB|+NRB
DES,BIG,STK,SMART/ARCA,,,,,USD,|BOT|05/30/2014|3|-NRB|+NRB|+NRB
DES,VEEV,STK,SMART/ARCA,,,,,USD,|BOT|05/30/2014|3|-NRB|+NRB|+NRB
DES,OVTI,STK,SMART/ARCA,,,,,USD,|BOT|05/30/2014|3|-NRB|+NRB|+NRB
DES,GES,STK,SMART/ARCA,,,,,USD,|SLD|05/30/2014|3|-NRB|+NRB|+NRB
DES,SPLK,STK,SMART/ARCA,,,,,USD,|SLD|05/30/2014|3|-NRB|+NRB|+NRB
DES,LGF,STK,SMART/ARCA,,,,,USD,|SLD|05/30/2014|3|-NRB|+NRB|+NRB
DES,EXPR,STK,SMART/ARCA,,,,,USD,|SLD|05/30/2014|3|-NRB|+NRB|+NRB
DES,BLOX,STK,SMART/ARCA,,,,,USD,|SLD|05/30/2014|3|-NRB|+NRB|+NRB
DES,CONN,STK,SMART/ARCA,,,,,USD,|BOT|06/02/2014|3|+NRB|+NRB|+NRB
DES,ARIA,STK,SMART/ARCA,,,,,USD,|BOT|06/02/2014|3|+NRB|+NRB|+NRB
DES,BRCM,STK,SMART/ARCA,,,,,USD,|BOT|06/02/2014|3|+NRB|+NRB|+NRB
DES,MTZ,STK,SMART/ARCA,,,,,USD,|SLD|06/02/2014|3|+NRB|+NRB|+NRB
DES,Z,STK,SMART/ARCA,,,,,USD,|SLD|06/02/2014|3|+NRB|+NRB|+NRB
DES,SWKS,STK,SMART/ARCA,,,,,USD,|BOT|06/03/2014|3|-NRB|+NRB|+NRB
DES,HSH,STK,SMART/ARCA,,,,,USD,|BOT|06/03/2014|3|-NRB|+NRB|+NRB
DES,KKD,STK,SMART/ARCA,,,,,USD,|SLD|06/03/2014|3|-NRB|+NRB|+NRB
DES,ZQK,STK,SMART/ARCA,,,,,USD,|SLD|06/03/2014|3|-NRB|+NRB|+NRB
DES,NQ,STK,SMART/ARCA,,,,,USD,|BOT|06/04/2014|3|-NRB|+NRB|+NRB
DES,VNDA,STK,SMART/ARCA,,,,,USD,|BOT|06/04/2014|3|-NRB|+NRB|+NRB
DES,TIBX,STK,SMART/ARCA,,,,,USD,|SLD|06/04/2014|3|-NRB|+NRB|+NRB
DES,ASNA,STK,SMART/ARCA,,,,,USD,|SLD|06/04/2014|3|-NRB|+NRB|+NRB
DES,JKS,STK,SMART/ARCA,,,,,USD,|SLD|06/04/2014|3|-NRB|+NRB|+NRB
DES,TSL,STK,SMART/ARCA,,,,,USD,|SLD|06/04/2014|3|-NRB|+NRB|+NRB
DES,P,STK,SMART/ARCA,,,,,USD,|SLD|06/04/2014|3|-NRB|+NRB|+NRB
DES,CIEN,STK,SMART/ARCA,,,,,USD,|BOT|06/05/2014|3|+NRB|+NRB|+NRB
DES,JOY,STK,SMART/ARCA,,,,,USD,|BOT|06/05/2014|3|+NRB|+NRB|+NRB
DES,FIVE,STK,SMART/ARCA,,,,,USD,|BOT|06/05/2014|3|+NRB|+NRB|+NRB
DES,HALO,STK,SMART/ARCA,,,,,USD,|BOT|06/05/2014|3|+NRB|+NRB|+NRB
DES,RAD,STK,SMART/ARCA,,,,,USD,|SLD|06/05/2014|3|+NRB|+NRB|+NRB
DES,PVH,STK,SMART/ARCA,,,,,USD,|SLD|06/05/2014|3|+NRB|+NRB|+NRB
DES,MRVL,STK,SMART/ARCA,,,,,USD,|SLD|06/05/2014|3|+NRB|+NRB|+NRB
DES,ANGI,STK,SMART/ARCA,,,,,USD,|BOT|06/06/2014|3|+NRB|+NRB|+NRB
DES,HTZ,STK,SMART/ARCA,,,,,USD,|SLD|06/06/2014|3|+NRB|+NRB|+NRB
DES,IDIX,STK,SMART/ARCA,,,,,USD,|BOT|06/09/2014|3|-NRB|+NRB|+NRB
DES,FDO,STK,SMART/ARCA,,,,,USD,|BOT|06/09/2014|3|-NRB|+NRB|+NRB
DES,DG,STK,SMART/ARCA,,,,,USD,|BOT|06/09/2014|3|-NRB|+NRB|+NRB
DES,CHS,STK,SMART/ARCA,,,,,USD,|BOT|06/10/2014|3|-NRB|+NRB|+NRB
DES,CVA,STK,SMART/ARCA,,,,,USD,|BOT|06/10/2014|3|-NRB|+NRB|+NRB
DES,ACHN,STK,SMART/ARCA,,,,,USD,|BOT|06/10/2014|3|-NRB|+NRB|+NRB
DES,FRAN,STK,SMART/ARCA,,,,,USD,|SLD|06/10/2014|3|-NRB|+NRB|+NRB
DES,BEAV,STK,SMART/ARCA,,,,,USD,|SLD|06/10/2014|3|-NRB|+NRB|+NRB
DES,ULTA,STK,SMART/ARCA,,,,,USD,|BOT|06/11/2014|3|-NRB|+NRB|-NRB
DES,SYNA,STK,SMART/ARCA,,,,,USD,|BOT|06/11/2014|3|-NRB|+NRB|-NRB
DES,HRB,STK,SMART/ARCA,,,,,USD,|BOT|06/11/2014|3|-NRB|+NRB|-NRB
DES,OREX,STK,SMART/ARCA,,,,,USD,|SLD|06/11/2014|3|-NRB|+NRB|-NRB
DES,GERN,STK,SMART/ARCA,,,,,USD,|BOT|06/12/2014|3|-NRB|-NRB|-NRB
DES,RH,STK,SMART/ARCA,,,,,USD,|BOT|06/12/2014|3|-NRB|-NRB|-NRB
DES,LULU,STK,SMART/ARCA,,,,,USD,|SLD|06/12/2014|3|-NRB|-NRB|-NRB
DES,SWC,STK,SMART/ARCA,,,,,USD,|SLD|06/12/2014|3|-NRB|-NRB|-NRB
DES,YELP,STK,SMART/ARCA,,,,,USD,|BOT|06/13/2014|3|+NRB|+NRB|+NRB
DES,EXPR,STK,SMART/ARCA,,,,,USD,|BOT|06/13/2014|3|+NRB|+NRB|+NRB
DES,INTC,STK,SMART/ARCA,,,,,USD,|BOT|06/13/2014|3|+NRB|+NRB|+NRB
DES,FNSR,STK,SMART/ARCA,,,,,USD,|SLD|06/13/2014|3|+NRB|+NRB|+NRB
DES,WMB,STK,SMART/ARCA,,,,,USD,|BOT|06/16/2014|3|-NRB|+NRB|+NRB
DES,YHOO,STK,SMART/ARCA,,,,,USD,|SLD|06/16/2014|3|-NRB|+NRB|+NRB
DES,FDX,STK,SMART/ARCA,,,,,USD,|BOT|06/18/2014|3|-NRB|+NRB|+NRB
DES,APD,STK,SMART/ARCA,,,,,USD,|BOT|06/18/2014|3|-NRB|+NRB|+NRB
DES,ADBE,STK,SMART/ARCA,,,,,USD,|BOT|06/18/2014|3|-NRB|+NRB|+NRB
DES,LZB,STK,SMART/ARCA,,,,,USD,|SLD|06/18/2014|3|-NRB|+NRB|+NRB
DES,CAG,STK,SMART/ARCA,,,,,USD,|SLD|06/18/2014|3|-NRB|+NRB|+NRB
DES,GDP,STK,SMART/ARCA,,,,,USD,|SLD|06/18/2014|3|-NRB|+NRB|+NRB
DES,ATU,STK,SMART/ARCA,,,,,USD,|SLD|06/18/2014|3|-NRB|+NRB|+NRB
DES,KR,STK,SMART/ARCA,,,,,USD,|BOT|06/19/2014|3|+NRB|-NRB|+NRB
DES,RHT,STK,SMART/ARCA,,,,,USD,|BOT|06/19/2014|3|+NRB|-NRB|+NRB
DES,BBRY,STK,SMART/ARCA,,,,,USD,|BOT|06/19/2014|3|+NRB|-NRB|+NRB
DES,PIR,STK,SMART/ARCA,,,,,USD,|SLD|06/19/2014|3|+NRB|-NRB|+NRB
DES,KBR,STK,SMART/ARCA,,,,,USD,|SLD|06/19/2014|3|+NRB|-NRB|+NRB
DES,KMX,STK,SMART/ARCA,,,,,USD,|BOT|06/20/2014|3|-NRB|+NRB|+NRB
DES,ORCL,STK,SMART/ARCA,,,,,USD,|SLD|06/20/2014|3|-NRB|+NRB|+NRB
DES,SWHC,STK,SMART/ARCA,,,,,USD,|SLD|06/20/2014|3|-NRB|+NRB|+NRB
DES,DRI,STK,SMART/ARCA,,,,,USD,|SLD|06/20/2014|3|-NRB|+NRB|+NRB
DES,OC,STK,SMART/ARCA,,,,,USD,|SLD|06/20/2014|3|-NRB|+NRB|+NRB
DES,LULU,STK,SMART/ARCA,,,,,USD,|BOT|06/23/2014|3|+NRB|-NRB|-NRB
DES,VRTX,STK,SMART/ARCA,,,,,USD,|BOT|06/24/2014|3|-NRB|-NRB|-NRB
DES,CTRP,STK,SMART/ARCA,,,,,USD,|SLD|06/24/2014|3|-NRB|-NRB|-NRB
DES,MON,STK,SMART/ARCA,,,,,USD,|BOT|06/25/2014|3|-NRB|+NRB|+NRB
DES,BKS,STK,SMART/ARCA,,,,,USD,|BOT|06/25/2014|3|-NRB|+NRB|+NRB
DES,GIS,STK,SMART/ARCA,,,,,USD,|SLD|06/25/2014|3|-NRB|+NRB|+NRB
DES,VLO,STK,SMART/ARCA,,,,,USD,|SLD|06/25/2014|3|-NRB|+NRB|+NRB
DES,IRM,STK,SMART/ARCA,,,,,USD,|BOT|06/26/2014|3|+NRB|-NRB|-NRB
DES,AUXL,STK,SMART/ARCA,,,,,USD,|BOT|06/26/2014|3|+NRB|-NRB|-NRB
DES,AA,STK,SMART/ARCA,,,,,USD,|BOT|06/26/2014|3|+NRB|-NRB|-NRB
DES,NBR,STK,SMART/ARCA,,,,,USD,|BOT|06/26/2014|3|+NRB|-NRB|-NRB
DES,PM,STK,SMART/ARCA,,,,,USD,|SLD|06/26/2014|3|+NRB|-NRB|-NRB
DES,BBBY,STK,SMART/ARCA,,,,,USD,|SLD|06/26/2014|3|+NRB|-NRB|-NRB
DES,SCS,STK,SMART/ARCA,,,,,USD,|SLD|06/26/2014|3|+NRB|-NRB|-NRB
DES,MLHR,STK,SMART/ARCA,,,,,USD,|SLD|06/26/2014|3|+NRB|-NRB|-NRB
DES,KBH,STK,SMART/ARCA,,,,,USD,|BOT|06/27/2014|3|-NRB|-NRB|-NRB
DES,NKE,STK,SMART/ARCA,,,,,USD,|BOT|06/27/2014|3|-NRB|-NRB|-NRB
DES,MTW,STK,SMART/ARCA,,,,,USD,|BOT|06/27/2014|3|-NRB|-NRB|-NRB
DES,DD,STK,SMART/ARCA,,,,,USD,|SLD|06/27/2014|3|-NRB|-NRB|-NRB
DES,MNKD,STK,SMART/ARCA,,,,,USD,|BOT|06/30/2014|3|-NRB|+NRB|+NRB
DES,PPG,STK,SMART/ARCA,,,,,USD,|BOT|06/30/2014|3|-NRB|+NRB|+NRB
DES,NFLX,STK,SMART/ARCA,,,,,USD,|BOT|07/01/2014|3|+NRB|+NRB|+NRB
DES,GPRO,STK,SMART/ARCA,,,,,USD,|BOT|07/01/2014|3|+NRB|+NRB|+NRB
DES,SLXP,STK,SMART/ARCA,,,,,USD,|BOT|07/01/2014|3|+NRB|+NRB|+NRB
DES,PBI,STK,SMART/ARCA,,,,,USD,|SLD|07/01/2014|3|+NRB|+NRB|+NRB
DES,URBN,STK,SMART/ARCA,,,,,USD,|SLD|07/01/2014|3|+NRB|+NRB|+NRB
DES,GBX,STK,SMART/ARCA,,,,,USD,|BOT|07/02/2014|3|+NRB|-NRB|+NRB
DES,SFLY,STK,SMART/ARCA,,,,,USD,|BOT|07/02/2014|3|+NRB|-NRB|+NRB
DES,STZ,STK,SMART/ARCA,,,,,USD,|BOT|07/02/2014|3|+NRB|-NRB|+NRB
DES,CAMP,STK,SMART/ARCA,,,,,USD,|SLD|07/02/2014|3|+NRB|-NRB|+NRB
DES,PAYX,STK,SMART/ARCA,,,,,USD,|SLD|07/02/2014|3|+NRB|-NRB|+NRB
DES,PETM,STK,SMART/ARCA,,,,,USD,|BOT|07/03/2014|3|+NRB|+NRB|+NRB
DES,PCAR,STK,SMART/ARCA,,,,,USD,|BOT|07/03/2014|3|+NRB|+NRB|+NRB
DES,SDRL,STK,SMART/ARCA,,,,,USD,|SLD|07/08/2014|3|-NRB|+NRB|-NRB
DES,AA,STK,SMART/ARCA,,,,,USD,|BOT|07/09/2014|3|+NRB|+NRB|+NRB
DES,TCS,STK,SMART/ARCA,,,,,USD,|SLD|07/09/2014|3|+NRB|+NRB|+NRB
DES,FDO,STK,SMART/ARCA,,,,,USD,|SLD|07/10/2014|3|-NRB|+NRB|+NRB
DES,SRPT,STK,SMART/ARCA,,,,,USD,|SLD|07/10/2014|3|-NRB|+NRB|+NRB
DES,TWTR,STK,SMART/ARCA,,,,,USD,|SLD|07/10/2014|3|-NRB|+NRB|+NRB
DES,LL,STK,SMART/ARCA,,,,,USD,|SLD|07/10/2014|3|-NRB|+NRB|+NRB
DES,LO,STK,SMART/ARCA,,,,,USD,|BOT|07/11/2014|3|+NRB|+NRB|+NRB
DES,FAST,STK,SMART/ARCA,,,,,USD,|SLD|07/11/2014|3|+NRB|+NRB|+NRB
DES,GNW,STK,SMART/ARCA,,,,,USD,|SLD|07/11/2014|3|+NRB|+NRB|+NRB
DES,RDN,STK,SMART/ARCA,,,,,USD,|SLD|07/11/2014|3|+NRB|+NRB|+NRB
DES,C,STK,SMART/ARCA,,,,,USD,|BOT|07/14/2014|3|+NRB|+NRB|+NRB
DES,RVBD,STK,SMART/ARCA,,,,,USD,|SLD|07/14/2014|3|+NRB|+NRB|+NRB
DES,JPM,STK,SMART/ARCA,,,,,USD,|BOT|07/15/2014|3|+NRB|+NRB|-NRB
DES,GS,STK,SMART/ARCA,,,,,USD,|BOT|07/15/2014|3|+NRB|+NRB|-NRB
DES,LO,STK,SMART/ARCA,,,,,USD,|SLD|07/15/2014|3|+NRB|+NRB|-NRB
DES,KORS,STK,SMART/ARCA,,,,,USD,|SLD|07/15/2014|3|+NRB|+NRB|-NRB
DES,INTC,STK,SMART/ARCA,,,,,USD,|BOT|07/16/2014|3|+NRB|+NRB|-NRB
DES,TWX,STK,SMART/ARCA,,,,,USD,|BOT|07/16/2014|3|+NRB|+NRB|-NRB
DES,PNC,STK,SMART/ARCA,,,,,USD,|SLD|07/16/2014|3|+NRB|+NRB|-NRB
DES,YHOO,STK,SMART/ARCA,,,,,USD,|SLD|07/16/2014|3|+NRB|+NRB|-NRB
DES,SCSS,STK,SMART/ARCA,,,,,USD,|BOT|07/17/2014|3|-NRB|+NRB|-NRB
DES,MSFT,STK,SMART/ARCA,,,,,USD,|BOT|07/17/2014|3|-NRB|+NRB|-NRB
DES,SNDK,STK,SMART/ARCA,,,,,USD,|SLD|07/17/2014|3|-NRB|+NRB|-NRB
DES,DHR,STK,SMART/ARCA,,,,,USD,|SLD|07/17/2014|3|-NRB|+NRB|-NRB
DES,YUM,STK,SMART/ARCA,,,,,USD,|SLD|07/17/2014|3|-NRB|+NRB|-NRB
DES,AN,STK,SMART/ARCA,,,,,USD,|SLD|07/17/2014|3|-NRB|+NRB|-NRB
DES,LVS,STK,SMART/ARCA,,,,,USD,|SLD|07/17/2014|3|-NRB|+NRB|-NRB
DES,MAT,STK,SMART/ARCA,,,,,USD,|SLD|07/17/2014|3|-NRB|+NRB|-NRB
DES,GOOGL,STK,SMART/ARCA,,,,,USD,|BOT|07/18/2014|3|+NRB|+NRB|-NRB
DES,SWKS,STK,SMART/ARCA,,,,,USD,|BOT|07/18/2014|3|+NRB|+NRB|-NRB
DES,SLB,STK,SMART/ARCA,,,,,USD,|SLD|07/18/2014|3|+NRB|+NRB|-NRB
DES,AMD,STK,SMART/ARCA,,,,,USD,|SLD|07/18/2014|3|+NRB|+NRB|-NRB
DES,EMC,STK,SMART/ARCA,,,,,USD,|BOT|07/21/2014|3|-NRB|+NRB|+NRB
DES,STLD,STK,SMART/ARCA,,,,,USD,|BOT|07/21/2014|3|-NRB|+NRB|+NRB
DES,EXTR,STK,SMART/ARCA,,,,,USD,|BOT|07/21/2014|3|-NRB|+NRB|+NRB
DES,BBT,STK,SMART/ARCA,,,,,USD,|SLD|07/21/2014|3|-NRB|+NRB|+NRB
DES,APA,STK,SMART/ARCA,,,,,USD,|BOT|07/22/2014|3|+NRB|+NRB|+NRB
DES,RF,STK,SMART/ARCA,,,,,USD,|BOT|07/22/2014|3|+NRB|+NRB|+NRB
DES,CMG,STK,SMART/ARCA,,,,,USD,|BOT|07/22/2014|3|+NRB|+NRB|+NRB
DES,CIT,STK,SMART/ARCA,,,,,USD,|BOT|07/22/2014|3|+NRB|+NRB|+NRB
DES,STLD,STK,SMART/ARCA,,,,,USD,|BOT|07/22/2014|3|+NRB|+NRB|+NRB
DES,TRV,STK,SMART/ARCA,,,,,USD,|SLD|07/22/2014|3|+NRB|+NRB|+NRB
DES,KO,STK,SMART/ARCA,,,,,USD,|SLD|07/22/2014|3|+NRB|+NRB|+NRB
DES,HOG,STK,SMART/ARCA,,,,,USD,|SLD|07/22/2014|3|+NRB|+NRB|+NRB
DES,BIIB,STK,SMART/ARCA,,,,,USD,|BOT|07/23/2014|3|+NRB|+NRB|+NRB
DES,RHI,STK,SMART/ARCA,,,,,USD,|BOT|07/23/2014|3|+NRB|+NRB|+NRB
DES,BRCM,STK,SMART/ARCA,,,,,USD,|BOT|07/23/2014|3|+NRB|+NRB|+NRB
DES,JNPR,STK,SMART/ARCA,,,,,USD,|SLD|07/23/2014|3|+NRB|+NRB|+NRB
DES,TSS,STK,SMART/ARCA,,,,,USD,|SLD|07/23/2014|3|+NRB|+NRB|+NRB
DES,ALTR,STK,SMART/ARCA,,,,,USD,|SLD|07/23/2014|3|+NRB|+NRB|+NRB
DES,WHR,STK,SMART/ARCA,,,,,USD,|SLD|07/23/2014|3|+NRB|+NRB|+NRB
DES,XLNX,STK,SMART/ARCA,,,,,USD,|SLD|07/23/2014|3|+NRB|+NRB|+NRB
DES,DPS,STK,SMART/ARCA,,,,,USD,|BOT|07/24/2014|3|+NRB|+NRB|-NRB
DES,WFT,STK,SMART/ARCA,,,,,USD,|BOT|07/24/2014|3|+NRB|+NRB|-NRB
DES,CAM,STK,SMART/ARCA,,,,,USD,|BOT|07/24/2014|3|+NRB|+NRB|-NRB
DES,FTNT,STK,SMART/ARCA,,,,,USD,|BOT|07/24/2014|3|+NRB|+NRB|-NRB
DES,RCL,STK,SMART/ARCA,,,,,USD,|BOT|07/24/2014|3|+NRB|+NRB|-NRB
DES,FB,STK,SMART/ARCA,,,,,USD,|BOT|07/24/2014|3|+NRB|+NRB|-NRB
DES,UA,STK,SMART/ARCA,,,,,USD,|BOT|07/24/2014|3|+NRB|+NRB|-NRB
DES,PTEN,STK,SMART/ARCA,,,,,USD,|BOT|07/24/2014|3|+NRB|+NRB|-NRB
DES,ABC,STK,SMART/ARCA,,,,,USD,|BOT|07/24/2014|3|+NRB|+NRB|-NRB
DES,ORLY,STK,SMART/ARCA,,,,,USD,|BOT|07/24/2014|3|+NRB|+NRB|-NRB
DES,CTXS,STK,SMART/ARCA,,,,,USD,|BOT|07/24/2014|3|+NRB|+NRB|-NRB
DES,QCOM,STK,SMART/ARCA,,,,,USD,|SLD|07/24/2014|3|+NRB|+NRB|-NRB
DES,TRIP,STK,SMART/ARCA,,,,,USD,|SLD|07/24/2014|3|+NRB|+NRB|-NRB
DES,ANGI,STK,SMART/ARCA,,,,,USD,|SLD|07/24/2014|3|+NRB|+NRB|-NRB
DES,CRUS,STK,SMART/ARCA,,,,,USD,|SLD|07/24/2014|3|+NRB|+NRB|-NRB
DES,USG,STK,SMART/ARCA,,,,,USD,|SLD|07/24/2014|3|+NRB|+NRB|-NRB
DES,CAT,STK,SMART/ARCA,,,,,USD,|SLD|07/24/2014|3|+NRB|+NRB|-NRB
DES,GM,STK,SMART/ARCA,,,,,USD,|SLD|07/24/2014|3|+NRB|+NRB|-NRB
DES,SVU,STK,SMART/ARCA,,,,,USD,|SLD|07/24/2014|3|+NRB|+NRB|-NRB
DES,PLCM,STK,SMART/ARCA,,,,,USD,|SLD|07/24/2014|3|+NRB|+NRB|-NRB
DES,AWAY,STK,SMART/ARCA,,,,,USD,|BOT|07/25/2014|3|-NRB|+NRB|+NRB
DES,DECK,STK,SMART/ARCA,,,,,USD,|BOT|07/25/2014|3|-NRB|+NRB|+NRB
DES,QLIK,STK,SMART/ARCA,,,,,USD,|BOT|07/25/2014|3|-NRB|+NRB|+NRB
DES,RFMD,STK,SMART/ARCA,,,,,USD,|BOT|07/25/2014|3|-NRB|+NRB|+NRB
DES,LEA,STK,SMART/ARCA,,,,,USD,|BOT|07/25/2014|3|-NRB|+NRB|+NRB
DES,BIDU,STK,SMART/ARCA,,,,,USD,|BOT|07/25/2014|3|-NRB|+NRB|+NRB
DES,AMZN,STK,SMART/ARCA,,,,,USD,|SLD|07/25/2014|3|-NRB|+NRB|+NRB
DES,KLAC,STK,SMART/ARCA,,,,,USD,|SLD|07/25/2014|3|-NRB|+NRB|+NRB
DES,CB,STK,SMART/ARCA,,,,,USD,|SLD|07/25/2014|3|-NRB|+NRB|+NRB
DES,INFA,STK,SMART/ARCA,,,,,USD,|SLD|07/25/2014|3|-NRB|+NRB|+NRB
DES,V,STK,SMART/ARCA,,,,,USD,|SLD|07/25/2014|3|-NRB|+NRB|+NRB
DES,P,STK,SMART/ARCA,,,,,USD,|SLD|07/25/2014|3|-NRB|+NRB|+NRB
DES,LSCC,STK,SMART/ARCA,,,,,USD,|SLD|07/25/2014|3|-NRB|+NRB|+NRB
DES,MXIM,STK,SMART/ARCA,,,,,USD,|SLD|07/25/2014|3|-NRB|+NRB|+NRB
DES,TSN,STK,SMART/ARCA,,,,,USD,|BOT|07/28/2014|3|+NRB|+NRB|+NRB
DES,FDO,STK,SMART/ARCA,,,,,USD,|BOT|07/28/2014|3|+NRB|+NRB|+NRB
DES,DLTR,STK,SMART/ARCA,,,,,USD,|BOT|07/28/2014|3|+NRB|+NRB|+NRB
DES,LVLT,STK,SMART/ARCA,,,,,USD,|BOT|07/29/2014|3|+NRB|+NRB|+NRB
DES,T,STK,SMART/ARCA,,,,,USD,|BOT|07/29/2014|3|+NRB|+NRB|+NRB
DES,YNDX,STK,SMART/ARCA,,,,,USD,|BOT|07/29/2014|3|+NRB|+NRB|+NRB
DES,MAS,STK,SMART/ARCA,,,,,USD,|BOT|07/29/2014|3|+NRB|+NRB|+NRB
DES,CTL,STK,SMART/ARCA,,,,,USD,|BOT|07/29/2014|3|+NRB|+NRB|+NRB
DES,WIN,STK,SMART/ARCA,,,,,USD,|BOT|07/29/2014|3|+NRB|+NRB|+NRB
DES,HLF,STK,SMART/ARCA,,,,,USD,|SLD|07/29/2014|3|+NRB|+NRB|+NRB
DES,EMN,STK,SMART/ARCA,,,,,USD,|SLD|07/29/2014|3|+NRB|+NRB|+NRB
DES,UPS,STK,SMART/ARCA,,,,,USD,|SLD|07/29/2014|3|+NRB|+NRB|+NRB
DES,TTS,STK,SMART/ARCA,,,,,USD,|SLD|07/29/2014|3|+NRB|+NRB|+NRB
DES,ETN,STK,SMART/ARCA,,,,,USD,|SLD|07/29/2014|3|+NRB|+NRB|+NRB
DES,GNC,STK,SMART/ARCA,,,,,USD,|SLD|07/29/2014|3|+NRB|+NRB|+NRB
DES,GLW,STK,SMART/ARCA,,,,,USD,|SLD|07/29/2014|3|+NRB|+NRB|+NRB
DES,GRMN,STK,SMART/ARCA,,,,,USD,|BOT|07/30/2014|3|+NRB|+NRB|-NRB
DES,ADT,STK,SMART/ARCA,,,,,USD,|BOT|07/30/2014|3|+NRB|+NRB|-NRB
DES,SEE,STK,SMART/ARCA,,,,,USD,|BOT|07/30/2014|3|+NRB|+NRB|-NRB
DES,TRN,STK,SMART/ARCA,,,,,USD,|BOT|07/30/2014|3|+NRB|+NRB|-NRB
DES,HES,STK,SMART/ARCA,,,,,USD,|BOT|07/30/2014|3|+NRB|+NRB|-NRB
DES,HUN,STK,SMART/ARCA,,,,,USD,|BOT|07/30/2014|3|+NRB|+NRB|-NRB
DES,X,STK,SMART/ARCA,,,,,USD,|BOT|07/30/2014|3|+NRB|+NRB|-NRB
DES,CLD,STK,SMART/ARCA,,,,,USD,|BOT|07/30/2014|3|+NRB|+NRB|-NRB
DES,ESRX,STK,SMART/ARCA,,,,,USD,|BOT|07/30/2014|3|+NRB|+NRB|-NRB
DES,NCR,STK,SMART/ARCA,,,,,USD,|BOT|07/30/2014|3|+NRB|+NRB|-NRB
DES,EW,STK,SMART/ARCA,,,,,USD,|BOT|07/30/2014|3|+NRB|+NRB|-NRB
DES,AMGN,STK,SMART/ARCA,,,,,USD,|BOT|07/30/2014|3|+NRB|+NRB|-NRB
DES,TWTR,STK,SMART/ARCA,,,,,USD,|BOT|07/30/2014|3|+NRB|+NRB|-NRB
DES,HUM,STK,SMART/ARCA,,,,,USD,|SLD|07/30/2014|3|+NRB|+NRB|-NRB
DES,ROK,STK,SMART/ARCA,,,,,USD,|SLD|07/30/2014|3|+NRB|+NRB|-NRB
DES,GNW,STK,SMART/ARCA,,,,,USD,|SLD|07/30/2014|3|+NRB|+NRB|-NRB
DES,IACI,STK,SMART/ARCA,,,,,USD,|SLD|07/30/2014|3|+NRB|+NRB|-NRB
DES,AFL,STK,SMART/ARCA,,,,,USD,|SLD|07/30/2014|3|+NRB|+NRB|-NRB
DES,HOLX,STK,SMART/ARCA,,,,,USD,|BOT|07/31/2014|3|-NRB|+NRB|-WRB
DES,AVP,STK,SMART/ARCA,,,,,USD,|BOT|07/31/2014|3|-NRB|+NRB|-WRB
DES,MPC,STK,SMART/ARCA,,,,,USD,|BOT|07/31/2014|3|-NRB|+NRB|-WRB
DES,APA,STK,SMART/ARCA,,,,,USD,|BOT|07/31/2014|3|-NRB|+NRB|-WRB
DES,SFLY,STK,SMART/ARCA,,,,,USD,|BOT|07/31/2014|3|-NRB|+NRB|-WRB
DES,COMM,STK,SMART/ARCA,,,,,USD,|BOT|07/31/2014|3|-NRB|+NRB|-WRB
DES,WDC,STK,SMART/ARCA,,,,,USD,|SLD|07/31/2014|3|-NRB|+NRB|-WRB
DES,GLUU,STK,SMART/ARCA,,,,,USD,|SLD|07/31/2014|3|-NRB|+NRB|-WRB
DES,DDD,STK,SMART/ARCA,,,,,USD,|SLD|07/31/2014|3|-NRB|+NRB|-WRB
DES,MUR,STK,SMART/ARCA,,,,,USD,|SLD|07/31/2014|3|-NRB|+NRB|-WRB
DES,AKAM,STK,SMART/ARCA,,,,,USD,|SLD|07/31/2014|3|-NRB|+NRB|-WRB
DES,VRX,STK,SMART/ARCA,,,,,USD,|SLD|07/31/2014|3|-NRB|+NRB|-WRB
DES,MTW,STK,SMART/ARCA,,,,,USD,|SLD|07/31/2014|3|-NRB|+NRB|-WRB
DES,CODE,STK,SMART/ARCA,,,,,USD,|SLD|07/31/2014|3|-NRB|+NRB|-WRB
DES,CTRP,STK,SMART/ARCA,,,,,USD,|SLD|07/31/2014|3|-NRB|+NRB|-WRB
DES,UPL,STK,SMART/ARCA,,,,,USD,|SLD|07/31/2014|3|-NRB|+NRB|-WRB
DES,CL,STK,SMART/ARCA,,,,,USD,|SLD|07/31/2014|3|-NRB|+NRB|-WRB
DES,EXPE,STK,SMART/ARCA,,,,,USD,|BOT|08/01/2014|3|-NRB|+NRB|+NRB
DES,SPR,STK,SMART/ARCA,,,,,USD,|BOT|08/01/2014|3|-NRB|+NRB|+NRB
DES,PG,STK,SMART/ARCA,,,,,USD,|BOT|08/01/2014|3|-NRB|+NRB|+NRB
DES,LNKD,STK,SMART/ARCA,,,,,USD,|BOT|08/01/2014|3|-NRB|+NRB|+NRB
DES,SGMS,STK,SMART/ARCA,,,,,USD,|BOT|08/01/2014|3|-NRB|+NRB|+NRB
DES,BYI,STK,SMART/ARCA,,,,,USD,|BOT|08/01/2014|3|-NRB|+NRB|+NRB
DES,ARRS,STK,SMART/ARCA,,,,,USD,|SLD|08/01/2014|3|-NRB|+NRB|+NRB
DES,GPRO,STK,SMART/ARCA,,,,,USD,|SLD|08/01/2014|3|-NRB|+NRB|+NRB
DES,SPWR,STK,SMART/ARCA,,,,,USD,|SLD|08/01/2014|3|-NRB|+NRB|+NRB
DES,BYD,STK,SMART/ARCA,,,,,USD,|SLD|08/01/2014|3|-NRB|+NRB|+NRB
DES,KORS,STK,SMART/ARCA,,,,,USD,|SLD|08/04/2014|3|+NRB|-NRB|-NRB
DES,TXT,STK,SMART/ARCA,,,,,USD,|SLD|08/04/2014|3|+NRB|-NRB|-NRB
DES,COH,STK,SMART/ARCA,,,,,USD,|BOT|08/05/2014|3|-NRB|-NRB|-NRB
DES,AKRX,STK,SMART/ARCA,,,,,USD,|BOT|08/05/2014|3|-NRB|-NRB|-NRB
DES,GCI,STK,SMART/ARCA,,,,,USD,|BOT|08/05/2014|3|-NRB|-NRB|-NRB
DES,GTAT,STK,SMART/ARCA,,,,,USD,|BOT|08/05/2014|3|-NRB|-NRB|-NRB
DES,CAR,STK,SMART/ARCA,,,,,USD,|BOT|08/05/2014|3|-NRB|-NRB|-NRB
DES,ODP,STK,SMART/ARCA,,,,,USD,|BOT|08/05/2014|3|-NRB|-NRB|-NRB
DES,TGT,STK,SMART/ARCA,,,,,USD,|SLD|08/05/2014|3|-NRB|-NRB|-NRB
DES,EXPD,STK,SMART/ARCA,,,,,USD,|SLD|08/05/2014|3|-NRB|-NRB|-NRB
DES,CIE,STK,SMART/ARCA,,,,,USD,|SLD|08/05/2014|3|-NRB|-NRB|-NRB
DES,MSI,STK,SMART/ARCA,,,,,USD,|SLD|08/05/2014|3|-NRB|-NRB|-NRB
DES,BLMN,STK,SMART/ARCA,,,,,USD,|SLD|08/05/2014|3|-NRB|-NRB|-NRB
DES,SALE,STK,SMART/ARCA,,,,,USD,|SLD|08/05/2014|3|-NRB|-NRB|-NRB
DES,WPX,STK,SMART/ARCA,,,,,USD,|BOT|08/06/2014|3|-NRB|+NRB|+NRB
DES,AOL,STK,SMART/ARCA,,,,,USD,|BOT|08/06/2014|3|-NRB|+NRB|+NRB
DES,FOX,STK,SMART/ARCA,,,,,USD,|BOT|08/06/2014|3|-NRB|+NRB|+NRB
DES,ATVI,STK,SMART/ARCA,,,,,USD,|BOT|08/06/2014|3|-NRB|+NRB|+NRB
DES,CRTO,STK,SMART/ARCA,,,,,USD,|BOT|08/06/2014|3|-NRB|+NRB|+NRB
DES,GRPN,STK,SMART/ARCA,,,,,USD,|SLD|08/06/2014|3|-NRB|+NRB|+NRB
DES,TWX,STK,SMART/ARCA,,,,,USD,|SLD|08/06/2014|3|-NRB|+NRB|+NRB
DES,CTSH,STK,SMART/ARCA,,,,,USD,|SLD|08/06/2014|3|-NRB|+NRB|+NRB
DES,FUEL,STK,SMART/ARCA,,,,,USD,|SLD|08/06/2014|3|-NRB|+NRB|+NRB
DES,TMUS,STK,SMART/ARCA,,,,,USD,|SLD|08/06/2014|3|-NRB|+NRB|+NRB
DES,TTWO,STK,SMART/ARCA,,,,,USD,|SLD|08/06/2014|3|-NRB|+NRB|+NRB
DES,WAG,STK,SMART/ARCA,,,,,USD,|SLD|08/06/2014|3|-NRB|+NRB|+NRB
DES,S,STK,SMART/ARCA,,,,,USD,|SLD|08/06/2014|3|-NRB|+NRB|+NRB
DES,RL,STK,SMART/ARCA,,,,,USD,|SLD|08/06/2014|3|-NRB|+NRB|+NRB
DES,NUS,STK,SMART/ARCA,,,,,USD,|SLD|08/06/2014|3|-NRB|+NRB|+NRB
DES,Z,STK,SMART/ARCA,,,,,USD,|SLD|08/06/2014|3|-NRB|+NRB|+NRB
DES,FOXA,STK,SMART/ARCA,,,,,USD,|BOT|08/07/2014|3|+NRB|+NRB|-NRB
DES,EAT,STK,SMART/ARCA,,,,,USD,|BOT|08/07/2014|3|+NRB|+NRB|-NRB
DES,GDP,STK,SMART/ARCA,,,,,USD,|BOT|08/07/2014|3|+NRB|+NRB|-NRB
DES,RDN,STK,SMART/ARCA,,,,,USD,|BOT|08/07/2014|3|+NRB|+NRB|-NRB
DES,RIG,STK,SMART/ARCA,,,,,USD,|BOT|08/07/2014|3|+NRB|+NRB|-NRB
DES,SSYS,STK,SMART/ARCA,,,,,USD,|BOT|08/07/2014|3|+NRB|+NRB|-NRB
DES,CTRP,STK,SMART/ARCA,,,,,USD,|BOT|08/07/2014|3|+NRB|+NRB|-NRB
DES,HIMX,STK,SMART/ARCA,,,,,USD,|BOT|08/07/2014|3|+NRB|+NRB|-NRB
DES,SUNE,STK,SMART/ARCA,,,,,USD,|BOT|08/07/2014|3|+NRB|+NRB|-NRB
DES,CTL,STK,SMART/ARCA,,,,,USD,|BOT|08/07/2014|3|+NRB|+NRB|-NRB
DES,MPEL,STK,SMART/ARCA,,,,,USD,|SLD|08/07/2014|3|+NRB|+NRB|-NRB
DES,LPI,STK,SMART/ARCA,,,,,USD,|SLD|08/07/2014|3|+NRB|+NRB|-NRB
DES,SD,STK,SMART/ARCA,,,,,USD,|SLD|08/07/2014|3|+NRB|+NRB|-NRB
DES,AGO,STK,SMART/ARCA,,,,,USD,|BOT|08/08/2014|3|+NRB|+NRB|+NRB
DES,MELI,STK,SMART/ARCA,,,,,USD,|BOT|08/08/2014|3|+NRB|+NRB|+NRB
DES,TKMR,STK,SMART/ARCA,,,,,USD,|BOT|08/08/2014|3|+NRB|+NRB|+NRB
DES,NVDA,STK,SMART/ARCA,,,,,USD,|BOT|08/08/2014|3|+NRB|+NRB|+NRB
DES,MNST,STK,SMART/ARCA,,,,,USD,|BOT|08/08/2014|3|+NRB|+NRB|+NRB
DES,MHR,STK,SMART/ARCA,,,,,USD,|BOT|08/08/2014|3|+NRB|+NRB|+NRB
DES,POST,STK,SMART/ARCA,,,,,USD,|SLD|08/08/2014|3|+NRB|+NRB|+NRB
DES,ZNGA,STK,SMART/ARCA,,,,,USD,|SLD|08/08/2014|3|+NRB|+NRB|+NRB
DES,MNKD,STK,SMART/ARCA,,,,,USD,|BOT|08/11/2014|3|+NRB|-NRB|-NRB
DES,ARMK,STK,SMART/ARCA,,,,,USD,|BOT|08/11/2014|3|+NRB|-NRB|-NRB
DES,BITA,STK,SMART/ARCA,,,,,USD,|BOT|08/11/2014|3|+NRB|-NRB|-NRB
DES,EPB,STK,SMART/ARCA,,,,,USD,|BOT|08/11/2014|3|+NRB|-NRB|-NRB
DES,KMI,STK,SMART/ARCA,,,,,USD,|BOT|08/11/2014|3|+NRB|-NRB|-NRB
DES,KMP,STK,SMART/ARCA,,,,,USD,|BOT|08/11/2014|3|+NRB|-NRB|-NRB
DES,DF,STK,SMART/ARCA,,,,,USD,|SLD|08/11/2014|3|+NRB|-NRB|-NRB
DES,GOGO,STK,SMART/ARCA,,,,,USD,|SLD|08/11/2014|3|+NRB|-NRB|-NRB
DES,KATE,STK,SMART/ARCA,,,,,USD,|BOT|08/12/2014|3|-NRB|+NRB|-NRB
DES,FLO,STK,SMART/ARCA,,,,,USD,|SLD|08/12/2014|3|-NRB|+NRB|-NRB
DES,NUAN,STK,SMART/ARCA,,,,,USD,|SLD|08/12/2014|3|-NRB|+NRB|-NRB
DES,CSIQ,STK,SMART/ARCA,,,,,USD,|BOT|08/13/2014|3|+NRB|+NRB|+NRB
DES,CREE,STK,SMART/ARCA,,,,,USD,|SLD|08/13/2014|3|+NRB|+NRB|+NRB
DES,MYGN,STK,SMART/ARCA,,,,,USD,|SLD|08/13/2014|3|+NRB|+NRB|+NRB
DES,JDSU,STK,SMART/ARCA,,,,,USD,|SLD|08/13/2014|3|+NRB|+NRB|+NRB
DES,M,STK,SMART/ARCA,,,,,USD,|SLD|08/13/2014|3|+NRB|+NRB|+NRB
DES,SEAS,STK,SMART/ARCA,,,,,USD,|SLD|08/13/2014|3|+NRB|+NRB|+NRB
DES,KING,STK,SMART/ARCA,,,,,USD,|SLD|08/13/2014|3|+NRB|+NRB|+NRB
DES,AAP,STK,SMART/ARCA,,,,,USD,|BOT|08/14/2014|3|+NRB|+NRB|+NRB
DES,NTAP,STK,SMART/ARCA,,,,,USD,|BOT|08/14/2014|3|+NRB|+NRB|+NRB
DES,PLUG,STK,SMART/ARCA,,,,,USD,|BOT|08/14/2014|3|+NRB|+NRB|+NRB
DES,VIPS,STK,SMART/ARCA,,,,,USD,|SLD|08/14/2014|3|+NRB|+NRB|+NRB
DES,DANG,STK,SMART/ARCA,,,,,USD,|SLD|08/14/2014|3|+NRB|+NRB|+NRB
DES,NDLS,STK,SMART/ARCA,,,,,USD,|SLD|08/14/2014|3|+NRB|+NRB|+NRB
DES,AMAT,STK,SMART/ARCA,,,,,USD,|BOT|08/15/2014|3|+NRB|-NRB|-NRB
DES,ADSK,STK,SMART/ARCA,,,,,USD,|BOT|08/15/2014|3|+NRB|-NRB|-NRB
DES,SINA,STK,SMART/ARCA,,,,,USD,|BOT|08/15/2014|3|+NRB|-NRB|-NRB
DES,JCP,STK,SMART/ARCA,,,,,USD,|BOT|08/15/2014|3|+NRB|-NRB|-NRB
DES,MNST,STK,SMART/ARCA,,,,,USD,|BOT|08/15/2014|3|+NRB|-NRB|-NRB
DES,JWN,STK,SMART/ARCA,,,,,USD,|SLD|08/15/2014|3|+NRB|-NRB|-NRB
DES,JD,STK,SMART/ARCA,,,,,USD,|SLD|08/15/2014|3|+NRB|-NRB|-NRB
DES,DKS,STK,SMART/ARCA,,,,,USD,|BOT|08/19/2014|3|+NRB|-NRB|+NRB
DES,HD,STK,SMART/ARCA,,,,,USD,|BOT|08/19/2014|3|+NRB|-NRB|+NRB
DES,TJX,STK,SMART/ARCA,,,,,USD,|BOT|08/19/2014|3|+NRB|-NRB|+NRB
DES,ARO,STK,SMART/ARCA,,,,,USD,|BOT|08/19/2014|3|+NRB|-NRB|+NRB
DES,CMCM,STK,SMART/ARCA,,,,,USD,|BOT|08/19/2014|3|+NRB|-NRB|+NRB
DES,HAIN,STK,SMART/ARCA,,,,,USD,|BOT|08/20/2014|3|-NRB|+NRB|+NRB
DES,AEO,STK,SMART/ARCA,,,,,USD,|BOT|08/20/2014|3|-NRB|+NRB|+NRB
DES,PETM,STK,SMART/ARCA,,,,,USD,|BOT|08/20/2014|3|-NRB|+NRB|+NRB
DES,YOKU,STK,SMART/ARCA,,,,,USD,|SLD|08/20/2014|3|-NRB|+NRB|+NRB
DES,LOW,STK,SMART/ARCA,,,,,USD,|SLD|08/20/2014|3|-NRB|+NRB|+NRB
DES,HTZ,STK,SMART/ARCA,,,,,USD,|SLD|08/20/2014|3|-NRB|+NRB|+NRB
DES,SJM,STK,SMART/ARCA,,,,,USD,|SLD|08/20/2014|3|-NRB|+NRB|+NRB
DES,WUBA,STK,SMART/ARCA,,,,,USD,|SLD|08/21/2014|3|+NRB|-NRB|+NRB
DES,GES,STK,SMART/ARCA,,,,,USD,|SLD|08/21/2014|3|+NRB|-NRB|+NRB
DES,SHLD,STK,SMART/ARCA,,,,,USD,|SLD|08/21/2014|3|+NRB|-NRB|+NRB
DES,GME,STK,SMART/ARCA,,,,,USD,|BOT|08/22/2014|3|-NRB|+NRB|+NRB
DES,TFM,STK,SMART/ARCA,,,,,USD,|BOT|08/22/2014|3|-NRB|+NRB|+NRB
DES,ROST,STK,SMART/ARCA,,,,,USD,|BOT|08/22/2014|3|-NRB|+NRB|+NRB
DES,GPS,STK,SMART/ARCA,,,,,USD,|BOT|08/22/2014|3|-NRB|+NRB|+NRB
DES,CRM,STK,SMART/ARCA,,,,,USD,|BOT|08/22/2014|3|-NRB|+NRB|+NRB
DES,FL,STK,SMART/ARCA,,,,,USD,|BOT|08/22/2014|3|-NRB|+NRB|+NRB
DES,GMCR,STK,SMART/ARCA,,,,,USD,|BOT|08/22/2014|3|-NRB|+NRB|+NRB
DES,DYN,STK,SMART/ARCA,,,,,USD,|BOT|08/22/2014|3|-NRB|+NRB|+NRB
DES,INTU,STK,SMART/ARCA,,,,,USD,|SLD|08/22/2014|3|-NRB|+NRB|+NRB
DES,QIHU,STK,SMART/ARCA,,,,,USD,|SLD|08/25/2014|3|+NRB|+NRB|+NRB
DES,DSW,STK,SMART/ARCA,,,,,USD,|BOT|08/26/2014|3|+NRB|+NRB|+NRB
DES,SAFM,STK,SMART/ARCA,,,,,USD,|SLD|08/26/2014|3|+NRB|+NRB|+NRB
DES,TSL,STK,SMART/ARCA,,,,,USD,|SLD|08/26/2014|3|+NRB|+NRB|+NRB
DES,BBY,STK,SMART/ARCA,,,,,USD,|SLD|08/26/2014|3|+NRB|+NRB|+NRB
DES,EXPR,STK,SMART/ARCA,,,,,USD,|BOT|08/27/2014|3|+NRB|+NRB|-NRB
DES,TIF,STK,SMART/ARCA,,,,,USD,|BOT|08/27/2014|3|+NRB|+NRB|-NRB
DES,MIK,STK,SMART/ARCA,,,,,USD,|BOT|08/27/2014|3|+NRB|+NRB|-NRB
DES,ARUN,STK,SMART/ARCA,,,,,USD,|BOT|08/27/2014|3|+NRB|+NRB|-NRB
DES,SDRL,STK,SMART/ARCA,,,,,USD,|SLD|08/27/2014|3|+NRB|+NRB|-NRB
DES,CHS,STK,SMART/ARCA,,,,,USD,|SLD|08/27/2014|3|+NRB|+NRB|-NRB
DES,SWHC,STK,SMART/ARCA,,,,,USD,|SLD|08/27/2014|3|+NRB|+NRB|-NRB
DES,SIG,STK,SMART/ARCA,,,,,USD,|BOT|08/28/2014|3|-NRB|+NRB|+NRB
DES,ANF,STK,SMART/ARCA,,,,,USD,|SLD|08/28/2014|3|-NRB|+NRB|+NRB
DES,GES,STK,SMART/ARCA,,,,,USD,|SLD|08/28/2014|3|-NRB|+NRB|+NRB
DES,WSM,STK,SMART/ARCA,,,,,USD,|SLD|08/28/2014|3|-NRB|+NRB|+NRB
DES,VEEV,STK,SMART/ARCA,,,,,USD,|BOT|08/29/2014|3|+NRB|+NRB|+NRB
DES,SPLK,STK,SMART/ARCA,,,,,USD,|BOT|08/29/2014|3|+NRB|+NRB|+NRB
DES,AVGO,STK,SMART/ARCA,,,,,USD,|BOT|08/29/2014|3|+NRB|+NRB|+NRB
DES,BIG,STK,SMART/ARCA,,,,,USD,|SLD|08/29/2014|3|+NRB|+NRB|+NRB
DES,TSLA,STK,SMART/ARCA,,,,,USD,|BOT|09/02/2014|3|+NRB|+NRB|-NRB
DES,GPRO,STK,SMART/ARCA,,,,,USD,|BOT|09/02/2014|3|+NRB|+NRB|-NRB
DES,CPWR,STK,SMART/ARCA,,,,,USD,|BOT|09/02/2014|3|+NRB|+NRB|-NRB
DES,CONN,STK,SMART/ARCA,,,,,USD,|SLD|09/02/2014|3|+NRB|+NRB|-NRB
DES,NAV,STK,SMART/ARCA,,,,,USD,|BOT|09/03/2014|3|+NRB|+NRB|-NRB
DES,DAL,STK,SMART/ARCA,,,,,USD,|SLD|09/03/2014|3|+NRB|+NRB|-NRB
DES,PAY,STK,SMART/ARCA,,,,,USD,|BOT|09/04/2014|3|+NRB|+NRB|-NRB
DES,PVH,STK,SMART/ARCA,,,,,USD,|BOT|09/04/2014|3|+NRB|+NRB|-NRB
DES,TIBX,STK,SMART/ARCA,,,,,USD,|BOT|09/04/2014|3|+NRB|+NRB|-NRB
DES,CIEN,STK,SMART/ARCA,,,,,USD,|SLD|09/04/2014|3|+NRB|+NRB|-NRB
DES,BLOX,STK,SMART/ARCA,,,,,USD,|BOT|09/05/2014|3|+NRB|+NRB|-NRB
DES,AMBA,STK,SMART/ARCA,,,,,USD,|BOT|09/05/2014|3|+NRB|+NRB|-NRB
DES,GPS,STK,SMART/ARCA,,,,,USD,|SLD|09/05/2014|3|+NRB|+NRB|-NRB
DES,KORS,STK,SMART/ARCA,,,,,USD,|SLD|09/05/2014|3|+NRB|+NRB|-NRB
DES,FNSR,STK,SMART/ARCA,,,,,USD,|SLD|09/05/2014|3|+NRB|+NRB|-NRB
DES,CPB,STK,SMART/ARCA,,,,,USD,|SLD|09/08/2014|3|-NRB|+NRB|-NRB
DES,BURL,STK,SMART/ARCA,,,,,USD,|BOT|09/09/2014|3|-NRB|-NRB|-NRB
DES,WWAV,STK,SMART/ARCA,,,,,USD,|BOT|09/09/2014|3|-NRB|-NRB|-NRB
DES,PBY,STK,SMART/ARCA,,,,,USD,|SLD|09/09/2014|3|-NRB|-NRB|-NRB
DES,FCEL,STK,SMART/ARCA,,,,,USD,|SLD|09/09/2014|3|-NRB|-NRB|-NRB
DES,PANW,STK,SMART/ARCA,,,,,USD,|BOT|09/10/2014|3|+NRB|+NRB|+NRB
DES,LULU,STK,SMART/ARCA,,,,,USD,|BOT|09/11/2014|3|-NRB|+NRB|+NRB
DES,JDSU,STK,SMART/ARCA,,,,,USD,|BOT|09/11/2014|3|-NRB|+NRB|+NRB
DES,RH,STK,SMART/ARCA,,,,,USD,|SLD|09/11/2014|3|-NRB|+NRB|+NRB
DES,FIVE,STK,SMART/ARCA,,,,,USD,|SLD|09/11/2014|3|-NRB|+NRB|+NRB
DES,ULTA,STK,SMART/ARCA,,,,,USD,|BOT|09/12/2014|3|-NRB|+NRB|+NRB
DES,DRI,STK,SMART/ARCA,,,,,USD,|BOT|09/12/2014|3|-NRB|+NRB|+NRB
DES,DDR,STK,SMART/ARCA,,,,,USD,|SLD|09/12/2014|3|-NRB|+NRB|+NRB
DES,TAP,STK,SMART/ARCA,,,,,USD,|BOT|09/15/2014|3|+NRB|+NRB|-NRB
DES,ALR,STK,SMART/ARCA,,,,,USD,|BOT|09/15/2014|3|+NRB|+NRB|-NRB
DES,AVNR,STK,SMART/ARCA,,,,,USD,|BOT|09/15/2014|3|+NRB|+NRB|-NRB
DES,TEX,STK,SMART/ARCA,,,,,USD,|SLD|09/15/2014|3|+NRB|+NRB|-NRB
DES,CREE,STK,SMART/ARCA,,,,,USD,|SLD|09/15/2014|3|+NRB|+NRB|-NRB
DES,MDU,STK,SMART/ARCA,,,,,USD,|SLD|09/15/2014|3|+NRB|+NRB|-NRB
DES,MGM,STK,SMART/ARCA,,,,,USD,|SLD|09/16/2014|3|-NRB|+NRB|+NRB
DES,LEN,STK,SMART/ARCA,,,,,USD,|BOT|09/17/2014|3|-NRB|+NRB|+NRB
DES,FDX,STK,SMART/ARCA,,,,,USD,|BOT|09/17/2014|3|-NRB|+NRB|+NRB
DES,AUXL,STK,SMART/ARCA,,,,,USD,|BOT|09/17/2014|3|-NRB|+NRB|+NRB
DES,X,STK,SMART/ARCA,,,,,USD,|BOT|09/17/2014|3|-NRB|+NRB|+NRB
DES,GIS,STK,SMART/ARCA,,,,,USD,|SLD|09/17/2014|3|-NRB|+NRB|+NRB
DES,RAX,STK,SMART/ARCA,,,,,USD,|SLD|09/17/2014|3|-NRB|+NRB|+NRB
DES,ADBE,STK,SMART/ARCA,,,,,USD,|SLD|09/17/2014|3|-NRB|+NRB|+NRB
DES,VVUS,STK,SMART/ARCA,,,,,USD,|BOT|09/18/2014|3|+NRB|+NRB|+NRB
DES,CAG,STK,SMART/ARCA,,,,,USD,|BOT|09/18/2014|3|+NRB|+NRB|+NRB
DES,PWE,STK,SMART/ARCA,,,,,USD,|BOT|09/18/2014|3|+NRB|+NRB|+NRB
DES,PIR,STK,SMART/ARCA,,,,,USD,|SLD|09/18/2014|3|+NRB|+NRB|+NRB
DES,RAD,STK,SMART/ARCA,,,,,USD,|SLD|09/18/2014|3|+NRB|+NRB|+NRB
DES,CNQR,STK,SMART/ARCA,,,,,USD,|BOT|09/19/2014|3|-NRB|+NRB|+NRB
DES,ESI,STK,SMART/ARCA,,,,,USD,|SLD|09/19/2014|3|-NRB|+NRB|+NRB
DES,TIBX,STK,SMART/ARCA,,,,,USD,|SLD|09/19/2014|3|-NRB|+NRB|+NRB
DES,ORCL,STK,SMART/ARCA,,,,,USD,|SLD|09/19/2014|3|-NRB|+NRB|+NRB
DES,EMC,STK,SMART/ARCA,,,,,USD,|BOT|09/22/2014|3|-NRB|+NRB|-NRB
DES,CLX,STK,SMART/ARCA,,,,,USD,|BOT|09/22/2014|3|-NRB|+NRB|-NRB
DES,CRR,STK,SMART/ARCA,,,,,USD,|SLD|09/22/2014|3|-NRB|+NRB|-NRB
DES,SLXP,STK,SMART/ARCA,,,,,USD,|BOT|09/23/2014|3|-NRB|+NRB|+NRB
DES,COV,STK,SMART/ARCA,,,,,USD,|SLD|09/23/2014|3|-NRB|+NRB|+NRB
DES,KMX,STK,SMART/ARCA,,,,,USD,|SLD|09/23/2014|3|-NRB|+NRB|+NRB
DES,ABBV,STK,SMART/ARCA,,,,,USD,|SLD|09/23/2014|3|-NRB|+NRB|+NRB
DES,ASNA,STK,SMART/ARCA,,,,,USD,|SLD|09/23/2014|3|-NRB|+NRB|+NRB
DES,MDT,STK,SMART/ARCA,,,,,USD,|SLD|09/23/2014|3|-NRB|+NRB|+NRB
DES,PAYX,STK,SMART/ARCA,,,,,USD,|BOT|09/24/2014|3|-NRB|+NRB|+NRB
DES,BBBY,STK,SMART/ARCA,,,,,USD,|BOT|09/24/2014|3|-NRB|+NRB|+NRB
DES,KBH,STK,SMART/ARCA,,,,,USD,|SLD|09/24/2014|3|-NRB|+NRB|+NRB
DES,ACN,STK,SMART/ARCA,,,,,USD,|SLD|09/24/2014|3|-NRB|+NRB|+NRB
DES,CPRT,STK,SMART/ARCA,,,,,USD,|SLD|09/24/2014|3|-NRB|+NRB|+NRB
DES,JBL,STK,SMART/ARCA,,,,,USD,|BOT|09/25/2014|3|-NRB|+NRB|-WRB
DES,MU,STK,SMART/ARCA,,,,,USD,|BOT|09/26/2014|3|+NRB|+NRB|+NRB
DES,NKE,STK,SMART/ARCA,,,,,USD,|BOT|09/26/2014|3|+NRB|+NRB|+NRB
DES,JNS,STK,SMART/ARCA,,,,,USD,|BOT|09/26/2014|3|+NRB|+NRB|+NRB
DES,FINL,STK,SMART/ARCA,,,,,USD,|SLD|09/26/2014|3|+NRB|+NRB|+NRB
DES,BBRY,STK,SMART/ARCA,,,,,USD,|SLD|09/26/2014|3|+NRB|+NRB|+NRB
DES,SCHN,STK,SMART/ARCA,,,,,USD,|BOT|09/30/2014|3|+NRB|+NRB|-NRB
DES,EBAY,STK,SMART/ARCA,,,,,USD,|BOT|09/30/2014|3|+NRB|+NRB|-NRB
DES,MAS,STK,SMART/ARCA,,,,,USD,|BOT|09/30/2014|3|+NRB|+NRB|-NRB
DES,GPRO,STK,SMART/ARCA,,,,,USD,|BOT|09/30/2014|3|+NRB|+NRB|-NRB
DES,DWA,STK,SMART/ARCA,,,,,USD,|SLD|09/30/2014|3|+NRB|+NRB|-NRB
DES,ANGI,STK,SMART/ARCA,,,,,USD,|BOT|10/01/2014|3|-NRB|+NRB|-NRB
DES,TKMR,STK,SMART/ARCA,,,,,USD,|BOT|10/01/2014|3|-NRB|+NRB|-NRB
DES,WPRT,STK,SMART/ARCA,,,,,USD,|SLD|10/01/2014|3|-NRB|+NRB|-NRB
DES,HAL,STK,SMART/ARCA,,,,,USD,|BOT|10/20/2014|3|-NRB|+NRB|+NRB
DES,NLNK,STK,SMART/ARCA,,,,,USD,|BOT|10/20/2014|3|-NRB|+NRB|+NRB
DES,IBM,STK,SMART/ARCA,,,,,USD,|SLD|10/20/2014|3|-NRB|+NRB|+NRB
DES,NCR,STK,SMART/ARCA,,,,,USD,|SLD|10/20/2014|3|-NRB|+NRB|+NRB
DES,LXK,STK,SMART/ARCA,,,,,USD,|BOT|10/21/2014|3|+NRB|-NRB|+NRB
DES,HOG,STK,SMART/ARCA,,,,,USD,|BOT|10/21/2014|3|+NRB|-NRB|+NRB
DES,AAPL,STK,SMART/ARCA,,,,,USD,|BOT|10/21/2014|3|+NRB|-NRB|+NRB
DES,CE,STK,SMART/ARCA,,,,,USD,|BOT|10/21/2014|3|+NRB|-NRB|+NRB
DES,ILMN,STK,SMART/ARCA,,,,,USD,|BOT|10/21/2014|3|+NRB|-NRB|+NRB
DES,LMT,STK,SMART/ARCA,,,,,USD,|SLD|10/21/2014|3|+NRB|-NRB|+NRB
DES,KO,STK,SMART/ARCA,,,,,USD,|SLD|10/21/2014|3|+NRB|-NRB|+NRB
DES,SIX,STK,SMART/ARCA,,,,,USD,|BOT|10/22/2014|3|+NRB|-NRB|-NRB
DES,IRBT,STK,SMART/ARCA,,,,,USD,|BOT|10/22/2014|3|+NRB|-NRB|-NRB
DES,GNTX,STK,SMART/ARCA,,,,,USD,|BOT|10/22/2014|3|+NRB|-NRB|-NRB
DES,DOW,STK,SMART/ARCA,,,,,USD,|BOT|10/22/2014|3|+NRB|-NRB|-NRB
DES,YHOO,STK,SMART/ARCA,,,,,USD,|BOT|10/22/2014|3|+NRB|-NRB|-NRB
DES,BRCM,STK,SMART/ARCA,,,,,USD,|BOT|10/22/2014|3|+NRB|-NRB|-NRB
DES,BSX,STK,SMART/ARCA,,,,,USD,|BOT|10/22/2014|3|+NRB|-NRB|-NRB
DES,CREE,STK,SMART/ARCA,,,,,USD,|SLD|10/22/2014|3|+NRB|-NRB|-NRB
DES,DDD,STK,SMART/ARCA,,,,,USD,|SLD|10/22/2014|3|+NRB|-NRB|-NRB
DES,LL,STK,SMART/ARCA,,,,,USD,|SLD|10/22/2014|3|+NRB|-NRB|-NRB
DES,VMW,STK,SMART/ARCA,,,,,USD,|SLD|10/22/2014|3|+NRB|-NRB|-NRB
DES,BIIB,STK,SMART/ARCA,,,,,USD,|SLD|10/22/2014|3|+NRB|-NRB|-NRB
DES,CAT,STK,SMART/ARCA,,,,,USD,|BOT|10/23/2014|3|+NRB|-NRB|+NRB
DES,DAN,STK,SMART/ARCA,,,,,USD,|BOT|10/23/2014|3|+NRB|-NRB|+NRB
DES,YNDX,STK,SMART/ARCA,,,,,USD,|BOT|10/23/2014|3|+NRB|-NRB|+NRB
DES,ORLY,STK,SMART/ARCA,,,,,USD,|BOT|10/23/2014|3|+NRB|-NRB|+NRB
DES,UNP,STK,SMART/ARCA,,,,,USD,|BOT|10/23/2014|3|+NRB|-NRB|+NRB
DES,INFN,STK,SMART/ARCA,,,,,USD,|BOT|10/23/2014|3|+NRB|-NRB|+NRB
DES,TSCO,STK,SMART/ARCA,,,,,USD,|BOT|10/23/2014|3|+NRB|-NRB|+NRB
DES,CTXS,STK,SMART/ARCA,,,,,USD,|SLD|10/23/2014|3|+NRB|-NRB|+NRB
DES,YELP,STK,SMART/ARCA,,,,,USD,|SLD|10/23/2014|3|+NRB|-NRB|+NRB
DES,CRI,STK,SMART/ARCA,,,,,USD,|SLD|10/23/2014|3|+NRB|-NRB|+NRB
DES,CAB,STK,SMART/ARCA,,,,,USD,|SLD|10/23/2014|3|+NRB|-NRB|+NRB
DES,CAKE,STK,SMART/ARCA,,,,,USD,|SLD|10/23/2014|3|+NRB|-NRB|+NRB
DES,UA,STK,SMART/ARCA,,,,,USD,|SLD|10/23/2014|3|+NRB|-NRB|+NRB
DES,PG,STK,SMART/ARCA,,,,,USD,|BOT|10/24/2014|3|+NRB|-NRB|-NRB
DES,EW,STK,SMART/ARCA,,,,,USD,|BOT|10/24/2014|3|+NRB|-NRB|-NRB
DES,SWFT,STK,SMART/ARCA,,,,,USD,|BOT|10/24/2014|3|+NRB|-NRB|-NRB
DES,SHPG,STK,SMART/ARCA,,,,,USD,|BOT|10/24/2014|3|+NRB|-NRB|-NRB
DES,FLIR,STK,SMART/ARCA,,,,,USD,|BOT|10/24/2014|3|+NRB|-NRB|-NRB
DES,KLAC,STK,SMART/ARCA,,,,,USD,|BOT|10/24/2014|3|+NRB|-NRB|-NRB
DES,QLIK,STK,SMART/ARCA,,,,,USD,|BOT|10/24/2014|3|+NRB|-NRB|-NRB
DES,UPS,STK,SMART/ARCA,,,,,USD,|BOT|10/24/2014|3|+NRB|-NRB|-NRB
DES,MSFT,STK,SMART/ARCA,,,,,USD,|BOT|10/24/2014|3|+NRB|-NRB|-NRB
DES,AMZN,STK,SMART/ARCA,,,,,USD,|SLD|10/24/2014|3|+NRB|-NRB|-NRB
DES,WYN,STK,SMART/ARCA,,,,,USD,|SLD|10/24/2014|3|+NRB|-NRB|-NRB
DES,P,STK,SMART/ARCA,,,,,USD,|SLD|10/24/2014|3|+NRB|-NRB|-NRB
DES,SYNA,STK,SMART/ARCA,,,,,USD,|SLD|10/24/2014|3|+NRB|-NRB|-NRB
DES,FNFG,STK,SMART/ARCA,,,,,USD,|SLD|10/24/2014|3|+NRB|-NRB|-NRB
DES,FSL,STK,SMART/ARCA,,,,,USD,|SLD|10/24/2014|3|+NRB|-NRB|-NRB
DES,GPRO,STK,SMART/ARCA,,,,,USD,|SLD|10/27/2014|3|-NRB|+NRB|+NRB
DES,SRPT,STK,SMART/ARCA,,,,,USD,|SLD|10/27/2014|3|-NRB|+NRB|+NRB
DES,AMGN,STK,SMART/ARCA,,,,,USD,|BOT|10/28/2014|3|+NRB|+NRB|+NRB
DES,VDSI,STK,SMART/ARCA,,,,,USD,|BOT|10/28/2014|3|+NRB|+NRB|+NRB
DES,BWLD,STK,SMART/ARCA,,,,,USD,|BOT|10/28/2014|3|+NRB|+NRB|+NRB
DES,CMI,STK,SMART/ARCA,,,,,USD,|BOT|10/28/2014|3|+NRB|+NRB|+NRB
DES,AN,STK,SMART/ARCA,,,,,USD,|BOT|10/28/2014|3|+NRB|+NRB|+NRB
DES,IDTI,STK,SMART/ARCA,,,,,USD,|BOT|10/28/2014|3|+NRB|+NRB|+NRB
DES,ALSN,STK,SMART/ARCA,,,,,USD,|BOT|10/28/2014|3|+NRB|+NRB|+NRB
DES,RGC,STK,SMART/ARCA,,,,,USD,|BOT|10/28/2014|3|+NRB|+NRB|+NRB
DES,TWTR,STK,SMART/ARCA,,,,,USD,|SLD|10/28/2014|3|+NRB|+NRB|+NRB
DES,KN,STK,SMART/ARCA,,,,,USD,|SLD|10/28/2014|3|+NRB|+NRB|+NRB
DES,AET,STK,SMART/ARCA,,,,,USD,|SLD|10/28/2014|3|+NRB|+NRB|+NRB
DES,CROX,STK,SMART/ARCA,,,,,USD,|SLD|10/28/2014|3|+NRB|+NRB|+NRB
DES,MAS,STK,SMART/ARCA,,,,,USD,|SLD|10/28/2014|3|+NRB|+NRB|+NRB
DES,GLW,STK,SMART/ARCA,,,,,USD,|SLD|10/28/2014|3|+NRB|+NRB|+NRB
DES,COH,STK,SMART/ARCA,,,,,USD,|SLD|10/28/2014|3|+NRB|+NRB|+NRB
DES,KSS,STK,SMART/ARCA,,,,,USD,|SLD|10/28/2014|3|+NRB|+NRB|+NRB
DES,CVLT,STK,SMART/ARCA,,,,,USD,|SLD|10/28/2014|3|+NRB|+NRB|+NRB
DES,X,STK,SMART/ARCA,,,,,USD,|BOT|10/29/2014|3|+NRB|+NRB|-NRB
DES,WYNN,STK,SMART/ARCA,,,,,USD,|BOT|10/29/2014|3|+NRB|+NRB|-NRB
DES,GT,STK,SMART/ARCA,,,,,USD,|BOT|10/29/2014|3|+NRB|+NRB|-NRB
DES,IACI,STK,SMART/ARCA,,,,,USD,|BOT|10/29/2014|3|+NRB|+NRB|-NRB
DES,CHRW,STK,SMART/ARCA,,,,,USD,|BOT|10/29/2014|3|+NRB|+NRB|-NRB
DES,EA,STK,SMART/ARCA,,,,,USD,|BOT|10/29/2014|3|+NRB|+NRB|-NRB
DES,PSX,STK,SMART/ARCA,,,,,USD,|BOT|10/29/2014|3|+NRB|+NRB|-NRB
DES,FB,STK,SMART/ARCA,,,,,USD,|SLD|10/29/2014|3|+NRB|+NRB|-NRB
DES,GILD,STK,SMART/ARCA,,,,,USD,|SLD|10/29/2014|3|+NRB|+NRB|-NRB
DES,INVN,STK,SMART/ARCA,,,,,USD,|SLD|10/29/2014|3|+NRB|+NRB|-NRB
DES,PNRA,STK,SMART/ARCA,,,,,USD,|SLD|10/29/2014|3|+NRB|+NRB|-NRB
DES,MCK,STK,SMART/ARCA,,,,,USD,|SLD|10/29/2014|3|+NRB|+NRB|-NRB
DES,HSY,STK,SMART/ARCA,,,,,USD,|SLD|10/29/2014|3|+NRB|+NRB|-NRB
DES,ARCP,STK,SMART/ARCA,,,,,USD,|SLD|10/29/2014|3|+NRB|+NRB|-NRB
DES,SM,STK,SMART/ARCA,,,,,USD,|SLD|10/29/2014|3|+NRB|+NRB|-NRB
DES,GRMN,STK,SMART/ARCA,,,,,USD,|SLD|10/29/2014|3|+NRB|+NRB|-NRB
DES,PPC,STK,SMART/ARCA,,,,,USD,|BOT|10/30/2014|3|-NRB|+NRB|+NRB
DES,FFIV,STK,SMART/ARCA,,,,,USD,|BOT|10/30/2014|3|-NRB|+NRB|+NRB
DES,LAKE,STK,SMART/ARCA,,,,,USD,|BOT|10/30/2014|3|-NRB|+NRB|+NRB
DES,V,STK,SMART/ARCA,,,,,USD,|BOT|10/30/2014|3|-NRB|+NRB|+NRB
DES,TTWO,STK,SMART/ARCA,,,,,USD,|BOT|10/30/2014|3|-NRB|+NRB|+NRB
DES,ARRS,STK,SMART/ARCA,,,,,USD,|BOT|10/30/2014|3|-NRB|+NRB|+NRB
DES,RDN,STK,SMART/ARCA,,,,,USD,|BOT|10/30/2014|3|-NRB|+NRB|+NRB
DES,TASR,STK,SMART/ARCA,,,,,USD,|BOT|10/30/2014|3|-NRB|+NRB|+NRB
DES,INCY,STK,SMART/ARCA,,,,,USD,|BOT|10/30/2014|3|-NRB|+NRB|+NRB
DES,WTW,STK,SMART/ARCA,,,,,USD,|SLD|10/30/2014|3|-NRB|+NRB|+NRB
DES,BWA,STK,SMART/ARCA,,,,,USD,|SLD|10/30/2014|3|-NRB|+NRB|+NRB
DES,ISIL,STK,SMART/ARCA,,,,,USD,|SLD|10/30/2014|3|-NRB|+NRB|+NRB
DES,Z,STK,SMART/ARCA,,,,,USD,|SLD|10/30/2014|3|-NRB|+NRB|+NRB
DES,SFLY,STK,SMART/ARCA,,,,,USD,|SLD|10/30/2014|3|-NRB|+NRB|+NRB
DES,PRXL,STK,SMART/ARCA,,,,,USD,|SLD|10/30/2014|3|-NRB|+NRB|+NRB
DES,GLUU,STK,SMART/ARCA,,,,,USD,|SLD|10/30/2014|3|-NRB|+NRB|+NRB
DES,LLL,STK,SMART/ARCA,,,,,USD,|SLD|10/30/2014|3|-NRB|+NRB|+NRB
DES,ARAY,STK,SMART/ARCA,,,,,USD,|SLD|10/30/2014|3|-NRB|+NRB|+NRB
DES,MGM,STK,SMART/ARCA,,,,,USD,|SLD|10/30/2014|3|-NRB|+NRB|+NRB
DES,ATML,STK,SMART/ARCA,,,,,USD,|SLD|10/30/2014|3|-NRB|+NRB|+NRB
DES,AKAM,STK,SMART/ARCA,,,,,USD,|SLD|10/30/2014|3|-NRB|+NRB|+NRB
DES,GPRO,STK,SMART/ARCA,,,,,USD,|BOT|10/31/2014|3|+WRB|-NRB|-NRB
DES,YRCW,STK,SMART/ARCA,,,,,USD,|BOT|10/31/2014|3|+WRB|-NRB|-NRB
DES,LNKD,STK,SMART/ARCA,,,,,USD,|BOT|10/31/2014|3|+WRB|-NRB|-NRB
DES,MCHP,STK,SMART/ARCA,,,,,USD,|BOT|10/31/2014|3|+WRB|-NRB|-NRB
DES,ONNN,STK,SMART/ARCA,,,,,USD,|BOT|10/31/2014|3|+WRB|-NRB|-NRB
DES,SPR,STK,SMART/ARCA,,,,,USD,|BOT|10/31/2014|3|+WRB|-NRB|-NRB
DES,WETF,STK,SMART/ARCA,,,,,USD,|BOT|10/31/2014|3|+WRB|-NRB|-NRB
DES,SGMS,STK,SMART/ARCA,,,,,USD,|BOT|10/31/2014|3|+WRB|-NRB|-NRB
DES,BYD,STK,SMART/ARCA,,,,,USD,|BOT|10/31/2014|3|+WRB|-NRB|-NRB
DES,WU,STK,SMART/ARCA,,,,,USD,|BOT|10/31/2014|3|+WRB|-NRB|-NRB
DES,TRMB,STK,SMART/ARCA,,,,,USD,|SLD|10/31/2014|3|+WRB|-NRB|-NRB
DES,SBUX,STK,SMART/ARCA,,,,,USD,|SLD|10/31/2014|3|+WRB|-NRB|-NRB
DES,COMM,STK,SMART/ARCA,,,,,USD,|SLD|10/31/2014|3|+WRB|-NRB|-NRB
DES,CCI,STK,SMART/ARCA,,,,,USD,|SLD|10/31/2014|3|+WRB|-NRB|-NRB
DES,NEM,STK,SMART/ARCA,,,,,USD,|SLD|10/31/2014|3|+WRB|-NRB|-NRB
DES,EGO,STK,SMART/ARCA,,,,,USD,|SLD|10/31/2014|3|+WRB|-NRB|-NRB
DES,AEGR,STK,SMART/ARCA,,,,,USD,|SLD|10/31/2014|3|+WRB|-NRB|-NRB
DES,SAPE,STK,SMART/ARCA,,,,,USD,|BOT|11/03/2014|3|+NRB|+NRB|-NRB
DES,GERN,STK,SMART/ARCA,,,,,USD,|BOT|11/03/2014|3|+NRB|+NRB|-NRB
DES,A,STK,SMART/ARCA,,,,,USD,|SLD|11/03/2014|3|+NRB|+NRB|-NRB
DES,ODP,STK,SMART/ARCA,,,,,USD,|BOT|11/04/2014|3|-NRB|+NRB|-NRB
DES,AER,STK,SMART/ARCA,,,,,USD,|BOT|11/04/2014|3|-NRB|+NRB|-NRB
DES,MWW,STK,SMART/ARCA,,,,,USD,|BOT|11/04/2014|3|-NRB|+NRB|-NRB
DES,HLF,STK,SMART/ARCA,,,,,USD,|SLD|11/04/2014|3|-NRB|+NRB|-NRB
DES,PCLN,STK,SMART/ARCA,,,,,USD,|SLD|11/04/2014|3|-NRB|+NRB|-NRB
DES,DISH,STK,SMART/ARCA,,,,,USD,|SLD|11/04/2014|3|-NRB|+NRB|-NRB
DES,KORS,STK,SMART/ARCA,,,,,USD,|SLD|11/04/2014|3|-NRB|+NRB|-NRB
DES,EL,STK,SMART/ARCA,,,,,USD,|SLD|11/04/2014|3|-NRB|+NRB|-NRB
DES,SALE,STK,SMART/ARCA,,,,,USD,|SLD|11/04/2014|3|-NRB|+NRB|-NRB
DES,BKW,STK,SMART/ARCA,,,,,USD,|SLD|11/04/2014|3|-NRB|+NRB|-NRB
DES,GDP,STK,SMART/ARCA,,,,,USD,|SLD|11/04/2014|3|-NRB|+NRB|-NRB
DES,S,STK,SMART/ARCA,,,,,USD,|SLD|11/04/2014|3|-NRB|+NRB|-NRB
DES,DISCA,STK,SMART/ARCA,,,,,USD,|SLD|11/04/2014|3|-NRB|+NRB|-NRB
DES,ATVI,STK,SMART/ARCA,,,,,USD,|BOT|11/05/2014|3|+NRB|+NRB|+NRB
DES,MGA,STK,SMART/ARCA,,,,,USD,|BOT|11/05/2014|3|+NRB|+NRB|+NRB
DES,MDLZ,STK,SMART/ARCA,,,,,USD,|BOT|11/05/2014|3|+NRB|+NRB|+NRB
DES,COUP,STK,SMART/ARCA,,,,,USD,|BOT|11/05/2014|3|+NRB|+NRB|+NRB
DES,JAZZ,STK,SMART/ARCA,,,,,USD,|BOT|11/05/2014|3|+NRB|+NRB|+NRB
DES,TWX,STK,SMART/ARCA,,,,,USD,|BOT|11/05/2014|3|+NRB|+NRB|+NRB
DES,CTSH,STK,SMART/ARCA,,,,,USD,|BOT|11/05/2014|3|+NRB|+NRB|+NRB
DES,FEYE,STK,SMART/ARCA,,,,,USD,|SLD|11/05/2014|3|+NRB|+NRB|+NRB
DES,ZU,STK,SMART/ARCA,,,,,USD,|SLD|11/05/2014|3|+NRB|+NRB|+NRB
DES,TRIP,STK,SMART/ARCA,,,,,USD,|SLD|11/05/2014|3|+NRB|+NRB|+NRB
DES,NUS,STK,SMART/ARCA,,,,,USD,|SLD|11/05/2014|3|+NRB|+NRB|+NRB
DES,PXD,STK,SMART/ARCA,,,,,USD,|SLD|11/05/2014|3|+NRB|+NRB|+NRB
DES,AWAY,STK,SMART/ARCA,,,,,USD,|SLD|11/05/2014|3|+NRB|+NRB|+NRB
DES,ARIA,STK,SMART/ARCA,,,,,USD,|SLD|11/05/2014|3|+NRB|+NRB|+NRB
DES,DATA,STK,SMART/ARCA,,,,,USD,|BOT|11/06/2014|3|+NRB|+NRB|+NRB
DES,NWSA,STK,SMART/ARCA,,,,,USD,|BOT|11/06/2014|3|+NRB|+NRB|+NRB
DES,WFM,STK,SMART/ARCA,,,,,USD,|BOT|11/06/2014|3|+NRB|+NRB|+NRB
DES,MBI,STK,SMART/ARCA,,,,,USD,|BOT|11/06/2014|3|+NRB|+NRB|+NRB
DES,NDLS,STK,SMART/ARCA,,,,,USD,|BOT|11/06/2014|3|+NRB|+NRB|+NRB
DES,SWIR,STK,SMART/ARCA,,,,,USD,|BOT|11/06/2014|3|+NRB|+NRB|+NRB
DES,KATE,STK,SMART/ARCA,,,,,USD,|BOT|11/06/2014|3|+NRB|+NRB|+NRB
DES,ACAS,STK,SMART/ARCA,,,,,USD,|BOT|11/06/2014|3|+NRB|+NRB|+NRB
DES,CPN,STK,SMART/ARCA,,,,,USD,|BOT|11/06/2014|3|+NRB|+NRB|+NRB
DES,Z,STK,SMART/ARCA,,,,,USD,|SLD|11/06/2014|3|+NRB|+NRB|+NRB
DES,GNW,STK,SMART/ARCA,,,,,USD,|SLD|11/06/2014|3|+NRB|+NRB|+NRB
DES,QCOM,STK,SMART/ARCA,,,,,USD,|SLD|11/06/2014|3|+NRB|+NRB|+NRB
DES,PRU,STK,SMART/ARCA,,,,,USD,|SLD|11/06/2014|3|+NRB|+NRB|+NRB
DES,CLR,STK,SMART/ARCA,,,,,USD,|SLD|11/06/2014|3|+NRB|+NRB|+NRB
DES,AAP,STK,SMART/ARCA,,,,,USD,|SLD|11/06/2014|3|+NRB|+NRB|+NRB
DES,TAP,STK,SMART/ARCA,,,,,USD,|SLD|11/06/2014|3|+NRB|+NRB|+NRB
DES,WWWW,STK,SMART/ARCA,,,,,USD,|SLD|11/06/2014|3|+NRB|+NRB|+NRB
DES,CF,STK,SMART/ARCA,,,,,USD,|SLD|11/06/2014|3|+NRB|+NRB|+NRB
DES,GNRC,STK,SMART/ARCA,,,,,USD,|SLD|11/06/2014|3|+NRB|+NRB|+NRB
DES,WIN,STK,SMART/ARCA,,,,,USD,|SLD|11/06/2014|3|+NRB|+NRB|+NRB
DES,MRC,STK,SMART/ARCA,,,,,USD,|BOT|11/07/2014|3|+NRB|+NRB|+NRB
DES,KING,STK,SMART/ARCA,,,,,USD,|BOT|11/07/2014|3|+NRB|+NRB|+NRB
DES,ZNGA,STK,SMART/ARCA,,,,,USD,|BOT|11/07/2014|3|+NRB|+NRB|+NRB
DES,LGF,STK,SMART/ARCA,,,,,USD,|BOT|11/07/2014|3|+NRB|+NRB|+NRB
DES,SHLD,STK,SMART/ARCA,,,,,USD,|BOT|11/07/2014|3|+NRB|+NRB|+NRB
DES,NVDA,STK,SMART/ARCA,,,,,USD,|BOT|11/07/2014|3|+NRB|+NRB|+NRB
DES,CTB,STK,SMART/ARCA,,,,,USD,|BOT|11/07/2014|3|+NRB|+NRB|+NRB
DES,SLXP,STK,SMART/ARCA,,,,,USD,|SLD|11/07/2014|3|+NRB|+NRB|+NRB
DES,UBNT,STK,SMART/ARCA,,,,,USD,|SLD|11/07/2014|3|+NRB|+NRB|+NRB
DES,MDRX,STK,SMART/ARCA,,,,,USD,|SLD|11/07/2014|3|+NRB|+NRB|+NRB
DES,CSC,STK,SMART/ARCA,,,,,USD,|SLD|11/07/2014|3|+NRB|+NRB|+NRB
DES,ANF,STK,SMART/ARCA,,,,,USD,|SLD|11/07/2014|3|+NRB|+NRB|+NRB
DES,FSLR,STK,SMART/ARCA,,,,,USD,|SLD|11/07/2014|3|+NRB|+NRB|+NRB
DES,GXP,STK,SMART/ARCA,,,,,USD,|SLD|11/07/2014|3|+NRB|+NRB|+NRB
DES,HUM,STK,SMART/ARCA,,,,,USD,|SLD|11/07/2014|3|+NRB|+NRB|+NRB
DES,DVA,STK,SMART/ARCA,,,,,USD,|SLD|11/07/2014|3|+NRB|+NRB|+NRB
DES,DF,STK,SMART/ARCA,,,,,USD,|BOT|11/10/2014|3|+NRB|+NRB|+NRB
DES,DDD,STK,SMART/ARCA,,,,,USD,|BOT|11/10/2014|3|+NRB|+NRB|+NRB
DES,WWAV,STK,SMART/ARCA,,,,,USD,|BOT|11/10/2014|3|+NRB|+NRB|+NRB
DES,BID,STK,SMART/ARCA,,,,,USD,|BOT|11/10/2014|3|+NRB|+NRB|+NRB
DES,GPRO,STK,SMART/ARCA,,,,,USD,|SLD|11/10/2014|3|+NRB|+NRB|+NRB
DES,GOGO,STK,SMART/ARCA,,,,,USD,|SLD|11/10/2014|3|+NRB|+NRB|+NRB
DES,RAX,STK,SMART/ARCA,,,,,USD,|BOT|11/11/2014|3|+NRB|+NRB|+NRB
DES,ACHN,STK,SMART/ARCA,,,,,USD,|BOT|11/11/2014|3|+NRB|+NRB|+NRB
DES,VSLR,STK,SMART/ARCA,,,,,USD,|SLD|11/11/2014|3|+NRB|+NRB|+NRB
DES,CZR,STK,SMART/ARCA,,,,,USD,|SLD|11/11/2014|3|+NRB|+NRB|+NRB
DES,BLMN,STK,SMART/ARCA,,,,,USD,|SLD|11/11/2014|3|+NRB|+NRB|+NRB
DES,FOSL,STK,SMART/ARCA,,,,,USD,|BOT|11/12/2014|3|-NRB|+NRB|+NRB
DES,ADT,STK,SMART/ARCA,,,,,USD,|BOT|11/12/2014|3|-NRB|+NRB|+NRB
DES,MTOR,STK,SMART/ARCA,,,,,USD,|BOT|11/12/2014|3|-NRB|+NRB|+NRB
DES,CSIQ,STK,SMART/ARCA,,,,,USD,|BOT|11/12/2014|3|-NRB|+NRB|+NRB
DES,FLO,STK,SMART/ARCA,,,,,USD,|SLD|11/12/2014|3|-NRB|+NRB|+NRB
DES,PLUG,STK,SMART/ARCA,,,,,USD,|SLD|11/12/2014|3|-NRB|+NRB|+NRB
DES,SEAS,STK,SMART/ARCA,,,,,USD,|SLD|11/12/2014|3|-NRB|+NRB|+NRB
DES,FUEL,STK,SMART/ARCA,,,,,USD,|BOT|11/13/2014|3|+NRB|+NRB|+NRB
DES,DWA,STK,SMART/ARCA,,,,,USD,|BOT|11/13/2014|3|+NRB|+NRB|+NRB
DES,CYBR,STK,SMART/ARCA,,,,,USD,|BOT|11/13/2014|3|+NRB|+NRB|+NRB
DES,WMT,STK,SMART/ARCA,,,,,USD,|BOT|11/13/2014|3|+NRB|+NRB|+NRB
DES,NTAP,STK,SMART/ARCA,,,,,USD,|SLD|11/13/2014|3|+NRB|+NRB|+NRB
DES,TYC,STK,SMART/ARCA,,,,,USD,|SLD|11/13/2014|3|+NRB|+NRB|+NRB
DES,JWN,STK,SMART/ARCA,,,,,USD,|BOT|11/14/2014|3|+NRB|+NRB|+NRB
DES,YOKU,STK,SMART/ARCA,,,,,USD,|SLD|11/14/2014|3|+NRB|+NRB|+NRB
DES,SINA,STK,SMART/ARCA,,,,,USD,|SLD|11/14/2014|3|+NRB|+NRB|+NRB
DES,TSN,STK,SMART/ARCA,,,,,USD,|BOT|11/17/2014|3|-NRB|+NRB|+NRB
DES,AGN,STK,SMART/ARCA,,,,,USD,|BOT|11/17/2014|3|-NRB|+NRB|+NRB
DES,EXH,STK,SMART/ARCA,,,,,USD,|BOT|11/17/2014|3|-NRB|+NRB|+NRB
DES,BHI,STK,SMART/ARCA,,,,,USD,|BOT|11/17/2014|3|-NRB|+NRB|+NRB
DES,MU,STK,SMART/ARCA,,,,,USD,|SLD|11/17/2014|3|-NRB|+NRB|+NRB
DES,DNR,STK,SMART/ARCA,,,,,USD,|SLD|11/17/2014|3|-NRB|+NRB|+NRB
DES,JASO,STK,SMART/ARCA,,,,,USD,|BOT|11/18/2014|3|+NRB|+NRB|+NRB
DES,SUNE,STK,SMART/ARCA,,,,,USD,|BOT|11/18/2014|3|+NRB|+NRB|+NRB
DES,URBN,STK,SMART/ARCA,,,,,USD,|SLD|11/18/2014|3|+NRB|+NRB|+NRB
DES,CBSO,STK,SMART/ARCA,,,,,USD,|SLD|11/18/2014|3|+NRB|+NRB|+NRB
DES,HD,STK,SMART/ARCA,,,,,USD,|SLD|11/18/2014|3|+NRB|+NRB|+NRB
DES,PF,STK,SMART/ARCA,,,,,USD,|SLD|11/18/2014|3|+NRB|+NRB|+NRB
DES,JACK,STK,SMART/ARCA,,,,,USD,|BOT|11/19/2014|3|-NRB|-NRB|-NRB
DES,Z,STK,SMART/ARCA,,,,,USD,|BOT|11/19/2014|3|-NRB|-NRB|-NRB
DES,TGT,STK,SMART/ARCA,,,,,USD,|BOT|11/19/2014|3|-NRB|-NRB|-NRB
DES,PETM,STK,SMART/ARCA,,,,,USD,|BOT|11/19/2014|3|-NRB|-NRB|-NRB
DES,LOW,STK,SMART/ARCA,,,,,USD,|BOT|11/19/2014|3|-NRB|-NRB|-NRB
DES,VIPS,STK,SMART/ARCA,,,,,USD,|SLD|11/19/2014|3|-NRB|-NRB|-NRB
DES,CLF,STK,SMART/ARCA,,,,,USD,|SLD|11/19/2014|3|-NRB|-NRB|-NRB
DES,MBLY,STK,SMART/ARCA,,,,,USD,|BOT|11/20/2014|3|-NRB|+NRB|+NRB
DES,BBY,STK,SMART/ARCA,,,,,USD,|BOT|11/20/2014|3|-NRB|+NRB|+NRB
DES,MIK,STK,SMART/ARCA,,,,,USD,|BOT|11/20/2014|3|-NRB|+NRB|+NRB
DES,WSM,STK,SMART/ARCA,,,,,USD,|BOT|11/20/2014|3|-NRB|+NRB|+NRB
DES,DLTR,STK,SMART/ARCA,,,,,USD,|BOT|11/20/2014|3|-NRB|+NRB|+NRB
DES,CRM,STK,SMART/ARCA,,,,,USD,|SLD|11/20/2014|3|-NRB|+NRB|+NRB
DES,GMCR,STK,SMART/ARCA,,,,,USD,|SLD|11/20/2014|3|-NRB|+NRB|+NRB
DES,GPRO,STK,SMART/ARCA,,,,,USD,|SLD|11/20/2014|3|-NRB|+NRB|+NRB
DES,JMEI,STK,SMART/ARCA,,,,,USD,|SLD|11/20/2014|3|-NRB|+NRB|+NRB
DES,LOCO,STK,SMART/ARCA,,,,,USD,|SLD|11/20/2014|3|-NRB|+NRB|+NRB
DES,BID,STK,SMART/ARCA,,,,,USD,|BOT|11/21/2014|3|+NRB|-NRB|-NRB
DES,SPLK,STK,SMART/ARCA,,,,,USD,|BOT|11/21/2014|3|+NRB|-NRB|-NRB
DES,ADSK,STK,SMART/ARCA,,,,,USD,|BOT|11/21/2014|3|+NRB|-NRB|-NRB
DES,FL,STK,SMART/ARCA,,,,,USD,|BOT|11/21/2014|3|+NRB|-NRB|-NRB
DES,MRVL,STK,SMART/ARCA,,,,,USD,|BOT|11/21/2014|3|+NRB|-NRB|-NRB
DES,ROST,STK,SMART/ARCA,,,,,USD,|BOT|11/21/2014|3|+NRB|-NRB|-NRB
DES,GME,STK,SMART/ARCA,,,,,USD,|SLD|11/21/2014|3|+NRB|-NRB|-NRB
DES,GPS,STK,SMART/ARCA,,,,,USD,|SLD|11/21/2014|3|+NRB|-NRB|-NRB
DES,BERY,STK,SMART/ARCA,,,,,USD,|SLD|11/21/2014|3|+NRB|-NRB|-NRB
DES,ARUN,STK,SMART/ARCA,,,,,USD,|SLD|11/21/2014|3|+NRB|-NRB|-NRB
DES,TSL,STK,SMART/ARCA,,,,,USD,|SLD|11/24/2014|3|+NRB|-NRB|+NRB
DES,CBI,STK,SMART/ARCA,,,,,USD,|SLD|11/24/2014|3|+NRB|-NRB|+NRB
DES,NUAN,STK,SMART/ARCA,,,,,USD,|BOT|11/25/2014|3|+NRB|+NRB|-NRB
DES,EV,STK,SMART/ARCA,,,,,USD,|BOT|11/25/2014|3|+NRB|+NRB|-NRB
DES,DSW,STK,SMART/ARCA,,,,,USD,|BOT|11/25/2014|3|+NRB|+NRB|-NRB
DES,QIHU,STK,SMART/ARCA,,,,,USD,|BOT|11/25/2014|3|+NRB|+NRB|-NRB
DES,PANW,STK,SMART/ARCA,,,,,USD,|BOT|11/25/2014|3|+NRB|+NRB|-NRB
DES,SIG,STK,SMART/ARCA,,,,,USD,|BOT|11/25/2014|3|+NRB|+NRB|-NRB
DES,TIF,STK,SMART/ARCA,,,,,USD,|BOT|11/25/2014|3|+NRB|+NRB|-NRB
DES,DANG,STK,SMART/ARCA,,,,,USD,|SLD|11/25/2014|3|+NRB|+NRB|-NRB
DES,WDAY,STK,SMART/ARCA,,,,,USD,|SLD|11/25/2014|3|+NRB|+NRB|-NRB
DES,BRCD,STK,SMART/ARCA,,,,,USD,|SLD|11/25/2014|3|+NRB|+NRB|-NRB
DES,HRL,STK,SMART/ARCA,,,,,USD,|SLD|11/25/2014|3|+NRB|+NRB|-NRB
DES,BLOX,STK,SMART/ARCA,,,,,USD,|BOT|11/26/2014|3|+NRB|+NRB|+NRB
DES,VEEV,STK,SMART/ARCA,,,,,USD,|BOT|11/26/2014|3|+NRB|+NRB|+NRB
DES,TASR,STK,SMART/ARCA,,,,,USD,|BOT|11/26/2014|3|+NRB|+NRB|+NRB
DES,CTRP,STK,SMART/ARCA,,,,,USD,|SLD|11/26/2014|3|+NRB|+NRB|+NRB
DES,SDRL,STK,SMART/ARCA,,,,,USD,|SLD|11/26/2014|3|+NRB|+NRB|+NRB
DES,RIG,STK,SMART/ARCA,,,,,USD,|SLD|11/26/2014|3|+NRB|+NRB|+NRB
DES,VNET,STK,SMART/ARCA,,,,,USD,|SLD|11/26/2014|3|+NRB|+NRB|+NRB
DES,BIIB,STK,SMART/ARCA,,,,,USD,|BOT|12/02/2014|3|+NRB|+NRB|+NRB
DES,SQNM,STK,SMART/ARCA,,,,,USD,|BOT|12/03/2014|3|+NRB|+NRB|+NRB
DES,JCP,STK,SMART/ARCA,,,,,USD,|SLD|12/03/2014|3|+NRB|+NRB|+NRB
DES,KR,STK,SMART/ARCA,,,,,USD,|BOT|12/04/2014|3|-NRB|-NRB|-NRB
DES,AVGO,STK,SMART/ARCA,,,,,USD,|BOT|12/04/2014|3|-NRB|-NRB|-NRB
DES,ARRY,STK,SMART/ARCA,,,,,USD,|BOT|12/04/2014|3|-NRB|-NRB|-NRB
DES,HE,STK,SMART/ARCA,,,,,USD,|BOT|12/04/2014|3|-NRB|-NRB|-NRB
DES,ENB,STK,SMART/ARCA,,,,,USD,|BOT|12/04/2014|3|-NRB|-NRB|-NRB
DES,VRNT,STK,SMART/ARCA,,,,,USD,|SLD|12/04/2014|3|-NRB|-NRB|-NRB
DES,EXPR,STK,SMART/ARCA,,,,,USD,|SLD|12/04/2014|3|-NRB|-NRB|-NRB
DES,BKS,STK,SMART/ARCA,,,,,USD,|SLD|12/04/2014|3|-NRB|-NRB|-NRB
DES,ARO,STK,SMART/ARCA,,,,,USD,|SLD|12/04/2014|3|-NRB|-NRB|-NRB
DES,ULTA,STK,SMART/ARCA,,,,,USD,|BOT|12/05/2014|3|+NRB|+NRB|+NRB
DES,SYNA,STK,SMART/ARCA,,,,,USD,|BOT|12/05/2014|3|+NRB|+NRB|+NRB
DES,BIG,STK,SMART/ARCA,,,,,USD,|SLD|12/05/2014|3|+NRB|+NRB|+NRB
DES,AEO,STK,SMART/ARCA,,,,,USD,|SLD|12/05/2014|3|+NRB|+NRB|+NRB
DES,FIVE,STK,SMART/ARCA,,,,,USD,|SLD|12/05/2014|3|+NRB|+NRB|+NRB
DES,PSEC,STK,SMART/ARCA,,,,,USD,|SLD|12/08/2014|3|-NRB|+NRB|-NRB
DES,WLL,STK,SMART/ARCA,,,,,USD,|SLD|12/08/2014|3|-NRB|+NRB|-NRB
DES,DOV,STK,SMART/ARCA,,,,,USD,|SLD|12/08/2014|3|-NRB|+NRB|-NRB
DES,AZO,STK,SMART/ARCA,,,,,USD,|BOT|12/09/2014|3|-NRB|+NRB|+NRB
DES,ANF,STK,SMART/ARCA,,,,,USD,|BOT|12/09/2014|3|-NRB|+NRB|+NRB
DES,HRB,STK,SMART/ARCA,,,,,USD,|SLD|12/09/2014|3|-NRB|+NRB|+NRB
DES,GPRO,STK,SMART/ARCA,,,,,USD,|SLD|12/09/2014|3|-NRB|+NRB|+NRB
DES,SAVE,STK,SMART/ARCA,,,,,USD,|SLD|12/09/2014|3|-NRB|+NRB|+NRB
DES,CONN,STK,SMART/ARCA,,,,,USD,|SLD|12/09/2014|3|-NRB|+NRB|+NRB
DES,COST,STK,SMART/ARCA,,,,,USD,|BOT|12/10/2014|3|-NRB|-NRB|-WRB
DES,KKD,STK,SMART/ARCA,,,,,USD,|SLD|12/10/2014|3|-NRB|-NRB|-WRB
DES,YUM,STK,SMART/ARCA,,,,,USD,|SLD|12/10/2014|3|-NRB|-NRB|-WRB
DES,LE,STK,SMART/ARCA,,,,,USD,|SLD|12/10/2014|3|-NRB|-NRB|-WRB
DES,CIEN,STK,SMART/ARCA,,,,,USD,|BOT|12/11/2014|3|+NRB|+NRB|+NRB
DES,RH,STK,SMART/ARCA,,,,,USD,|BOT|12/11/2014|3|+NRB|+NRB|+NRB
DES,ODP,STK,SMART/ARCA,,,,,USD,|BOT|12/11/2014|3|+NRB|+NRB|+NRB
DES,SPLS,STK,SMART/ARCA,,,,,USD,|BOT|12/11/2014|3|+NRB|+NRB|+NRB
DES,LULU,STK,SMART/ARCA,,,,,USD,|BOT|12/11/2014|3|+NRB|+NRB|+NRB
DES,MEI,STK,SMART/ARCA,,,,,USD,|BOT|12/11/2014|3|+NRB|+NRB|+NRB
DES,MW,STK,SMART/ARCA,,,,,USD,|SLD|12/11/2014|3|+NRB|+NRB|+NRB
DES,ADBE,STK,SMART/ARCA,,,,,USD,|BOT|12/12/2014|3|-NRB|+NRB|+NRB
DES,TLM,STK,SMART/ARCA,,,,,USD,|BOT|12/12/2014|3|-NRB|+NRB|+NRB
DES,FRO,STK,SMART/ARCA,,,,,USD,|BOT|12/12/2014|3|-NRB|+NRB|+NRB
DES,ARMK,STK,SMART/ARCA,,,,,USD,|SLD|12/12/2014|3|-NRB|+NRB|+NRB
DES,TLM,STK,SMART/ARCA,,,,,USD,|BOT|12/15/2014|3|+NRB|-NRB|-WRB
DES,OPK,STK,SMART/ARCA,,,,,USD,|BOT|12/15/2014|3|+NRB|-NRB|-WRB
DES,PETM,STK,SMART/ARCA,,,,,USD,|BOT|12/15/2014|3|+NRB|-NRB|-WRB
DES,RVBD,STK,SMART/ARCA,,,,,USD,|BOT|12/15/2014|3|+NRB|-NRB|-WRB
DES,ARCP,STK,SMART/ARCA,,,,,USD,|SLD|12/15/2014|3|+NRB|-NRB|-WRB
DES,SLXP,STK,SMART/ARCA,,,,,USD,|BOT|12/16/2014|3|-NRB|+NRB|-NRB
DES,TLM,STK,SMART/ARCA,,,,,USD,|BOT|12/16/2014|3|-NRB|+NRB|-NRB
DES,NAV,STK,SMART/ARCA,,,,,USD,|SLD|12/16/2014|3|-NRB|+NRB|-NRB
DES,CERS,STK,SMART/ARCA,,,,,USD,|BOT|12/17/2014|3|+NRB|+NRB|+WRB
DES,VOLC,STK,SMART/ARCA,,,,,USD,|BOT|12/17/2014|3|+NRB|+NRB|+WRB
DES,DRIV,STK,SMART/ARCA,,,,,USD,|BOT|12/17/2014|3|+NRB|+NRB|+WRB
DES,FDX,STK,SMART/ARCA,,,,,USD,|SLD|12/17/2014|3|+NRB|+NRB|+WRB
DES,JOY,STK,SMART/ARCA,,,,,USD,|SLD|12/17/2014|3|+NRB|+NRB|+WRB
DES,CLF,STK,SMART/ARCA,,,,,USD,|SLD|12/17/2014|3|+NRB|+NRB|+WRB
DES,ORCL,STK,SMART/ARCA,,,,,USD,|BOT|12/18/2014|3|+NRB|-NRB|+NRB
DES,ACN,STK,SMART/ARCA,,,,,USD,|BOT|12/18/2014|3|+NRB|-NRB|+NRB
DES,RAD,STK,SMART/ARCA,,,,,USD,|BOT|12/18/2014|3|+NRB|-NRB|+NRB
DES,JBL,STK,SMART/ARCA,,,,,USD,|BOT|12/18/2014|3|+NRB|-NRB|+NRB
DES,DNKN,STK,SMART/ARCA,,,,,USD,|SLD|12/18/2014|3|+NRB|-NRB|+NRB
DES,SIMG,STK,SMART/ARCA,,,,,USD,|SLD|12/18/2014|3|+NRB|-NRB|+NRB
DES,PIR,STK,SMART/ARCA,,,,,USD,|BOT|12/19/2014|3|-NRB|-NRB|+NRB
DES,RHT,STK,SMART/ARCA,,,,,USD,|BOT|12/19/2014|3|-NRB|-NRB|+NRB
DES,CTAS,STK,SMART/ARCA,,,,,USD,|BOT|12/19/2014|3|-NRB|-NRB|+NRB
DES,KMX,STK,SMART/ARCA,,,,,USD,|BOT|12/19/2014|3|-NRB|-NRB|+NRB
DES,CERS,STK,SMART/ARCA,,,,,USD,|BOT|12/19/2014|3|-NRB|-NRB|+NRB
DES,FINL,STK,SMART/ARCA,,,,,USD,|SLD|12/19/2014|3|-NRB|-NRB|+NRB
DES,BBRY,STK,SMART/ARCA,,,,,USD,|SLD|12/19/2014|3|-NRB|-NRB|+NRB
DES,IMGN,STK,SMART/ARCA,,,,,USD,|SLD|12/19/2014|3|-NRB|-NRB|+NRB
DES,ACHN,STK,SMART/ARCA,,,,,USD,|BOT|12/22/2014|3|+NRB|+NRB|+NRB
DES,CZR,STK,SMART/ARCA,,,,,USD,|BOT|12/22/2014|3|+NRB|+NRB|+NRB
DES,GILD,STK,SMART/ARCA,,,,,USD,|SLD|12/22/2014|3|+NRB|+NRB|+NRB
DES,OCN,STK,SMART/ARCA,,,,,USD,|SLD|12/22/2014|3|+NRB|+NRB|+NRB
DES,VNDA,STK,SMART/ARCA,,,,,USD,|BOT|12/23/2014|3|+NRB|+NRB|-NRB
DES,WAG,STK,SMART/ARCA,,,,,USD,|BOT|12/23/2014|3|+NRB|+NRB|-NRB
DES,CY,STK,SMART/ARCA,,,,,USD,|BOT|12/23/2014|3|+NRB|+NRB|-NRB
DES,GMCR,STK,SMART/ARCA,,,,,USD,|SLD|12/23/2014|3|+NRB|+NRB|-NRB
DES,CVEO,STK,SMART/ARCA,,,,,USD,|SLD|12/30/2014|3|-NRB|-NRB|-NRB
DES,TRW,STK,SMART/ARCA,,,,,USD,|SLD|02/02/2015|3|+NRB|+NRB|+NRBBT
DES,AN,STK,SMART/ARCA,,,,,USD,|BOT|02/03/2015|3|+NRB|+NRB|+NRB
DES,CSIQ,STK,SMART/ARCA,,,,,USD,|BOT|02/03/2015|3|+NRB|+NRB|+NRB
DES,AGCO,STK,SMART/ARCA,,,,,USD,|BOT|02/03/2015|3|+NRB|+NRB|+NRB
DES,ADVS,STK,SMART/ARCA,,,,,USD,|BOT|02/03/2015|3|+NRB|+NRB|+NRB
DES,IDTI,STK,SMART/ARCA,,,,,USD,|BOT|02/03/2015|3|+NRB|+NRB|+NRB
DES,ODP,STK,SMART/ARCA,,,,,USD,|BOT|02/03/2015|3|+NRB|+NRB|+NRB
DES,SPLS,STK,SMART/ARCA,,,,,USD,|BOT|02/03/2015|3|+NRB|+NRB|+NRB
DES,RCII,STK,SMART/ARCA,,,,,USD,|SLD|02/03/2015|3|+NRB|+NRB|+NRB
DES,SSYS,STK,SMART/ARCA,,,,,USD,|SLD|02/03/2015|3|+NRB|+NRB|+NRB
DES,HCA,STK,SMART/ARCA,,,,,USD,|SLD|02/03/2015|3|+NRB|+NRB|+NRB
DES,DIS,STK,SMART/ARCA,,,,,USD,|BOT|02/04/2015|3|-NRB|+NRB|+NRB
DES,CLX,STK,SMART/ARCA,,,,,USD,|BOT|02/04/2015|3|-NRB|+NRB|+NRB
DES,KSS,STK,SMART/ARCA,,,,,USD,|BOT|02/04/2015|3|-NRB|+NRB|+NRB
DES,EW,STK,SMART/ARCA,,,,,USD,|BOT|02/04/2015|3|-NRB|+NRB|+NRB
DES,GM,STK,SMART/ARCA,,,,,USD,|BOT|02/04/2015|3|-NRB|+NRB|+NRB
DES,MYGN,STK,SMART/ARCA,,,,,USD,|SLD|02/04/2015|3|-NRB|+NRB|+NRB
DES,GILD,STK,SMART/ARCA,,,,,USD,|SLD|02/04/2015|3|-NRB|+NRB|+NRB
DES,CMG,STK,SMART/ARCA,,,,,USD,|SLD|02/04/2015|3|-NRB|+NRB|+NRB
DES,HUM,STK,SMART/ARCA,,,,,USD,|SLD|02/04/2015|3|-NRB|+NRB|+NRB
DES,RL,STK,SMART/ARCA,,,,,USD,|SLD|02/04/2015|3|-NRB|+NRB|+NRB
DES,ATW,STK,SMART/ARCA,,,,,USD,|SLD|02/04/2015|3|-NRB|+NRB|+NRB
DES,GRUB,STK,SMART/ARCA,,,,,USD,|BOT|02/05/2015|3|+NRB|+NRB|+NRB
DES,GLUU,STK,SMART/ARCA,,,,,USD,|BOT|02/05/2015|3|+NRB|+NRB|+NRB
DES,FTR,STK,SMART/ARCA,,,,,USD,|BOT|02/05/2015|3|+NRB|+NRB|+NRB
DES,GRA,STK,SMART/ARCA,,,,,USD,|BOT|02/05/2015|3|+NRB|+NRB|+NRB
DES,SNCR,STK,SMART/ARCA,,,,,USD,|BOT|02/05/2015|3|+NRB|+NRB|+NRB
DES,DATA,STK,SMART/ARCA,,,,,USD,|BOT|02/05/2015|3|+NRB|+NRB|+NRB
DES,PRU,STK,SMART/ARCA,,,,,USD,|SLD|02/05/2015|3|+NRB|+NRB|+NRB
DES,CMI,STK,SMART/ARCA,,,,,USD,|SLD|02/05/2015|3|+NRB|+NRB|+NRB
DES,FOXA,STK,SMART/ARCA,,,,,USD,|SLD|02/05/2015|3|+NRB|+NRB|+NRB
DES,KORS,STK,SMART/ARCA,,,,,USD,|SLD|02/05/2015|3|+NRB|+NRB|+NRB
DES,GMCR,STK,SMART/ARCA,,,,,USD,|SLD|02/05/2015|3|+NRB|+NRB|+NRB
DES,ATML,STK,SMART/ARCA,,,,,USD,|SLD|02/05/2015|3|+NRB|+NRB|+NRB
DES,TDC,STK,SMART/ARCA,,,,,USD,|SLD|02/05/2015|3|+NRB|+NRB|+NRB
DES,FBHS,STK,SMART/ARCA,,,,,USD,|SLD|02/05/2015|3|+NRB|+NRB|+NRB
DES,FMC,STK,SMART/ARCA,,,,,USD,|SLD|02/05/2015|3|+NRB|+NRB|+NRB
DES,IRBT,STK,SMART/ARCA,,,,,USD,|SLD|02/05/2015|3|+NRB|+NRB|+NRB
DES,APO,STK,SMART/ARCA,,,,,USD,|SLD|02/05/2015|3|+NRB|+NRB|+NRB
DES,TWTR,STK,SMART/ARCA,,,,,USD,|BOT|02/06/2015|3|+NRB|-NRB|-NRB
DES,YRCW,STK,SMART/ARCA,,,,,USD,|BOT|02/06/2015|3|+NRB|-NRB|-NRB
DES,ONNN,STK,SMART/ARCA,,,,,USD,|BOT|02/06/2015|3|+NRB|-NRB|-NRB
DES,UBNT,STK,SMART/ARCA,,,,,USD,|BOT|02/06/2015|3|+NRB|-NRB|-NRB
DES,LNKD,STK,SMART/ARCA,,,,,USD,|BOT|02/06/2015|3|+NRB|-NRB|-NRB
DES,BWLD,STK,SMART/ARCA,,,,,USD,|BOT|02/06/2015|3|+NRB|-NRB|-NRB
DES,HRS,STK,SMART/ARCA,,,,,USD,|BOT|02/06/2015|3|+NRB|-NRB|-NRB
DES,YELP,STK,SMART/ARCA,,,,,USD,|SLD|02/06/2015|3|+NRB|-NRB|-NRB
DES,EXPE,STK,SMART/ARCA,,,,,USD,|SLD|02/06/2015|3|+NRB|-NRB|-NRB
DES,ATVI,STK,SMART/ARCA,,,,,USD,|SLD|02/06/2015|3|+NRB|-NRB|-NRB
DES,GPRO,STK,SMART/ARCA,,,,,USD,|SLD|02/06/2015|3|+NRB|-NRB|-NRB
DES,P,STK,SMART/ARCA,,,,,USD,|SLD|02/06/2015|3|+NRB|-NRB|-NRB
DES,DV,STK,SMART/ARCA,,,,,USD,|SLD|02/06/2015|3|+NRB|-NRB|-NRB
DES,TPX,STK,SMART/ARCA,,,,,USD,|SLD|02/06/2015|3|+NRB|-NRB|-NRB
DES,VRSN,STK,SMART/ARCA,,,,,USD,|SLD|02/06/2015|3|+NRB|-NRB|-NRB
DES,CBOE,STK,SMART/ARCA,,,,,USD,|SLD|02/06/2015|3|+NRB|-NRB|-NRB
