DES,LO,STK,SMART,,,,,,|BOT|2/7/2011|2|+NRB|+NRBTT
DES,AOL,STK,SMART,,,,,,|BOT|2/7/2011|2|+NRB|+NRBTT
DES,SYY,STK,SMART,,,,,,|SLD|2/7/2011|2|+NRB|+NRBTT
DES,MF,STK,SMART,,,,,,|SLD|2/7/2011|3|+NRB|+NRBTT
DES,MGM,STK,SMART,,,,,,|BOT|2/8/2011|2|+NRB|+NRBBT
DES,BYD,STK,SMART,,,,,,|BOT|2/8/2011|3|+NRB|+NRBBT
DES,VSH,STK,SMART,,,,,,|BOT|2/8/2011|3|+NRB|+NRBBT
DES,HGG,STK,SMART,,,,,,|SLD|2/8/2011|2|+NRB|+NRBBT
DES,CVH,STK,SMART,,,,,,|SLD|2/8/2011|3|+NRB|+NRBBT
DES,AVP,STK,SMART,,,,,,|SLD|2/8/2011|3|+NRB|+NRBBT
DES,TEVA,STK,SMART,,,,,,|SLD|2/8/2011|2|+NRB|+NRBBT
DES,BZH,STK,SMART,,,,,,|SLD|2/8/2011|2|+NRB|+NRBBT
DES,KO,STK,SMART,,,,,,|BOT|2/9/2011|2|+NRB|+DD
DES,CBL,STK,SMART,,,,,,|BOT|2/9/2011|3|+NRB|+DD
DES,AGU,STK,SMART,,,,,,|BOT|2/9/2011|3|+NRB|+DD
DES,ATML,STK,SMART,,,,,,|BOT|2/9/2011|2|+NRB|+DD
DES,CSC,STK,SMART,,,,,,|SLD|2/9/2011|1|+NRB|+DD
DES,IR,STK,SMART,,,,,,|SLD|2/9/2011|2|+NRB|+DD
DES,ILMN,STK,SMART,,,,,,|SLD|2/9/2011|3|+NRB|+DD
DES,ECA,STK,SMART,,,,,,|BOT|2/10/2011|1|+NRB|+NRB
DES,SQNM,STK,SMART,,,,,,|BOT|2/10/2011|2|+NRB|+NRB
DES,S,STK,SMART,,,,,,|BOT|2/10/2011|3|+NRB|+NRB
DES,ARRS,STK,SMART,,,,,,|BOT|2/10/2011|3|+NRB|+NRB
DES,LH,STK,SMART,,,,,,|SLD|2/10/2011|1|+NRB|+NRB
DES,ALL,STK,SMART,,,,,,|SLD|2/10/2011|2|+NRB|+NRB
DES,AMKR,STK,SMART,,,,,,|SLD|2/10/2011|2|+NRB|+NRB
DES,TEX,STK,SMART,,,,,,|SLD|2/10/2011|3|+NRB|+NRB
DES,ATVI,STK,SMART,,,,,,|SLD|2/10/2011|2|+NRB|+NRB
DES,FLIR,STK,SMART,,,,,,|SLD|2/10/2011|2|+NRB|+NRB
DES,TQNT,STK,SMART,,,,,,|SLD|2/10/2011|2|+NRB|+NRB
DES,CSCO,STK,SMART,,,,,,|SLD|2/10/2011|2|+NRB|+NRB
DES,MTG,STK,SMART,,,,,,|BOT|2/11/2011|2|+NRB|+WRB
DES,MBI,STK,SMART,,,,,,|BOT|2/11/2011|2|+NRB|+WRB
DES,RAX,STK,SMART,,,,,,|BOT|2/11/2011|3|+NRB|+WRB
DES,WBC,STK,SMART,,,,,,|BOT|2/11/2011|2|+NRB|+WRB
DES,TTMI,STK,SMART,,,,,,|SLD|2/11/2011|3|+NRB|+WRB
DES,RSG,STK,SMART,,,,,,|SLD|2/11/2011|3|+NRB|+WRB
DES,MNKD,STK,SMART,,,,,,|SLD|2/11/2011|2|+NRB|+WRB
DES,IM,STK,SMART,,,,,,|SLD|2/11/2011|2|+NRB|+WRB
DES,CEPH,STK,SMART,,,,,,|SLD|2/11/2011|3|+NRB|+WRB
DES,KFT,STK,SMART,,,,,,|SLD|2/11/2011|3|+NRB|+WRB
DES,DISCA,STK,SMART,,,,,,|SLD|2/11/2011|1|+NRB|+WRB
DES,STEC,STK,SMART,,,,,,|BOT|2/14/2011|2|+NRB|+NRB
DES,ARMH,STK,SMART,,,,,,|BOT|2/14/2011|2|+NRB|+NRB
DES,HOLX,STK,SMART,,,,,,|BOT|2/14/2011|2|+NRB|+NRB
DES,MU,STK,SMART,,,,,,|BOT|2/14/2011|3|+NRB|+NRB
DES,GMCR,STK,SMART,,,,,,|SLD|2/14/2011|3|+NRB|+NRB
DES,JOE,STK,SMART,,,,,,|SLD|2/14/2011|3|+NRB|+NRB
DES,MGM,STK,SMART,,,,,,|SLD|2/14/2011|3|+NRB|+NRB
DES,CTRP,STK,SMART,,,,,,|SLD|2/14/2011|2|+NRB|+NRB
DES,X,STK,SMART,,,,,,|BOT|2/15/2011|3|+NRB|-NRBBT
DES,MAR,STK,SMART,,,,,,|BOT|2/15/2011|3|+NRB|-NRBBT
DES,LLNW,STK,SMART,,,,,,|BOT|2/15/2011|3|+NRB|-NRBBT
DES,MAS,STK,SMART,,,,,,|SLD|2/15/2011|3|+NRB|-NRBBT
DES,JDSU,STK,SMART,,,,,,|SLD|2/15/2011|3|+NRB|-NRBBT
DES,FOSL,STK,SMART,,,,,,|SLD|2/15/2011|3|+NRB|-NRBBT
DES,DE,STK,SMART,,,,,,|BOT|2/16/2011|2|+NRB|+NRB
DES,ANF,STK,SMART,,,,,,|BOT|2/16/2011|2|+NRB|+NRB
DES,DG,STK,SMART,,,,,,|BOT|2/16/2011|2|+NRB|+NRB
DES,DELL,STK,SMART,,,,,,|BOT|2/16/2011|3|+NRB|+NRB
DES,DLTR,STK,SMART,,,,,,|BOT|2/16/2011|3|+NRB|+NRB
DES,VCLK,STK,SMART,,,,,,|BOT|2/16/2011|3|+NRB|+NRB
DES,CMCSA,STK,SMART,,,,,,|BOT|2/16/2011|3|+NRB|+NRB
DES,ACAS,STK,SMART,,,,,,|BOT|2/16/2011|3|+NRB|+NRB
DES,OMX,STK,SMART,,,,,,|SLD|2/16/2011|2|+NRB|+NRB
DES,FE,STK,SMART,,,,,,|SLD|2/16/2011|2|+NRB|+NRB
DES,SPLS,STK,SMART,,,,,,|SLD|2/16/2011|3|+NRB|+NRB
DES,DUK,STK,SMART,,,,,,|BOT|2/17/2011|2|+NRB|+NRB
DES,JAH,STK,SMART,,,,,,|BOT|2/17/2011|2|+NRB|+NRB
DES,TRW,STK,SMART,,,,,,|BOT|2/17/2011|2|+NRB|+NRB
DES,SJM,STK,SMART,,,,,,|BOT|2/17/2011|3|+NRB|+NRB
DES,RBCN,STK,SMART,,,,,,|BOT|2/17/2011|3|+NRB|+NRB
DES,IO,STK,SMART,,,,,,|BOT|2/17/2011|3|+NRB|+NRB
DES,WMB,STK,SMART,,,,,,|BOT|2/17/2011|3|+NRB|+NRB
DES,CLF,STK,SMART,,,,,,|BOT|2/17/2011|3|+NRB|+NRB
DES,ANAD,STK,SMART,,,,,,|SLD|2/17/2011|2|+NRB|+NRB
DES,NTAP,STK,SMART,,,,,,|SLD|2/17/2011|3|+NRB|+NRB
DES,NVDA,STK,SMART,,,,,,|SLD|2/17/2011|3|+NRB|+NRB
DES,SKX,STK,SMART,,,,,,|SLD|2/17/2011|3|+NRB|+NRB
DES,ITRI,STK,SMART,,,,,,|SLD|2/17/2011|3|+NRB|+NRB
DES,BRCD,STK,SMART,,,,,,|BOT|2/18/2011|3|+NRB|+DD
DES,AGP,STK,SMART,,,,,,|BOT|2/18/2011|3|+NRB|+DD
DES,YGE,STK,SMART,,,,,,|BOT|2/18/2011|3|+NRB|+DD
DES,SHO,STK,SMART,,,,,,|BOT|2/18/2011|3|+NRB|+DD
DES,CPB,STK,SMART,,,,,,|SLD|2/18/2011|1|+NRB|+DD
DES,BCSI,STK,SMART,,,,,,|SLD|2/18/2011|2|+NRB|+DD
DES,BMRN,STK,SMART,,,,,,|SLD|2/18/2011|2|+NRB|+DD
DES,CHK,STK,SMART,,,,,,|BOT|2/22/2011|2|+NRB|-WRB
DES,TSL,STK,SMART,,,,,,|BOT|2/22/2011|3|+NRB|-WRB
DES,WMT,STK,SMART,,,,,,|SLD|2/22/2011|3|+NRB|-WRB
DES,RCL,STK,SMART,,,,,,|SLD|2/22/2011|3|+NRB|-WRB
DES,CCL,STK,SMART,,,,,,|SLD|2/22/2011|3|+NRB|-WRB
DES,CHS,STK,SMART,,,,,,|BOT|2/23/2011|2|+NRB|-NRBBT
DES,VRTX,STK,SMART,,,,,,|BOT|2/23/2011|2|+NRB|-NRBBT
DES,ZLC,STK,SMART,,,,,,|BOT|2/23/2011|2|+NRB|-NRBBT
DES,DTV,STK,SMART,,,,,,|BOT|2/23/2011|3|+NRB|-NRBBT
DES,KKR,STK,SMART,,,,,,|BOT|2/23/2011|3|+NRB|-NRBBT
DES,TJX,STK,SMART,,,,,,|SLD|2/23/2011|2|+NRB|-NRBBT
DES,SATC,STK,SMART,,,,,,|SLD|2/23/2011|2|+NRB|-NRBBT
DES,HPQ,STK,SMART,,,,,,|SLD|2/23/2011|2|+NRB|-NRBBT
DES,FTR,STK,SMART,,,,,,|SLD|2/23/2011|3|+NRB|-NRBBT
DES,FLR,STK,SMART,,,,,,|SLD|2/23/2011|3|+NRB|-NRBBT
DES,PWR,STK,SMART,,,,,,|SLD|2/23/2011|3|+NRB|-NRBBT
DES,PCLN,STK,SMART,,,,,,|BOT|2/24/2011|2|+NRB|+NRBBT
DES,MTZ,STK,SMART,,,,,,|BOT|2/24/2011|2|+NRB|+NRBBT
DES,NTES,STK,SMART,,,,,,|BOT|2/24/2011|2|+NRB|+NRBBT
DES,NIHD,STK,SMART,,,,,,|BOT|2/24/2011|3|+NRB|+NRBBT
DES,HERO,STK,SMART,,,,,,|BOT|2/24/2011|3|+NRB|+NRBBT
DES,KOG,STK,SMART,,,,,,|BOT|2/24/2011|3|+NRB|+NRBBT
DES,KSS,STK,SMART,,,,,,|BOT|2/24/2011|3|+NRB|+NRBBT
DES,DISH,STK,SMART,,,,,,|SLD|2/24/2011|3|+NRB|+NRBBT
DES,IDCC,STK,SMART,,,,,,|SLD|2/24/2011|3|+NRB|+NRBBT
DES,MGA,STK,SMART,,,,,,|SLD|2/24/2011|3|+NRB|+NRBBT
DES,GTI,STK,SMART,,,,,,|SLD|2/24/2011|3|+NRB|+NRBBT
DES,SHLD,STK,SMART,,,,,,|SLD|2/24/2011|3|+NRB|+NRBBT
DES,EP,STK,SMART,,,,,,|SLD|2/24/2011|3|+NRB|+NRBBT
DES,FWLT,STK,SMART,,,,,,|SLD|2/24/2011|3|+NRB|+NRBBT
DES,OVTI,STK,SMART,,,,,,|BOT|2/25/2011|2|+NRB|+WRB
DES,CRM,STK,SMART,,,,,,|BOT|2/25/2011|2|+NRB|+WRB
DES,DECK,STK,SMART,,,,,,|BOT|2/25/2011|2|+NRB|+WRB
DES,IPG,STK,SMART,,,,,,|BOT|2/25/2011|2|+NRB|+WRB
DES,RDC,STK,SMART,,,,,,|BOT|2/25/2011|2|+NRB|+WRB
DES,CROX,STK,SMART,,,,,,|BOT|2/25/2011|3|+NRB|+WRB
DES,ADSK,STK,SMART,,,,,,|BOT|2/25/2011|3|+NRB|+WRB
DES,BA,STK,SMART,,,,,,|BOT|2/25/2011|3|+NRB|+WRB
DES,SD,STK,SMART,,,,,,|BOT|2/25/2011|3|+NRB|+WRB
DES,MENT,STK,SMART,,,,,,|BOT|2/25/2011|3|+NRB|+WRB
DES,FSLR,STK,SMART,,,,,,|SLD|2/25/2011|3|+NRB|+WRB
DES,NVTL,STK,SMART,,,,,,|SLD|2/25/2011|3|+NRB|+WRB
DES,CLD,STK,SMART,,,,,,|SLD|2/25/2011|3|+NRB|+WRB
DES,MRX,STK,SMART,,,,,,|BOT|2/28/2011|3|+NRB|-WRB
DES,JKS,STK,SMART,,,,,,|BOT|2/28/2011|3|+NRB|-WRB
DES,ENDP,STK,SMART,,,,,,|BOT|2/28/2011|3|+NRB|-WRB
DES,AMZN,STK,SMART,,,,,,|SLD|2/28/2011|3|+NRB|-WRB
DES,STX,STK,SMART,,,,,,|SLD|2/28/2011|3|+NRB|-WRB
DES,LO,STK,SMART,,,,,,|BOT|3/1/2011|3|+NRB|-WRB
DES,FRX,STK,SMART,,,,,,|BOT|3/1/2011|3|+NRB|-WRB
DES,FITB,STK,SMART,,,,,,|SLD|3/1/2011|2|+NRB|-WRB
DES,CEDC,STK,SMART,,,,,,|SLD|3/1/2011|3|+NRB|-WRB
DES,AVGO,STK,SMART,,,,,,|SLD|3/1/2011|3|+NRB|-WRB
DES,RRC,STK,SMART,,,,,,|SLD|3/1/2011|3|+NRB|-WRB
DES,SOL,STK,SMART,,,,,,|SLD|3/1/2011|3|+NRB|-WRB
DES,PAY,STK,SMART,,,,,,|BOT|3/2/2011|2|-NRB|+NRB
DES,GAME,STK,SMART,,,,,,|BOT|3/2/2011|2|-NRB|+NRB
DES,RDN,STK,SMART,,,,,,|BOT|3/2/2011|3|-NRB|+NRB
DES,MCOX,STK,SMART,,,,,,|BOT|3/2/2011|3|-NRB|+NRB
DES,MET,STK,SMART,,,,,,|SLD|3/2/2011|2|-NRB|+NRB
DES,MAKO,STK,SMART,,,,,,|SLD|3/2/2011|3|-NRB|+NRB
DES,HCBK,STK,SMART,,,,,,|SLD|3/2/2011|3|-NRB|+NRB
DES,CRI,STK,SMART,,,,,,|SLD|3/2/2011|3|-NRB|+NRB
DES,SPLS,STK,SMART,,,,,,|SLD|3/2/2011|3|-NRB|+NRB
DES,KR,STK,SMART,,,,,,|BOT|3/3/2011|2|+NRB|+NRB
DES,BIG,STK,SMART,,,,,,|BOT|3/3/2011|3|+NRB|+NRB
DES,ITMN,STK,SMART,,,,,,|BOT|3/3/2011|3|+NRB|+NRB
DES,EGLE,STK,SMART,,,,,,|BOT|3/3/2011|3|+NRB|+NRB
DES,PSS,STK,SMART,,,,,,|BOT|3/3/2011|3|+NRB|+NRB
DES,HNZ,STK,SMART,,,,,,|BOT|3/3/2011|3|+NRB|+NRB
DES,AMLN,STK,SMART,,,,,,|SLD|3/3/2011|2|+NRB|+NRB
DES,ALKS,STK,SMART,,,,,,|SLD|3/3/2011|2|+NRB|+NRB
DES,DDS,STK,SMART,,,,,,|SLD|3/3/2011|3|+NRB|+NRB
DES,CNQ,STK,SMART,,,,,,|SLD|3/3/2011|3|+NRB|+NRB
DES,NGD,STK,SMART,,,,,,|BOT|3/4/2011|3|-NRB|-NRBBT
DES,SPRD,STK,SMART,,,,,,|BOT|3/4/2011|3|-NRB|-NRBBT
DES,MRVL,STK,SMART,,,,,,|SLD|3/4/2011|3|-NRB|-NRBBT
DES,CEDC,STK,SMART,,,,,,|SLD|3/4/2011|3|-NRB|-NRBBT
DES,TIF,STK,SMART,,,,,,|BOT|3/21/2011|3|+NRB|+NRB
DES,T,STK,SMART,,,,,,|BOT|3/21/2011|3|+NRB|+NRB
DES,AMT,STK,SMART,,,,,,|SLD|3/21/2011|2|+NRB|+NRB
DES,DISH,STK,SMART,,,,,,|SLD|3/21/2011|2|+NRB|+NRB
DES,DTV,STK,SMART,,,,,,|SLD|3/21/2011|3|+NRB|+NRB
DES,XNPT,STK,SMART,,,,,,|SLD|3/21/2011|3|+NRB|+NRB
DES,DANG,STK,SMART,,,,,,|BOT|3/22/2011|3|-NRB|-NRB
DES,WAG,STK,SMART,,,,,,|SLD|3/22/2011|3|-NRB|-NRB
DES,CTAS,STK,SMART,,,,,,|BOT|3/23/2011|2|-NRB|+NRBBT
DES,AOL,STK,SMART,,,,,,|BOT|3/23/2011|3|-NRB|+NRBBT
DES,JBL,STK,SMART,,,,,,|BOT|3/23/2011|3|-NRB|+NRBBT
DES,CREE,STK,SMART,,,,,,|SLD|3/23/2011|3|-NRB|+NRBBT
DES,BAC,STK,SMART,,,,,,|SLD|3/23/2011|3|-NRB|+NRBBT
DES,GIS,STK,SMART,,,,,,|SLD|3/23/2011|4|-NRB|+NRBBT
DES,CHRS,STK,SMART,,,,,,|BOT|3/24/2011|2|+NRB|+NRBBT
DES,RHT,STK,SMART,,,,,,|BOT|3/24/2011|3|+NRB|+NRBBT
DES,BBY,STK,SMART,,,,,,|BOT|3/24/2011|3|+NRB|+NRBBT
DES,TLB,STK,SMART,,,,,,|BOT|3/24/2011|3|+NRB|+NRBBT
DES,GME,STK,SMART,,,,,,|BOT|3/24/2011|3|+NRB|+NRBBT
DES,WTSLA,STK,SMART,,,,,,|BOT|3/25/2011|2|+NRB|+NRBBT
DES,ACN,STK,SMART,,,,,,|BOT|3/25/2011|3|+NRB|+NRBBT
DES,ORCL,STK,SMART,,,,,,|BOT|3/25/2011|3|+NRB|+NRBBT
DES,FINL,STK,SMART,,,,,,|BOT|3/25/2011|3|+NRB|+NRBBT
DES,BBRY,STK,SMART,,,,,,|SLD|3/25/2011|2|+NRB|+NRBBT
DES,HMY,STK,SMART,,,,,,|SLD|3/25/2011|3|+NRB|+NRBBT
DES,PVH,STK,SMART,,,,,,|BOT|3/29/2011|3|-NRB|+NRB
DES,APOL,STK,SMART,,,,,,|SLD|3/29/2011|3|-NRB|+NRB
DES,PPG,STK,SMART,,,,,,|BOT|3/30/2011|3|+NRB|+NRB
DES,FDO,STK,SMART,,,,,,|BOT|3/30/2011|3|+NRB|+NRB
DES,BLK,STK,SMART,,,,,,|BOT|3/30/2011|3|+NRB|+NRB
DES,CLNE,STK,SMART,,,,,,|BOT|3/30/2011|3|+NRB|+NRB
DES,DNDN,STK,SMART,,,,,,|BOT|3/31/2011|2|+NRB|-NRB
DES,DRYS,STK,SMART,,,,,,|BOT|3/31/2011|3|+NRB|-NRB
DES,AUO,STK,SMART,,,,,,|BOT|3/31/2011|3|+NRB|-NRB
DES,ES,STK,SMART,,,,,,|SLD|3/31/2011|2|+NRB|-NRB
DES,LVS,STK,SMART,,,,,,|SLD|3/31/2011|3|+NRB|-NRB
DES,KMX,STK,SMART,,,,,,|SLD|3/31/2011|3|+NRB|-NRB
DES,NYX,STK,SMART,,,,,,|BOT|4/1/2011|3|+NRB|-NRB
DES,HBAN,STK,SMART,,,,,,|BOT|4/1/2011|3|+NRB|-NRB
DES,MED,STK,SMART,,,,,,|SLD|4/1/2011|3|+NRB|-NRB
DES,KKD,STK,SMART,,,,,,|SLD|4/1/2011|3|+NRB|-NRB
DES,VVUS,STK,SMART,,,,,,|BOT|4/4/2011|2|-NRB|-NRB
DES,MCP,STK,SMART,,,,,,|BOT|4/4/2011|3|-NRB|-NRB
DES,GD,STK,SMART,,,,,,|SLD|4/4/2011|2|-NRB|-NRB
DES,CYS,STK,SMART,,,,,,|SLD|4/4/2011|2|-NRB|-NRB
DES,OVTI,STK,SMART,,,,,,|SLD|4/4/2011|3|-NRB|-NRB
DES,LUV,STK,SMART,,,,,,|SLD|4/4/2011|3|-NRB|-NRB
DES,ISIL,STK,SMART,,,,,,|BOT|4/5/2011|2|+NRB|-NRB
DES,ONNN,STK,SMART,,,,,,|BOT|4/5/2011|2|+NRB|-NRB
DES,EXPE,STK,SMART,,,,,,|BOT|4/5/2011|3|+NRB|-NRB
DES,CBST,STK,SMART,,,,,,|BOT|4/5/2011|3|+NRB|-NRB
DES,CREE,STK,SMART,,,,,,|SLD|4/5/2011|3|+NRB|-NRB
DES,KBH,STK,SMART,,,,,,|SLD|4/5/2011|3|+NRB|-NRB
DES,TXN,STK,SMART,,,,,,|SLD|4/5/2011|3|+NRB|-NRB
DES,PIR,STK,SMART,,,,,,|BOT|4/7/2011|2|+NRB|-DD
DES,STZ,STK,SMART,,,,,,|BOT|4/7/2011|2|+NRB|-DD
DES,PBY,STK,SMART,,,,,,|BOT|4/7/2011|2|+NRB|-DD
DES,BBBY,STK,SMART,,,,,,|BOT|4/7/2011|3|+NRB|-DD
DES,XNPT,STK,SMART,,,,,,|BOT|4/7/2011|3|+NRB|-DD
DES,GPS,STK,SMART,,,,,,|SLD|4/7/2011|2|+NRB|-DD
DES,RT,STK,SMART,,,,,,|SLD|4/7/2011|3|+NRB|-DD
DES,TPX,STK,SMART,,,,,,|BOT|4/8/2011|2|-NRB|-WRB
DES,STX,STK,SMART,,,,,,|BOT|4/8/2011|2|-NRB|-WRB
DES,EXPE,STK,SMART,,,,,,|BOT|4/8/2011|2|-NRB|-WRB
DES,LPSN,STK,SMART,,,,,,|BOT|4/8/2011|3|-NRB|-WRB
DES,MWW,STK,SMART,,,,,,|BOT|4/8/2011|3|-NRB|-WRB
DES,NXPI,STK,SMART,,,,,,|BOT|4/8/2011|3|-NRB|-WRB
DES,HERO,STK,SMART,,,,,,|SLD|4/8/2011|2|-NRB|-WRB
DES,SPR,STK,SMART,,,,,,|SLD|4/8/2011|3|-NRB|-WRB
DES,VVUS,STK,SMART,,,,,,|BOT|4/11/2011|3|-NRB|-NRB
DES,MCP,STK,SMART,,,,,,|BOT|4/11/2011|3|-NRB|-NRB
DES,RIG,STK,SMART,,,,,,|BOT|4/11/2011|3|-NRB|-NRB
DES,BIDU,STK,SMART,,,,,,|BOT|4/11/2011|3|-NRB|-NRB
DES,LEAP,STK,SMART,,,,,,|BOT|4/11/2011|3|-NRB|-NRB
DES,BIIB,STK,SMART,,,,,,|BOT|4/11/2011|3|-NRB|-NRB
DES,TYC,STK,SMART,,,,,,|BOT|4/11/2011|3|-NRB|-NRB
DES,CYH,STK,SMART,,,,,,|SLD|4/11/2011|2|-NRB|-NRB
DES,SHAW,STK,SMART,,,,,,|SLD|4/11/2011|2|-NRB|-NRB
DES,EXEL,STK,SMART,,,,,,|BOT|4/12/2011|3|-NRB|-DD
DES,CYH,STK,SMART,,,,,,|BOT|4/12/2011|3|-NRB|-DD
DES,THC,STK,SMART,,,,,,|BOT|4/12/2011|3|-NRB|-DD
DES,AA,STK,SMART,,,,,,|SLD|4/12/2011|3|-NRB|-DD
DES,FAST,STK,SMART,,,,,,|SLD|4/12/2011|3|-NRB|-DD
DES,WMS,STK,SMART,,,,,,|SLD|4/12/2011|3|-NRB|-DD
DES,FFIV,STK,SMART,,,,,,|BOT|4/13/2011|3|+NRB|-NRB
DES,RVBD,STK,SMART,,,,,,|BOT|4/13/2011|3|+NRB|-NRB
DES,ADTN,STK,SMART,,,,,,|BOT|4/13/2011|3|+NRB|-NRB
DES,ARUN,STK,SMART,,,,,,|BOT|4/13/2011|3|+NRB|-NRB
DES,JPM,STK,SMART,,,,,,|BOT|4/13/2011|3|+NRB|-NRB
DES,ALV,STK,SMART,,,,,,|BOT|4/13/2011|3|+NRB|-NRB
DES,TYC,STK,SMART,,,,,,|SLD|4/13/2011|3|+NRB|-NRB
DES,SVU,STK,SMART,,,,,,|BOT|4/14/2011|2|+NRB|+NRB
DES,CPWR,STK,SMART,,,,,,|SLD|4/14/2011|2|+NRB|+NRB
DES,VR,STK,SMART,,,,,,|SLD|4/14/2011|3|+NRB|+NRB
DES,HAS,STK,SMART,,,,,,|SLD|4/14/2011|3|+NRB|+NRB
DES,MBI,STK,SMART,,,,,,|BOT|4/15/2011|2|+NRB|+NRB
DES,AGO,STK,SMART,,,,,,|BOT|4/15/2011|2|+NRB|+NRB
DES,AMLN,STK,SMART,,,,,,|BOT|4/15/2011|3|+NRB|+NRB
DES,MPEL,STK,SMART,,,,,,|BOT|4/15/2011|3|+NRB|+NRB
DES,CBST,STK,SMART,,,,,,|BOT|4/15/2011|3|+NRB|+NRB
DES,MAT,STK,SMART,,,,,,|BOT|4/15/2011|3|+NRB|+NRB
DES,RDN,STK,SMART,,,,,,|BOT|4/15/2011|3|+NRB|+NRB
DES,CDE,STK,SMART,,,,,,|BOT|4/15/2011|3|+NRB|+NRB
DES,GOOG,STK,SMART,,,,,,|SLD|4/15/2011|2|+NRB|+NRB
DES,INFY,STK,SMART,,,,,,|SLD|4/15/2011|2|+NRB|+NRB
DES,TITN,STK,SMART,,,,,,|BOT|4/18/2011|3|+NRB|+DD
DES,AONE,STK,SMART,,,,,,|BOT|4/18/2011|3|+NRB|+DD
DES,GPS,STK,SMART,,,,,,|SLD|4/18/2011|3|+NRB|+DD
DES,THC,STK,SMART,,,,,,|SLD|4/18/2011|3|+NRB|+DD
DES,JNJ,STK,SMART,,,,,,|BOT|4/19/2011|2|+NRB|+NRB
DES,PKD,STK,SMART,,,,,,|BOT|4/19/2011|3|+NRB|+NRB
DES,ZION,STK,SMART,,,,,,|BOT|4/19/2011|3|+NRB|+NRB
DES,PCAR,STK,SMART,,,,,,|BOT|4/19/2011|3|+NRB|+NRB
DES,STLD,STK,SMART,,,,,,|BOT|4/19/2011|3|+NRB|+NRB
DES,OMC,STK,SMART,,,,,,|SLD|4/19/2011|2|+NRB|+NRB
DES,HOG,STK,SMART,,,,,,|SLD|4/19/2011|3|+NRB|+NRB
DES,NYB,STK,SMART,,,,,,|SLD|4/19/2011|3|+NRB|+NRB
DES,TXN,STK,SMART,,,,,,|SLD|4/19/2011|3|+NRB|+NRB
DES,WYNN,STK,SMART,,,,,,|BOT|4/20/2011|2|-NRB|+NRB
DES,KCG,STK,SMART,,,,,,|BOT|4/20/2011|2|-NRB|+NRB
DES,CIT,STK,SMART,,,,,,|BOT|4/20/2011|3|-NRB|+NRB
DES,FCX,STK,SMART,,,,,,|BOT|4/20/2011|3|-NRB|+NRB
DES,ALU,STK,SMART,,,,,,|BOT|4/20/2011|3|-NRB|+NRB
DES,ALV,STK,SMART,,,,,,|BOT|4/20/2011|3|-NRB|+NRB
DES,UTX,STK,SMART,,,,,,|BOT|4/20/2011|3|-NRB|+NRB
DES,CREE,STK,SMART,,,,,,|SLD|4/20/2011|3|-NRB|+NRB
DES,WFC,STK,SMART,,,,,,|SLD|4/20/2011|3|-NRB|+NRB
DES,SLM,STK,SMART,,,,,,|BOT|4/21/2011|2|+NRB|-NRB
DES,RRR,STK,SMART,,,,,,|BOT|4/21/2011|2|+NRB|-NRB
DES,BAX,STK,SMART,,,,,,|BOT|4/21/2011|2|+NRB|-NRB
DES,YUM,STK,SMART,,,,,,|BOT|4/21/2011|2|+NRB|-NRB
DES,ETFC,STK,SMART,,,,,,|BOT|4/21/2011|2|+NRB|-NRB
DES,FFIV,STK,SMART,,,,,,|BOT|4/21/2011|3|+NRB|-NRB
DES,TSCO,STK,SMART,,,,,,|BOT|4/21/2011|3|+NRB|-NRB
DES,EW,STK,SMART,,,,,,|BOT|4/21/2011|3|+NRB|-NRB
DES,UNH,STK,SMART,,,,,,|BOT|4/21/2011|3|+NRB|-NRB
DES,COV,STK,SMART,,,,,,|BOT|4/21/2011|3|+NRB|-NRB
DES,TROW,STK,SMART,,,,,,|SLD|4/21/2011|2|+NRB|-NRB
DES,FITB,STK,SMART,,,,,,|SLD|4/21/2011|3|+NRB|-NRB
DES,VZ,STK,SMART,,,,,,|SLD|4/21/2011|3|+NRB|-NRB
DES,LRCX,STK,SMART,,,,,,|SLD|4/21/2011|3|+NRB|-NRB
DES,PLCM,STK,SMART,,,,,,|BOT|4/25/2011|3|-NRB|-NRB
DES,IGT,STK,SMART,,,,,,|BOT|4/25/2011|3|-NRB|-NRB
DES,KMB,STK,SMART,,,,,,|SLD|4/25/2011|3|-NRB|-NRB
DES,DAL,STK,SMART,,,,,,|BOT|4/26/2011|2|-NRB|+NRB
DES,LO,STK,SMART,,,,,,|BOT|4/26/2011|3|-NRB|+NRB
DES,AKS,STK,SMART,,,,,,|BOT|4/26/2011|3|-NRB|+NRB
DES,AGCO,STK,SMART,,,,,,|BOT|4/26/2011|3|-NRB|+NRB
DES,ITW,STK,SMART,,,,,,|BOT|4/26/2011|3|-NRB|+NRB
DES,LXK,STK,SMART,,,,,,|SLD|4/26/2011|2|-NRB|+NRB
DES,ELX,STK,SMART,,,,,,|SLD|4/26/2011|2|-NRB|+NRB
DES,NFLX,STK,SMART,,,,,,|SLD|4/26/2011|3|-NRB|+NRB
DES,ESRX,STK,SMART,,,,,,|SLD|4/26/2011|3|-NRB|+NRB
DES,ETFC,STK,SMART,,,,,,|SLD|4/26/2011|3|-NRB|+NRB
DES,MAS,STK,SMART,,,,,,|SLD|4/26/2011|3|-NRB|+NRB
DES,BHI,STK,SMART,,,,,,|BOT|4/27/2011|3|-NRB|+NRB
DES,ARW,STK,SMART,,,,,,|BOT|4/27/2011|3|-NRB|+NRB
DES,WHR,STK,SMART,,,,,,|BOT|4/27/2011|3|-NRB|+NRB
DES,ILMN,STK,SMART,,,,,,|BOT|4/27/2011|3|-NRB|+NRB
DES,MIPS,STK,SMART,,,,,,|SLD|4/27/2011|2|-NRB|+NRB
DES,OC,STK,SMART,,,,,,|SLD|4/27/2011|2|-NRB|+NRB
DES,BRCM,STK,SMART,,,,,,|SLD|4/27/2011|3|-NRB|+NRB
DES,RCL,STK,SMART,,,,,,|BOT|4/28/2011|3|-NRB|+NRB
DES,CYH,STK,SMART,,,,,,|BOT|4/28/2011|3|-NRB|+NRB
DES,NIHD,STK,SMART,,,,,,|BOT|4/28/2011|3|-NRB|+NRB
DES,NSC,STK,SMART,,,,,,|BOT|4/28/2011|3|-NRB|+NRB
DES,AET,STK,SMART,,,,,,|BOT|4/28/2011|3|-NRB|+NRB
DES,NVLS,STK,SMART,,,,,,|SLD|4/28/2011|2|-NRB|+NRB
DES,ITMN,STK,SMART,,,,,,|SLD|4/28/2011|3|-NRB|+NRB
DES,ARRS,STK,SMART,,,,,,|SLD|4/28/2011|3|-NRB|+NRB
DES,FLEX,STK,SMART,,,,,,|SLD|4/28/2011|3|-NRB|+NRB
DES,AKAM,STK,SMART,,,,,,|SLD|4/28/2011|3|-NRB|+NRB
DES,SOL,STK,SMART,,,,,,|SLD|4/28/2011|3|-NRB|+NRB
DES,MMI,STK,SMART,,,,,,|BOT|4/29/2011|3|-NRB|+NRB
DES,SWKS,STK,SMART,,,,,,|BOT|4/29/2011|3|-NRB|+NRB
DES,PMCS,STK,SMART,,,,,,|BOT|4/29/2011|3|-NRB|+NRB
DES,ACOM,STK,SMART,,,,,,|BOT|4/29/2011|3|-NRB|+NRB
DES,RMD,STK,SMART,,,,,,|SLD|4/29/2011|3|-NRB|+NRB
DES,DECK,STK,SMART,,,,,,|SLD|4/29/2011|3|-NRB|+NRB
DES,VSEA,STK,SMART,,,,,,|SLD|4/29/2011|3|-NRB|+NRB
DES,IM,STK,SMART,,,,,,|SLD|4/29/2011|3|-NRB|+NRB
DES,TEVA,STK,SMART,,,,,,|BOT|5/2/2011|2|-NRB|-NRB
DES,TIVO,STK,SMART,,,,,,|BOT|5/2/2011|2|-NRB|-NRB
DES,SPPI,STK,SMART,,,,,,|BOT|5/2/2011|3|-NRB|-NRB
DES,DISH,STK,SMART,,,,,,|BOT|5/2/2011|3|-NRB|-NRB
DES,CPO,STK,SMART,,,,,,|BOT|5/2/2011|3|-NRB|-NRB
DES,VRX,STK,SMART,,,,,,|SLD|5/2/2011|2|-NRB|-NRB
DES,THC,STK,SMART,,,,,,|SLD|5/2/2011|3|-NRB|-NRB
DES,SLW,STK,SMART,,,,,,|SLD|5/2/2011|3|-NRB|-NRB
DES,L,STK,SMART,,,,,,|SLD|5/2/2011|3|-NRB|-NRB
DES,FE,STK,SMART,,,,,,|BOT|5/3/2011|3|-NRB|-NRBBT
DES,CRK,STK,SMART,,,,,,|BOT|5/3/2011|3|-NRB|-NRBBT
DES,HIG,STK,SMART,,,,,,|BOT|5/3/2011|3|-NRB|-NRBBT
DES,PCS,STK,SMART,,,,,,|BOT|5/3/2011|3|-NRB|-NRBBT
DES,KLIC,STK,SMART,,,,,,|BOT|5/3/2011|3|-NRB|-NRBBT
DES,RDC,STK,SMART,,,,,,|SLD|5/3/2011|2|-NRB|-NRBBT
DES,TXRH,STK,SMART,,,,,,|SLD|5/3/2011|2|-NRB|-NRBBT
DES,FWLT,STK,SMART,,,,,,|SLD|5/3/2011|3|-NRB|-NRBBT
DES,TAP,STK,SMART,,,,,,|SLD|5/3/2011|3|-NRB|-NRBBT
DES,EMR,STK,SMART,,,,,,|SLD|5/3/2011|3|-NRB|-NRBBT
DES,CTSH,STK,SMART,,,,,,|SLD|5/3/2011|3|-NRB|-NRBBT
DES,GRMN,STK,SMART,,,,,,|BOT|5/4/2011|2|-NRB|-NRB
DES,MGM,STK,SMART,,,,,,|BOT|5/4/2011|2|-NRB|-NRB
DES,AOL,STK,SMART,,,,,,|BOT|5/4/2011|3|-NRB|-NRB
DES,GMCR,STK,SMART,,,,,,|BOT|5/4/2011|3|-NRB|-NRB
DES,VCLK,STK,SMART,,,,,,|BOT|5/4/2011|3|-NRB|-NRB
DES,TRW,STK,SMART,,,,,,|BOT|5/4/2011|3|-NRB|-NRB
DES,ACAS,STK,SMART,,,,,,|BOT|5/4/2011|3|-NRB|-NRB
DES,CBS,STK,SMART,,,,,,|BOT|5/4/2011|3|-NRB|-NRB
DES,OPEN,STK,SMART,,,,,,|SLD|5/4/2011|2|-NRB|-NRB
DES,LVS,STK,SMART,,,,,,|SLD|5/4/2011|3|-NRB|-NRB
DES,FSLR,STK,SMART,,,,,,|SLD|5/4/2011|3|-NRB|-NRB
DES,PWR,STK,SMART,,,,,,|SLD|5/4/2011|3|-NRB|-NRB
DES,SONS,STK,SMART,,,,,,|SLD|5/4/2011|3|-NRB|-NRB
DES,CENX,STK,SMART,,,,,,|SLD|5/4/2011|3|-NRB|-NRB
DES,MCK,STK,SMART,,,,,,|SLD|5/4/2011|3|-NRB|-NRB
DES,JDSU,STK,SMART,,,,,,|BOT|5/5/2011|2|+NRB|-NRB
DES,ERTS,STK,SMART,,,,,,|BOT|5/5/2011|2|+NRB|-NRB
DES,NUVA,STK,SMART,,,,,,|BOT|5/5/2011|2|+NRB|-NRB
DES,BMC,STK,SMART,,,,,,|BOT|5/5/2011|3|+NRB|-NRB
DES,ONNN,STK,SMART,,,,,,|BOT|5/5/2011|3|+NRB|-NRB
DES,TKLC,STK,SMART,,,,,,|BOT|5/5/2011|3|+NRB|-NRB
DES,DDS,STK,SMART,,,,,,|BOT|5/5/2011|3|+NRB|-NRB
DES,DPZ,STK,SMART,,,,,,|BOT|5/5/2011|3|+NRB|-NRB
DES,ARO,STK,SMART,,,,,,|SLD|5/5/2011|2|+NRB|-NRB
DES,WIN,STK,SMART,,,,,,|SLD|5/5/2011|3|+NRB|-NRB
DES,ACOR,STK,SMART,,,,,,|SLD|5/5/2011|3|+NRB|-NRB
DES,ATML,STK,SMART,,,,,,|SLD|5/5/2011|3|+NRB|-NRB
DES,SAPE,STK,SMART,,,,,,|BOT|5/6/2011|2|+NRB|-NRB
DES,WCG,STK,SMART,,,,,,|BOT|5/6/2011|2|+NRB|-NRB
DES,HANS,STK,SMART,,,,,,|BOT|5/6/2011|3|+NRB|-NRB
DES,CF,STK,SMART,,,,,,|BOT|5/6/2011|3|+NRB|-NRB
DES,LLNW,STK,SMART,,,,,,|BOT|5/6/2011|3|+NRB|-NRB
DES,WCRX,STK,SMART,,,,,,|BOT|5/6/2011|3|+NRB|-NRB
DES,DLB,STK,SMART,,,,,,|SLD|5/6/2011|2|+NRB|-NRB
DES,MDRX,STK,SMART,,,,,,|SLD|5/6/2011|3|+NRB|-NRB
DES,GMCR,STK,SMART,,,,,,|SLD|5/6/2011|3|+NRB|-NRB
DES,SYY,STK,SMART,,,,,,|BOT|5/9/2011|2|+NRB|+NRB
DES,NUAN,STK,SMART,,,,,,|BOT|5/9/2011|2|+NRB|+NRB
DES,ALKS,STK,SMART,,,,,,|BOT|5/9/2011|3|+NRB|+NRB
DES,BSFT,STK,SMART,,,,,,|BOT|5/9/2011|3|+NRB|+NRB
DES,HL,STK,SMART,,,,,,|BOT|5/9/2011|3|+NRB|+NRB
DES,DF,STK,SMART,,,,,,|BOT|5/10/2011|2|+NRB|+NRB
DES,FOSL,STK,SMART,,,,,,|BOT|5/10/2011|3|+NRB|+NRB
DES,IDTI,STK,SMART,,,,,,|BOT|5/10/2011|3|+NRB|+NRB
DES,JASO,STK,SMART,,,,,,|BOT|5/10/2011|3|+NRB|+NRB
DES,GMXR,STK,SMART,,,,,,|SLD|5/10/2011|3|+NRB|+NRB
DES,MSFT,STK,SMART,,,,,,|SLD|5/10/2011|3|+NRB|+NRB
DES,ROVI,STK,SMART,,,,,,|BOT|5/11/2011|3|+NRB|-NRB
DES,M,STK,SMART,,,,,,|BOT|5/11/2011|3|+NRB|-NRB
DES,ZAGG,STK,SMART,,,,,,|BOT|5/11/2011|3|+NRB|-NRB
DES,SGMS,STK,SMART,,,,,,|SLD|5/11/2011|3|+NRB|-NRB
DES,STEC,STK,SMART,,,,,,|SLD|5/11/2011|3|+NRB|-NRB
DES,DESC,STK,SMART,,,,,,|BOT|5/12/2011|3|-NRB|+NRB
DES,VRSN,STK,SMART,,,,,,|BOT|5/12/2011|3|-NRB|+NRB
DES,SINA,STK,SMART,,,,,,|BOT|5/12/2011|3|-NRB|+NRB
DES,CSCO,STK,SMART,,,,,,|SLD|5/12/2011|3|-NRB|+NRB
DES,CSIQ,STK,SMART,,,,,,|SLD|5/12/2011|3|-NRB|+NRB
DES,TYC,STK,SMART,,,,,,|BOT|5/13/2011|3|-NRB|-NRB
DES,A,STK,SMART,,,,,,|BOT|5/13/2011|3|-NRB|-NRB
DES,DDS,STK,SMART,,,,,,|BOT|5/13/2011|3|-NRB|-NRB
DES,DF,STK,SMART,,,,,,|BOT|5/13/2011|3|-NRB|-NRB
DES,CA,STK,SMART,,,,,,|SLD|5/13/2011|2|-NRB|-NRB
DES,NVDA,STK,SMART,,,,,,|SLD|5/13/2011|3|-NRB|-NRB
DES,YHOO,STK,SMART,,,,,,|SLD|5/13/2011|3|-NRB|-NRB
DES,JCP,STK,SMART,,,,,,|BOT|5/16/2011|3|-NRB|-NRB
DES,LOW,STK,SMART,,,,,,|SLD|5/16/2011|3|-NRB|-NRB
DES,NYX,STK,SMART,,,,,,|SLD|5/16/2011|3|-NRB|-NRB
DES,PLAB,STK,SMART,,,,,,|BOT|5/17/2011|3|-NRB|+NRB
DES,WINN,STK,SMART,,,,,,|BOT|5/17/2011|3|-NRB|+NRB
DES,DKS,STK,SMART,,,,,,|SLD|5/17/2011|3|-NRB|+NRB
DES,TSL,STK,SMART,,,,,,|SLD|5/17/2011|3|-NRB|+NRB
DES,HPQ,STK,SMART,,,,,,|SLD|5/17/2011|3|+NRB|+NRB
DES,ADI,STK,SMART,,,,,,|BOT|5/18/2011|2|+NRB|+WRB
DES,DELL,STK,SMART,,,,,,|BOT|5/18/2011|2|+NRB|+WRB
DES,ANF,STK,SMART,,,,,,|BOT|5/18/2011|3|+NRB|+WRB
DES,SODA,STK,SMART,,,,,,|BOT|5/18/2011|3|+NRB|+WRB
DES,AFL,STK,SMART,,,,,,|SLD|5/18/2011|3|+NRB|+WRB
DES,CHS,STK,SMART,,,,,,|SLD|5/18/2011|3|+NRB|+WRB
DES,SPLS,STK,SMART,,,,,,|SLD|5/18/2011|3|+NRB|+WRB
DES,PETM,STK,SMART,,,,,,|BOT|5/19/2011|2|+NRB|+NRB
DES,DLTR,STK,SMART,,,,,,|BOT|5/19/2011|3|+NRB|+NRB
DES,MPEL,STK,SMART,,,,,,|BOT|5/19/2011|3|+NRB|+NRB
DES,MCP,STK,SMART,,,,,,|BOT|5/19/2011|3|+NRB|+NRB
DES,GME,STK,SMART,,,,,,|SLD|5/19/2011|2|+NRB|+NRB
DES,AAP,STK,SMART,,,,,,|SLD|5/19/2011|3|+NRB|+NRB
DES,ALKS,STK,SMART,,,,,,|SLD|5/19/2011|3|+NRB|+NRB
DES,APC,STK,SMART,,,,,,|BOT|5/20/2011|3|+NRB|-NRB
DES,STEC,STK,SMART,,,,,,|BOT|5/20/2011|3|+NRB|-NRB
DES,FL,STK,SMART,,,,,,|BOT|5/20/2011|3|+NRB|-NRB
DES,CRM,STK,SMART,,,,,,|BOT|5/20/2011|3|+NRB|-NRB
DES,S,STK,SMART,,,,,,|BOT|5/20/2011|3|+NRB|-NRB
DES,ANN,STK,SMART,,,,,,|SLD|5/20/2011|3|+NRB|-NRB
DES,ARO,STK,SMART,,,,,,|SLD|5/20/2011|3|+NRB|-NRB
DES,LDK,STK,SMART,,,,,,|SLD|5/20/2011|3|+NRB|-NRB
DES,GPS,STK,SMART,,,,,,|SLD|5/20/2011|3|+NRB|-NRB
DES,SIFY,STK,SMART,,,,,,|BOT|5/24/2011|2|-NRB|-NRB
DES,DSW,STK,SMART,,,,,,|BOT|5/24/2011|3|-NRB|-NRB
DES,CREE,STK,SMART,,,,,,|BOT|5/24/2011|3|-NRB|-NRB
DES,MDT,STK,SMART,,,,,,|SLD|5/24/2011|3|-NRB|-NRB
DES,FRO,STK,SMART,,,,,,|SLD|5/24/2011|3|-NRB|-NRB
DES,STP,STK,SMART,,,,,,|BOT|5/25/2011|3|+NRB|+NRB
DES,VVUS,STK,SMART,,,,,,|BOT|5/25/2011|3|+NRB|+NRB
DES,EXPR,STK,SMART,,,,,,|SLD|5/25/2011|2|+NRB|+NRB
DES,RL,STK,SMART,,,,,,|SLD|5/25/2011|2|+NRB|+NRB
DES,COST,STK,SMART,,,,,,|SLD|5/25/2011|3|+NRB|+NRB
DES,CPWR,STK,SMART,,,,,,|SLD|5/25/2011|3|+NRB|+NRB
DES,AIG,STK,SMART,,,,,,|SLD|5/25/2011|3|+NRB|+NRB
DES,PSS,STK,SMART,,,,,,|SLD|5/25/2011|3|+NRB|+NRB
DES,FRO,STK,SMART,,,,,,|SLD|5/25/2011|3|+NRB|+NRB
DES,GES,STK,SMART,,,,,,|BOT|5/26/2011|2|+NRB|+NRB
DES,TIF,STK,SMART,,,,,,|BOT|5/26/2011|3|+NRB|+NRB
DES,NTAP,STK,SMART,,,,,,|BOT|5/26/2011|3|+NRB|+NRB
DES,SIG,STK,SMART,,,,,,|BOT|5/26/2011|3|+NRB|+NRB
DES,CSC,STK,SMART,,,,,,|SLD|5/26/2011|3|+NRB|+NRB
DES,MRVL,STK,SMART,,,,,,|BOT|5/27/2011|3|+NRB|+NRB
DES,CVS,STK,SMART,,,,,,|BOT|5/27/2011|3|+NRB|+NRB
DES,MPEL,STK,SMART,,,,,,|BOT|5/27/2011|3|+NRB|+NRB
DES,LDK,STK,SMART,,,,,,|BOT|5/27/2011|3|+NRB|+NRB
DES,MENT,STK,SMART,,,,,,|SLD|5/27/2011|3|+NRB|+NRB
DES,BCSI,STK,SMART,,,,,,|SLD|5/27/2011|3|+NRB|+NRB
DES,MHS,STK,SMART,,,,,,|SLD|5/27/2011|3|+NRB|+NRB
DES,OVTI,STK,SMART,,,,,,|SLD|5/27/2011|3|+NRB|+NRB
DES,SEE,STK,SMART,,,,,,|BOT|6/1/2011|3|-NRB|-WRB
DES,PVH,STK,SMART,,,,,,|BOT|6/1/2011|3|-NRB|-WRB
DES,JOSB,STK,SMART,,,,,,|SLD|6/1/2011|3|-NRB|-WRB
DES,AMSC,STK,SMART,,,,,,|SLD|6/1/2011|3|-NRB|-WRB
DES,DG,STK,SMART,,,,,,|SLD|6/1/2011|3|-NRB|-WRB
DES,BRCD,STK,SMART,,,,,,|BOT|6/2/2011|3|+NRB|-NRBBT
DES,DNDN,STK,SMART,,,,,,|BOT|6/2/2011|3|+NRB|-NRBBT
DES,JOYG,STK,SMART,,,,,,|BOT|6/2/2011|3|+NRB|-NRBBT
DES,PIR,STK,SMART,,,,,,|BOT|6/2/2011|3|+NRB|-NRBBT
DES,LTD,STK,SMART,,,,,,|SLD|6/2/2011|3|+NRB|-NRBBT
DES,XIDE,STK,SMART,,,,,,|SLD|6/2/2011|3|+NRB|-NRBBT
DES,AMT,STK,SMART,,,,,,|SLD|6/3/2011|2|+NRB|+NRBTT
DES,SAI,STK,SMART,,,,,,|SLD|6/3/2011|3|+NRB|+NRBTT
DES,VVUS,STK,SMART,,,,,,|SLD|6/3/2011|3|+NRB|+NRBTT
DES,NWL,STK,SMART,,,,,,|SLD|6/3/2011|3|+NRB|+NRBTT
DES,STKL,STK,SMART,,,,,,|BOT|6/6/2011|3|-NRB|-NRB
DES,UTHR,STK,SMART,,,,,,|SLD|6/6/2011|3|-NRB|-NRB
DES,WFC,STK,SMART,,,,,,|SLD|6/6/2011|3|-NRB|-NRB
DES,SCCO,STK,SMART,,,,,,|SLD|6/6/2011|3|-NRB|-NRB
DES,BZ,STK,SMART,,,,,,|BOT|6/7/2011|3|-NRB|-NRBTT
DES,IP,STK,SMART,,,,,,|BOT|6/7/2011|3|-NRB|-NRBTT
DES,SWKS,STK,SMART,,,,,,|BOT|6/7/2011|3|-NRB|-NRBTT
DES,PBY,STK,SMART,,,,,,|SLD|6/7/2011|3|-NRB|-NRBTT
DES,TLB,STK,SMART,,,,,,|SLD|6/7/2011|3|-NRB|-NRBTT
DES,BJ,STK,SMART,,,,,,|BOT|6/8/2011|3|-NRB|-NRB
DES,ULTA,STK,SMART,,,,,,|BOT|6/8/2011|3|-NRB|-NRB
DES,CIEN,STK,SMART,,,,,,|SLD|6/8/2011|2|-NRB|-NRB
DES,HOV,STK,SMART,,,,,,|SLD|6/8/2011|3|-NRB|-NRB
DES,MCP,STK,SMART,,,,,,|SLD|6/8/2011|3|-NRB|-NRB
DES,JDSU,STK,SMART,,,,,,|SLD|6/8/2011|3|-NRB|-NRB
DES,LULU,STK,SMART,,,,,,|BOT|6/10/2011|3|-NRB|-NRB
DES,MITI,STK,SMART,,,,,,|BOT|6/10/2011|3|-NRB|-NRB
DES,RLD,STK,SMART,,,,,,|SLD|6/10/2011|3|-NRB|-NRB
DES,GILD,STK,SMART,,,,,,|SLD|06/13/2011|3|+NRB|-DD
DES,KOG,STK,SMART,,,,,,|SLD|06/13/2011|3|+NRB|-DD
DES,HTZ,STK,SMART,,,,,,|BOT|06/14/2011|3|+NRB|+NRB
DES,BBY,STK,SMART,,,,,,|BOT|06/14/2011|3|+NRB|+NRB
DES,OI,STK,SMART,,,,,,|SLD|06/15/2011|3|+NRB|-NRB
DES,KR,STK,SMART,,,,,,|BOT|06/16/2011|2|+NRB|+NRB
DES,ATU,STK,SMART,,,,,,|BOT|06/16/2011|2|+NRB|+NRB
DES,MPEL,STK,SMART,,,,,,|BOT|06/16/2011|3|+NRB|+NRB
DES,YOKU,STK,SMART,,,,,,|BOT|06/16/2011|3|+NRB|+NRB
DES,FNSR,STK,SMART,,,,,,|SLD|06/16/2011|3|+NRB|+NRB
DES,JDSU,STK,SMART,,,,,,|SLD|06/16/2011|3|+NRB|+NRB
DES,BBRY,STK,SMART,,,,,,|SLD|06/17/2011|3|+NRB|+NRB
DES,AGU,STK,SMART,,,,,,|BOT|06/20/2011|3|+NRB|+NRB
DES,CMC,STK,SMART,,,,,,|BOT|06/21/2011|2|+NRB|+WRB
DES,SPWRA,STK,SMART,,,,,,|BOT|06/21/2011|2|+NRB|+WRB
DES,BBY,STK,SMART,,,,,,|BOT|06/21/2011|3|+NRB|+WRB
DES,CVS,STK,SMART,,,,,,|BOT|06/21/2011|3|+NRB|+WRB
DES,WAG,STK,SMART,,,,,,|SLD|06/21/2011|2|+NRB|+WRB
DES,JEF,STK,SMART,,,,,,|SLD|06/21/2011|3|+NRB|+WRB
DES,ESRX,STK,SMART,,,,,,|SLD|06/21/2011|3|+NRB|+WRB
DES,AVAV,STK,SMART,,,,,,|BOT|06/22/2011|3|+NRB|-NRB
DES,RBN,STK,SMART,,,,,,|BOT|06/22/2011|3|+NRB|-NRB
DES,FDX,STK,SMART,,,,,,|BOT|06/22/2011|3|+NRB|-NRB
DES,JBL,STK,SMART,,,,,,|BOT|06/22/2011|3|+NRB|-NRB
DES,KMX,STK,SMART,,,,,,|BOT|06/22/2011|3|+NRB|-NRB
DES,ADBE,STK,SMART,,,,,,|SLD|06/22/2011|3|+NRB|-NRB
DES,BMY,STK,SMART,,,,,,|BOT|06/23/2011|3|+NRB|+WRB
DES,CAG,STK,SMART,,,,,,|SLD|06/23/2011|3|+NRB|+WRB
DES,HRB,STK,SMART,,,,,,|BOT|06/24/2011|3|+NRB|-WRB
DES,TIBX,STK,SMART,,,,,,|BOT|06/24/2011|3|+NRB|-WRB
DES,ACN,STK,SMART,,,,,,|BOT|06/24/2011|3|+NRB|-WRB
DES,MU,STK,SMART,,,,,,|SLD|06/24/2011|3|+NRB|-WRB
DES,FRO,STK,SMART,,,,,,|SLD|06/24/2011|3|+NRB|-WRB
DES,ORCL,STK,SMART,,,,,,|SLD|06/24/2011|3|+NRB|-WRB
DES,XCO,STK,SMART,,,,,,|SLD|06/27/2011|3|-NRB|+NRB
DES,NKE,STK,SMART,,,,,,|BOT|06/28/2011|3|+NRB|+WRB
DES,ACN,STK,SMART,,,,,,|BOT|06/28/2011|3|+NRB|+WRB
DES,BAC,STK,SMART,,,,,,|BOT|06/29/2011|2|-NRB|+NRB
DES,X,STK,SMART,,,,,,|BOT|06/29/2011|3|-NRB|+NRB
DES,SPRD,STK,SMART,,,,,,|BOT|06/29/2011|3|-NRB|+NRB
DES,GIS,STK,SMART,,,,,,|SLD|06/29/2011|2|-NRB|+NRB
DES,SHAW,STK,SMART,,,,,,|SLD|06/29/2011|3|-NRB|+NRB
DES,WOR,STK,SMART,,,,,,|BOT|06/30/2011|3|-NRB|+NRB
DES,VVUS,STK,SMART,,,,,,|BOT|06/30/2011|3|-NRB|+NRB
DES,EBAY,STK,SMART,,,,,,|BOT|06/30/2011|3|-NRB|+NRB
DES,SCHN,STK,SMART,,,,,,|SLD|06/30/2011|3|-NRB|+NRB
DES,APOL,STK,SMART,,,,,,|BOT|07/01/2011|3|-NRB|+WRB
DES,DNDN,STK,SMART,,,,,,|BOT|07/01/2011|3|-NRB|+WRB
DES,TIVO,STK,SMART,,,,,,|BOT|07/01/2011|3|-NRB|+WRB
DES,WFR,STK,SMART,,,,,,|SLD|07/01/2011|3|-NRB|+WRB
DES,AEIS,STK,SMART,,,,,,|SLD|07/05/2011|3|-NRB|-NRB
DES,OVTI,STK,SMART,,,,,,|SLD|07/06/2011|3|-NRB|-NRB
DES,OCZ,STK,SMART,,,,,,|BOT|07/07/2011|2|-NRB|+NRB
DES,TGT,STK,SMART,,,,,,|BOT|07/07/2011|3|-NRB|+NRB
DES,KSS,STK,SMART,,,,,,|BOT|07/07/2011|3|-NRB|+NRB
DES,JCP,STK,SMART,,,,,,|SLD|07/07/2011|2|-NRB|+NRB
DES,AFFX,STK,SMART,,,,,,|SLD|07/07/2011|3|-NRB|+NRB
DES,AMLN,STK,SMART,,,,,,|BOT|07/08/2011|3|+NRB|+NRB
DES,VMED,STK,SMART,,,,,,|SLD|07/11/2011|3|+NRB|-NRB
DES,CLNE,STK,SMART,,,,,,|BOT|07/12/2011|3|+NRB|-NRB
DES,NWSA,STK,SMART,,,,,,|BOT|07/12/2011|3|+NRB|-NRB
DES,WWW,STK,SMART,,,,,,|SLD|07/12/2011|3|+NRB|-NRB
DES,MCHP,STK,SMART,,,,,,|SLD|07/12/2011|3|+NRB|-NRB
DES,ARMH,STK,SMART,,,,,,|SLD|07/12/2011|3|+NRB|-NRB
DES,XCO,STK,SMART,,,,,,|BOT|07/13/2011|3|+NRB|-NRBTT
DES,HRBN,STK,SMART,,,,,,|BOT|07/13/2011|3|+NRB|-NRBTT
DES,ERTS,STK,SMART,,,,,,|SLD|07/13/2011|3|+NRB|-NRBTT
DES,ASML,STK,SMART,,,,,,|SLD|07/13/2011|3|+NRB|-NRBTT
DES,COP,STK,SMART,,,,,,|BOT|07/14/2011|3|-NRB|-NRB
DES,YUM,STK,SMART,,,,,,|BOT|07/14/2011|3|-NRB|-NRB
DES,SVM,STK,SMART,,,,,,|BOT|07/14/2011|3|-NRB|-NRB
DES,MRX,STK,SMART,,,,,,|SLD|07/14/2011|3|-NRB|-NRB
DES,MAR,STK,SMART,,,,,,|SLD|07/14/2011|3|-NRB|-NRB
DES,C,STK,SMART,,,,,,|BOT|07/15/2011|3|+NRB|+NRBBT
DES,MAT,STK,SMART,,,,,,|BOT|07/15/2011|3|+NRB|+NRBBT
DES,CHK,STK,SMART,,,,,,|BOT|07/15/2011|3|+NRB|+NRBBT
DES,GOOG,STK,SMART,,,,,,|BOT|07/15/2011|3|+NRB|+NRBBT
DES,GPC,STK,SMART,,,,,,|BOT|07/15/2011|3|+NRB|+NRBBT
DES,SGEN,STK,SMART,,,,,,|SLD|07/15/2011|3|+NRB|+NRBBT
DES,FLIR,STK,SMART,,,,,,|SLD|07/15/2011|3|+NRB|+NRBBT
DES,LIZ,STK,SMART,,,,,,|BOT|07/18/2011|3|+NRB|-NRBBT
DES,CHKP,STK,SMART,,,,,,|BOT|07/18/2011|3|+NRB|-NRBBT
DES,HAL,STK,SMART,,,,,,|BOT|07/18/2011|3|+NRB|-NRBBT
DES,MTG,STK,SMART,,,,,,|SLD|07/18/2011|3|+NRB|-NRBBT
DES,MOS,STK,SMART,,,,,,|BOT|07/19/2011|2|+NRB|+WRB
DES,NVS,STK,SMART,,,,,,|BOT|07/19/2011|2|+NRB|+WRB
DES,OMC,STK,SMART,,,,,,|BOT|07/19/2011|2|+NRB|+WRB
DES,HOG,STK,SMART,,,,,,|BOT|07/19/2011|2|+NRB|+WRB
DES,PII,STK,SMART,,,,,,|BOT|07/19/2011|3|+NRB|+WRB
DES,KEY,STK,SMART,,,,,,|BOT|07/19/2011|3|+NRB|+WRB
DES,IBM,STK,SMART,,,,,,|BOT|07/19/2011|3|+NRB|+WRB
DES,GS,STK,SMART,,,,,,|SLD|07/19/2011|3|+NRB|+WRB
DES,BRO,STK,SMART,,,,,,|SLD|07/19/2011|3|+NRB|+WRB
DES,LNCR,STK,SMART,,,,,,|SLD|07/19/2011|3|+NRB|+WRB
DES,VMW,STK,SMART,,,,,,|BOT|07/20/2011|3|+NRB|-NRB
DES,CTAS,STK,SMART,,,,,,|BOT|07/20/2011|3|+NRB|-NRB
DES,CRUS,STK,SMART,,,,,,|BOT|07/20/2011|3|+NRB|-NRB
DES,AMR,STK,SMART,,,,,,|BOT|07/20/2011|3|+NRB|-NRB
DES,ETFC,STK,SMART,,,,,,|BOT|07/20/2011|3|+NRB|-NRB
DES,INFN,STK,SMART,,,,,,|BOT|07/20/2011|3|+NRB|-NRB
DES,EMC,STK,SMART,,,,,,|BOT|07/20/2011|3|+NRB|-NRB
DES,TEL,STK,SMART,,,,,,|BOT|07/20/2011|3|+NRB|-NRB
DES,TXT,STK,SMART,,,,,,|BOT|07/20/2011|3|+NRB|-NRB
DES,JCI,STK,SMART,,,,,,|SLD|07/20/2011|3|+NRB|-NRB
DES,YHOO,STK,SMART,,,,,,|SLD|07/20/2011|3|+NRB|-NRB
DES,BRCD,STK,SMART,,,,,,|SLD|07/20/2011|3|+NRB|-NRB
DES,RVBD,STK,SMART,,,,,,|SLD|07/20/2011|3|+NRB|-NRB
DES,FTNT,STK,SMART,,,,,,|SLD|07/20/2011|3|+NRB|-NRB
DES,VFC,STK,SMART,,,,,,|BOT|07/21/2011|3|-NRB|+WRB
DES,SCSS,STK,SMART,,,,,,|BOT|07/21/2011|3|-NRB|+WRB
DES,RHI,STK,SMART,,,,,,|BOT|07/21/2011|3|-NRB|+WRB
DES,TSCO,STK,SMART,,,,,,|SLD|07/21/2011|2|-NRB|+WRB
DES,CAKE,STK,SMART,,,,,,|SLD|07/21/2011|2|-NRB|+WRB
DES,GNW,STK,SMART,,,,,,|SLD|07/21/2011|2|-NRB|+WRB
DES,ENTG,STK,SMART,,,,,,|SLD|07/21/2011|3|-NRB|+WRB
DES,IR,STK,SMART,,,,,,|SLD|07/21/2011|3|-NRB|+WRB
DES,TZOO,STK,SMART,,,,,,|SLD|07/21/2011|3|-NRB|+WRB
DES,STX,STK,SMART,,,,,,|SLD|07/21/2011|3|-NRB|+WRB
DES,SWKS,STK,SMART,,,,,,|BOT|07/22/2011|2|-NRB|+DD
DES,AMD,STK,SMART,,,,,,|BOT|07/22/2011|2|-NRB|+DD
DES,SNDK,STK,SMART,,,,,,|BOT|07/22/2011|3|-NRB|+DD
DES,APKT,STK,SMART,,,,,,|BOT|07/22/2011|3|-NRB|+DD
DES,CBI,STK,SMART,,,,,,|BOT|07/22/2011|3|-NRB|+DD
DES,CAT,STK,SMART,,,,,,|SLD|07/22/2011|2|-NRB|+DD
DES,CSTR,STK,SMART,,,,,,|SLD|07/22/2011|3|-NRB|+DD
DES,FLIR,STK,SMART,,,,,,|SLD|07/22/2011|3|-NRB|+DD
DES,CX,STK,SMART,,,,,,|SLD|07/22/2011|3|-NRB|+DD
DES,OLN,STK,SMART,,,,,,|SLD|07/22/2011|3|-NRB|+DD
DES,VZ,STK,SMART,,,,,,|SLD|07/22/2011|3|-NRB|+DD
DES,SLAB,STK,SMART,,,,,,|SLD|07/25/2011|3|-NRB|+NRBTT
DES,HCA,STK,SMART,,,,,,|SLD|07/25/2011|3|-NRB|+NRBTT
DES,COV,STK,SMART,,,,,,|BOT|07/26/2011|3|-NRB|-NRB
DES,LXK,STK,SMART,,,,,,|BOT|07/26/2011|3|-NRB|-NRB
DES,RSH,STK,SMART,,,,,,|BOT|07/26/2011|3|-NRB|-NRB
DES,DANG,STK,SMART,,,,,,|BOT|07/26/2011|3|-NRB|-NRB
DES,SVU,STK,SMART,,,,,,|BOT|07/26/2011|3|-NRB|-NRB
DES,BRCM,STK,SMART,,,,,,|BOT|07/26/2011|3|-NRB|-NRB
DES,NFLX,STK,SMART,,,,,,|SLD|07/26/2011|2|-NRB|-NRB
DES,EK,STK,SMART,,,,,,|SLD|07/26/2011|3|-NRB|-NRB
DES,PCX,STK,SMART,,,,,,|SLD|07/26/2011|3|-NRB|-NRB
DES,ITW,STK,SMART,,,,,,|SLD|07/26/2011|3|-NRB|-NRB
DES,QCOR,STK,SMART,,,,,,|BOT|07/27/2011|2|-NRB|-WRB
DES,AMZN,STK,SMART,,,,,,|BOT|07/27/2011|2|-NRB|-WRB
DES,IACI,STK,SMART,,,,,,|BOT|07/27/2011|3|-NRB|-WRB
DES,WYN,STK,SMART,,,,,,|BOT|07/27/2011|3|-NRB|-WRB
DES,DWA,STK,SMART,,,,,,|BOT|07/27/2011|3|-NRB|-WRB
DES,JNY,STK,SMART,,,,,,|BOT|07/27/2011|3|-NRB|-WRB
DES,TPX,STK,SMART,,,,,,|BOT|07/27/2011|3|-NRB|-WRB
DES,RFMD,STK,SMART,,,,,,|BOT|07/27/2011|3|-NRB|-WRB
DES,MCO,STK,SMART,,,,,,|BOT|07/27/2011|3|-NRB|-WRB
DES,IGT,STK,SMART,,,,,,|BOT|07/27/2011|3|-NRB|-WRB
DES,LVS,STK,SMART,,,,,,|BOT|07/27/2011|3|-NRB|-WRB
DES,AET,STK,SMART,,,,,,|BOT|07/27/2011|3|-NRB|-WRB
DES,LLTC,STK,SMART,,,,,,|SLD|07/27/2011|2|-NRB|-WRB
DES,TRN,STK,SMART,,,,,,|SLD|07/27/2011|2|-NRB|-WRB
DES,ARW,STK,SMART,,,,,,|SLD|07/27/2011|3|-NRB|-WRB
DES,GLW,STK,SMART,,,,,,|SLD|07/27/2011|3|-NRB|-WRB
DES,ILMN,STK,SMART,,,,,,|SLD|07/27/2011|3|-NRB|-WRB
DES,WLP,STK,SMART,,,,,,|SLD|07/27/2011|3|-NRB|-WRB
DES,JNPR,STK,SMART,,,,,,|SLD|07/27/2011|3|-NRB|-WRB
DES,CELG,STK,SMART,,,,,,|BOT|07/28/2011|2|+NRB|-NRB
DES,BC,STK,SMART,,,,,,|BOT|07/28/2011|2|+NRB|-NRB
DES,MJN,STK,SMART,,,,,,|BOT|07/28/2011|2|+NRB|-NRB
DES,LIZ,STK,SMART,,,,,,|BOT|07/28/2011|3|+NRB|-NRB
DES,GMCR,STK,SMART,,,,,,|BOT|07/28/2011|3|+NRB|-NRB
DES,GT,STK,SMART,,,,,,|BOT|07/28/2011|3|+NRB|-NRB
DES,CROX,STK,SMART,,,,,,|BOT|07/28/2011|3|+NRB|-NRB
DES,AFL,STK,SMART,,,,,,|BOT|07/28/2011|3|+NRB|-NRB
DES,CBG,STK,SMART,,,,,,|SLD|07/28/2011|2|+NRB|-NRB
DES,TQNT,STK,SMART,,,,,,|SLD|07/28/2011|3|+NRB|-NRB
DES,TER,STK,SMART,,,,,,|SLD|07/28/2011|3|+NRB|-NRB
DES,AKAM,STK,SMART,,,,,,|SLD|07/28/2011|3|+NRB|-NRB
DES,IPG,STK,SMART,,,,,,|SLD|07/28/2011|3|+NRB|-NRB
DES,CLF,STK,SMART,,,,,,|SLD|07/28/2011|3|+NRB|-NRB
DES,MUR,STK,SMART,,,,,,|SLD|07/28/2011|3|+NRB|-NRB
DES,IM,STK,SMART,,,,,,|BOT|07/29/2011|2|+NRB|+2020
DES,CDNS,STK,SMART,,,,,,|BOT|07/29/2011|2|+NRB|+2020
DES,RGC,STK,SMART,,,,,,|BOT|07/29/2011|3|+NRB|+2020
DES,CHK,STK,SMART,,,,,,|BOT|07/29/2011|3|+NRB|+2020
DES,CYH,STK,SMART,,,,,,|BOT|07/29/2011|3|+NRB|+2020
DES,VECO,STK,SMART,,,,,,|SLD|07/29/2011|3|+NRB|+2020
DES,CSTR,STK,SMART,,,,,,|SLD|07/29/2011|3|+NRB|+2020
DES,AGP,STK,SMART,,,,,,|SLD|07/29/2011|3|+NRB|+2020
DES,NXPI,STK,SMART,,,,,,|SLD|07/29/2011|3|+NRB|+2020
DES,MPEL,STK,SMART,,,,,,|BOT|08/01/2011|3|+NRB|-WRB
DES,ALL,STK,SMART,,,,,,|BOT|08/01/2011|3|+NRB|-WRB
DES,HUM,STK,SMART,,,,,,|BOT|08/01/2011|3|+NRB|-WRB
DES,OCR,STK,SMART,,,,,,|SLD|08/01/2011|3|+NRB|-WRB
DES,L,STK,SMART,,,,,,|SLD|08/01/2011|3|+NRB|-WRB
DES,AUXL,STK,SMART,,,,,,|SLD|08/01/2011|3|+NRB|-WRB
DES,SM,STK,SMART,,,,,,|BOT|08/02/2011|2|+NRB|-NRB
DES,HLF,STK,SMART,,,,,,|BOT|08/02/2011|2|+NRB|-NRB
DES,FWLT,STK,SMART,,,,,,|BOT|08/02/2011|3|+NRB|-NRB
DES,OMX,STK,SMART,,,,,,|BOT|08/02/2011|3|+NRB|-NRB
DES,RDN,STK,SMART,,,,,,|BOT|08/02/2011|3|+NRB|-NRB
DES,CVLT,STK,SMART,,,,,,|BOT|08/02/2011|3|+NRB|-NRB
DES,CTSH,STK,SMART,,,,,,|BOT|08/02/2011|3|+NRB|-NRB
DES,FOE,STK,SMART,,,,,,|SLD|08/02/2011|3|+NRB|-NRB
DES,FMC,STK,SMART,,,,,,|SLD|08/02/2011|3|+NRB|-NRB
DES,PH,STK,SMART,,,,,,|SLD|08/02/2011|3|+NRB|-NRB
DES,ADM,STK,SMART,,,,,,|SLD|08/02/2011|3|+NRB|-NRB
DES,BGC,STK,SMART,,,,,,|SLD|08/02/2011|3|+NRB|-NRB
DES,PCS,STK,SMART,,,,,,|SLD|08/02/2011|3|+NRB|-NRB
DES,TXRH,STK,SMART,,,,,,|SLD|08/02/2011|3|+NRB|-NRB
DES,KLIC,STK,SMART,,,,,,|SLD|08/02/2011|3|+NRB|-NRB
DES,SFSF,STK,SMART,,,,,,|BOT|08/03/2011|2|+NRB|+NRBBT
DES,HRS,STK,SMART,,,,,,|BOT|08/03/2011|2|+NRB|+NRBBT
DES,MDRX,STK,SMART,,,,,,|BOT|08/03/2011|2|+NRB|+NRBBT
DES,HTZ,STK,SMART,,,,,,|BOT|08/03/2011|3|+NRB|+NRBBT
DES,XL,STK,SMART,,,,,,|BOT|08/03/2011|3|+NRB|+NRBBT
DES,LBTYA,STK,SMART,,,,,,|BOT|08/03/2011|3|+NRB|+NRBBT
DES,MA,STK,SMART,,,,,,|BOT|08/03/2011|3|+NRB|+NRBBT
DES,VCLK,STK,SMART,,,,,,|SLD|08/03/2011|2|+NRB|+NRBBT
DES,BKS,STK,SMART,,,,,,|SLD|08/03/2011|3|+NRB|+NRBBT
DES,GRMN,STK,SMART,,,,,,|SLD|08/03/2011|3|+NRB|+NRBBT
DES,OPEN,STK,SMART,,,,,,|SLD|08/03/2011|3|+NRB|+NRBBT
DES,CTL,STK,SMART,,,,,,|SLD|08/03/2011|3|+NRB|+NRBBT
DES,KKR,STK,SMART,,,,,,|SLD|08/03/2011|3|+NRB|+NRBBT
DES,SWI,STK,SMART,,,,,,|BOT|08/04/2011|3|+NRB|-WRB
DES,TDC,STK,SMART,,,,,,|BOT|08/04/2011|3|+NRB|-WRB
DES,KFT,STK,SMART,,,,,,|BOT|08/04/2011|3|+NRB|-WRB
DES,GOLD,STK,SMART,,,,,,|BOT|08/04/2011|3|+NRB|-WRB
DES,CVI,STK,SMART,,,,,,|BOT|08/04/2011|3|+NRB|-WRB
DES,ONNN,STK,SMART,,,,,,|SLD|08/04/2011|3|+NRB|-WRB
DES,KSS,STK,SMART,,,,,,|SLD|08/04/2011|3|+NRB|-WRB
DES,CVS,STK,SMART,,,,,,|SLD|08/04/2011|3|+NRB|-WRB
DES,WLT,STK,SMART,,,,,,|SLD|08/04/2011|3|+NRB|-WRB
DES,RIG,STK,SMART,,,,,,|SLD|08/04/2011|3|+NRB|-WRB
DES,ARMH,STK,SMART,,,,,,|SLD|08/04/2011|3|+NRB|-WRB
DES,WNR,STK,SMART,,,,,,|SLD|08/04/2011|3|+NRB|-WRB
DES,EOG,STK,SMART,,,,,,|BOT|08/05/2011|2|+NRB|+NRBBT
DES,SPRD,STK,SMART,,,,,,|BOT|08/05/2011|2|+NRB|+NRBBT
DES,PCLN,STK,SMART,,,,,,|BOT|08/05/2011|3|+NRB|+NRBBT
DES,RAX,STK,SMART,,,,,,|BOT|08/05/2011|3|+NRB|+NRBBT
DES,KOG,STK,SMART,,,,,,|BOT|08/05/2011|3|+NRB|+NRBBT
DES,SD,STK,SMART,,,,,,|SLD|08/05/2011|3|+NRB|+NRBBT
DES,WTW,STK,SMART,,,,,,|SLD|08/05/2011|3|+NRB|+NRBBT
DES,MGA,STK,SMART,,,,,,|SLD|08/05/2011|3|+NRB|+NRBBT
DES,FSLR,STK,SMART,,,,,,|SLD|08/05/2011|3|+NRB|+NRBBT
DES,DLB,STK,SMART,,,,,,|SLD|08/05/2011|3|+NRB|+NRBBT
DES,LYV,STK,SMART,,,,,,|BOT|08/09/2011|2|+WRB|+WRB
DES,MAKO,STK,SMART,,,,,,|BOT|08/09/2011|2|+WRB|+WRB
DES,NOG,STK,SMART,,,,,,|BOT|08/09/2011|3|+WRB|+WRB
DES,EPD,STK,SMART,,,,,,|BOT|08/09/2011|3|+WRB|+WRB
DES,RIO,STK,SMART,,,,,,|BOT|08/09/2011|3|+WRB|+WRB
DES,MGM,STK,SMART,,,,,,|BOT|08/09/2011|3|+WRB|+WRB
DES,EBIX,STK,SMART,,,,,,|BOT|08/09/2011|3|+WRB|+WRB
DES,RL,STK,SMART,,,,,,|BOT|08/10/2011|2|+NRB|-WRB
DES,CREE,STK,SMART,,,,,,|BOT|08/10/2011|2|+NRB|-WRB
DES,MBI,STK,SMART,,,,,,|BOT|08/10/2011|3|+NRB|-WRB
DES,NUAN,STK,SMART,,,,,,|BOT|08/10/2011|3|+NRB|-WRB
DES,DIS,STK,SMART,,,,,,|SLD|08/10/2011|3|+NRB|-WRB
DES,HAR,STK,SMART,,,,,,|SLD|08/10/2011|3|+NRB|-WRB
DES,CSCO,STK,SMART,,,,,,|BOT|08/11/2011|2|+WRB|+WRB
DES,AAP,STK,SMART,,,,,,|BOT|08/11/2011|2|+WRB|+WRB
DES,EAT,STK,SMART,,,,,,|BOT|08/11/2011|3|+WRB|+WRB
DES,NWSA,STK,SMART,,,,,,|BOT|08/11/2011|3|+WRB|+WRB
DES,KSS,STK,SMART,,,,,,|BOT|08/11/2011|3|+WRB|+WRB
DES,SLE,STK,SMART,,,,,,|SLD|08/11/2011|3|+WRB|+WRB
DES,SODA,STK,SMART,,,,,,|SLD|08/11/2011|3|+WRB|+WRB
DES,BGG,STK,SMART,,,,,,|SLD|08/11/2011|3|+WRB|+WRB
DES,NVDA,STK,SMART,,,,,,|BOT|08/12/2011|2|+NRB|-NRB
DES,JWN,STK,SMART,,,,,,|BOT|08/12/2011|2|+NRB|-NRB
DES,CAT,STK,SMART,,,,,,|BOT|08/12/2011|3|+NRB|-NRB
DES,MCP,STK,SMART,,,,,,|BOT|08/12/2011|3|+NRB|-NRB
DES,TIVO,STK,SMART,,,,,,|BOT|08/12/2011|3|+NRB|-NRB
DES,DDS,STK,SMART,,,,,,|SLD|08/12/2011|2|+NRB|-NRB
DES,ELX,STK,SMART,,,,,,|SLD|08/12/2011|2|+NRB|-NRB
DES,BYI,STK,SMART,,,,,,|SLD|08/12/2011|3|+NRB|-NRB
DES,DV,STK,SMART,,,,,,|SLD|08/12/2011|3|+NRB|-NRB
DES,BBRY,STK,SMART,,,,,,|BOT|08/15/2011|3|+NRB|+NRB
DES,ZAGG,STK,SMART,,,,,,|BOT|08/15/2011|3|+NRB|+NRB
DES,IDCC,STK,SMART,,,,,,|SLD|08/15/2011|3|+NRB|+NRB
DES,EL,STK,SMART,,,,,,|SLD|08/15/2011|3|+NRB|+NRB
DES,WMT,STK,SMART,,,,,,|BOT|08/16/2011|3|+NRB|+DD
DES,HD,STK,SMART,,,,,,|BOT|08/16/2011|3|+NRB|+DD
DES,FRX,STK,SMART,,,,,,|BOT|08/16/2011|3|+NRB|+DD
DES,PPDI,STK,SMART,,,,,,|BOT|08/16/2011|3|+NRB|+DD
DES,URBN,STK,SMART,,,,,,|SLD|08/16/2011|2|+NRB|+DD
DES,VIT,STK,SMART,,,,,,|SLD|08/16/2011|2|+NRB|+DD
DES,DANG,STK,SMART,,,,,,|SLD|08/16/2011|3|+NRB|+DD
DES,DKS,STK,SMART,,,,,,|SLD|08/16/2011|3|+NRB|+DD
DES,TJX,STK,SMART,,,,,,|SLD|08/16/2011|3|+NRB|+DD
DES,TGT,STK,SMART,,,,,,|BOT|08/17/2011|2|+NRB|-NRB
DES,PLAB,STK,SMART,,,,,,|BOT|08/17/2011|2|+NRB|-NRB
DES,SPLS,STK,SMART,,,,,,|BOT|08/17/2011|3|+NRB|-NRB
DES,CHS,STK,SMART,,,,,,|BOT|08/17/2011|3|+NRB|-NRB
DES,BCSI,STK,SMART,,,,,,|SLD|08/17/2011|2|+NRB|-NRB
DES,DELL,STK,SMART,,,,,,|SLD|08/17/2011|2|+NRB|-NRB
DES,FLO,STK,SMART,,,,,,|SLD|08/17/2011|3|+NRB|-NRB
DES,ANF,STK,SMART,,,,,,|SLD|08/17/2011|3|+NRB|-NRB
DES,DE,STK,SMART,,,,,,|SLD|08/17/2011|3|+NRB|-NRB
DES,HPQ,STK,SMART,,,,,,|SLD|08/17/2011|3|+NRB|-NRB
DES,CNX,STK,SMART,,,,,,|BOT|08/18/2011|3|+NRB|-NRB
DES,ROST,STK,SMART,,,,,,|SLD|08/18/2011|3|+NRB|-NRB
DES,SHLD,STK,SMART,,,,,,|SLD|08/18/2011|3|+NRB|-NRB
DES,EMC,STK,SMART,,,,,,|SLD|08/18/2011|3|+NRB|-NRB
DES,GME,STK,SMART,,,,,,|SLD|08/18/2011|3|+NRB|-NRB
DES,PLCE,STK,SMART,,,,,,|SLD|08/18/2011|3|+NRB|-NRB
DES,MGM,STK,SMART,,,,,,|SLD|08/18/2011|3|+NRB|-NRB
DES,JASO,STK,SMART,,,,,,|SLD|08/18/2011|3|+NRB|-NRB
DES,SODA,STK,SMART,,,,,,|BOT|08/19/2011|3|+NRB|-NRBTT
DES,MRVL,STK,SMART,,,,,,|BOT|08/19/2011|3|+NRB|-NRBTT
DES,ADSK,STK,SMART,,,,,,|BOT|08/19/2011|3|+NRB|-NRBTT
DES,INTU,STK,SMART,,,,,,|BOT|08/19/2011|3|+NRB|-NRBTT
DES,ARO,STK,SMART,,,,,,|SLD|08/19/2011|3|+NRB|-NRBTT
DES,LDK,STK,SMART,,,,,,|SLD|08/19/2011|3|+NRB|-NRBTT
DES,HPQ,STK,SMART,,,,,,|SLD|08/19/2011|3|+NRB|-NRBTT
DES,OCR,STK,SMART,,,,,,|BOT|08/23/2011|3|+NRB|+WRB
DES,PANL,STK,SMART,,,,,,|BOT|08/23/2011|3|+NRB|+WRB
DES,FMCN,STK,SMART,,,,,,|BOT|08/23/2011|3|+NRB|+WRB
DES,BAC,STK,SMART,,,,,,|SLD|08/23/2011|3|+NRB|+WRB
DES,TSL,STK,SMART,,,,,,|SLD|08/23/2011|3|+NRB|+WRB
DES,AVGO,STK,SMART,,,,,,|BOT|08/24/2011|3|-NRB|+WRB
DES,TOL,STK,SMART,,,,,,|BOT|08/24/2011|3|-NRB|+WRB
DES,ATPG,STK,SMART,,,,,,|BOT|08/24/2011|3|-NRB|+WRB
DES,RENN,STK,SMART,,,,,,|BOT|08/24/2011|3|-NRB|+WRB
DES,AEO,STK,SMART,,,,,,|SLD|08/24/2011|3|-NRB|+WRB
DES,HGSI,STK,SMART,,,,,,|SLD|08/24/2011|3|-NRB|+WRB
DES,UTHR,STK,SMART,,,,,,|SLD|08/24/2011|3|-NRB|+WRB
DES,TIVO,STK,SMART,,,,,,|BOT|08/25/2011|3|-NRB|-WRB
DES,FFIV,STK,SMART,,,,,,|BOT|08/25/2011|3|-NRB|-WRB
DES,SIG,STK,SMART,,,,,,|BOT|08/25/2011|3|-NRB|-WRB
DES,PSS,STK,SMART,,,,,,|BOT|08/25/2011|3|-NRB|-WRB
DES,BAC,STK,SMART,,,,,,|BOT|08/25/2011|3|-NRB|-WRB
DES,AMAT,STK,SMART,,,,,,|SLD|08/25/2011|2|-NRB|-WRB
DES,GES,STK,SMART,,,,,,|SLD|08/25/2011|3|-NRB|-WRB
DES,SDRL,STK,SMART,,,,,,|SLD|08/25/2011|3|-NRB|-WRB
DES,ARUN,STK,SMART,,,,,,|BOT|08/26/2011|2|-NRB|+WRB
DES,MCRS,STK,SMART,,,,,,|BOT|08/26/2011|3|-NRB|+WRB
DES,TIF,STK,SMART,,,,,,|BOT|08/26/2011|3|-NRB|+WRB
DES,LAVA,STK,SMART,,,,,,|SLD|08/26/2011|3|-NRB|+WRB
DES,OVTI,STK,SMART,,,,,,|SLD|08/26/2011|3|-NRB|+WRB
DES,FRO,STK,SMART,,,,,,|SLD|08/26/2011|3|-NRB|+WRB
DES,YOKU,STK,SMART,,,,,,|BOT|08/29/2011|3|+NRB|+WRB
DES,DG,STK,SMART,,,,,,|BOT|08/30/2011|3|+NRB|+WRB
DES,VRA,STK,SMART,,,,,,|BOT|08/31/2011|3|+NRB|+DD
DES,JOYG,STK,SMART,,,,,,|BOT|08/31/2011|3|+NRB|+DD
DES,DRYS,STK,SMART,,,,,,|SLD|08/31/2011|3|+NRB|+DD
DES,CIEN,STK,SMART,,,,,,|BOT|09/01/2011|2|+NRB|-NRBTT
DES,PIR,STK,SMART,,,,,,|BOT|09/01/2011|3|+NRB|-NRBTT
DES,SAI,STK,SMART,,,,,,|SLD|09/01/2011|2|+NRB|-NRBTT
DES,ZUMZ,STK,SMART,,,,,,|SLD|09/01/2011|3|+NRB|-NRBTT
DES,FNSR,STK,SMART,,,,,,|BOT|09/02/2011|2|+NRB|-NRB
DES,LIZ,STK,SMART,,,,,,|BOT|09/02/2011|3|+NRB|-NRB
DES,CPB,STK,SMART,,,,,,|BOT|09/02/2011|3|+NRB|-NRB
DES,SVM,STK,SMART,,,,,,|SLD|09/02/2011|3|+NRB|-NRB
DES,HRB,STK,SMART,,,,,,|SLD|09/02/2011|3|+NRB|-NRB
DES,NFLX,STK,SMART,,,,,,|SLD|09/02/2011|3|+NRB|-NRB
DES,PAY,STK,SMART,,,,,,|BOT|09/07/2011|3|+NRB|+WRB
DES,WLT,STK,SMART,,,,,,|BOT|09/07/2011|3|+NRB|+WRB
DES,NVDA,STK,SMART,,,,,,|BOT|09/07/2011|3|+NRB|+WRB
DES,DRI,STK,SMART,,,,,,|SLD|09/07/2011|3|+NRB|+WRB
DES,URBN,STK,SMART,,,,,,|SLD|09/07/2011|3|+NRB|+WRB
DES,SFD,STK,SMART,,,,,,|BOT|09/08/2011|3|+NRB|-NRBTT
DES,TZOO,STK,SMART,,,,,,|BOT|09/09/2011|3|+NRB|-WRB
DES,ULTA,STK,SMART,,,,,,|BOT|09/09/2011|3|+NRB|-WRB
DES,MCD,STK,SMART,,,,,,|SLD|09/09/2011|3|+NRB|-WRB
DES,VRSN,STK,SMART,,,,,,|BOT|09/09/2011|3|+NRB|-WRB
DES,KR,STK,SMART,,,,,,|BOT|09/09/2011|3|+NRB|-WRB
DES,LULU,STK,SMART,,,,,,|BOT|09/09/2011|3|+NRB|-WRB
DES,SSO,STK,SMART,,,,,,|BOT|09/12/2011|3|+WRB|+WRB
DES,CBRL,STK,SMART,,,,,,|SLD|09/13/2011|3|-NRB|+NRB
DES,NVDA,STK,SMART,,,,,,|BOT|09/14/2011|3|+NRB|+WRB
DES,YHOO,STK,SMART,,,,,,|BOT|09/14/2011|3|+NRB|+WRB
DES,HTZ,STK,SMART,,,,,,|BOT|09/14/2011|3|+NRB|+WRB
DES,DELL,STK,SMART,,,,,,|BOT|09/14/2011|3|+NRB|+WRB
DES,SOA,STK,SMART,,,,,,|SLD|09/14/2011|3|+NRB|+WRB
DES,RAH,STK,SMART,,,,,,|SLD|09/14/2011|3|+NRB|+WRB
DES,CEDC,STK,SMART,,,,,,|BOT|09/15/2011|3|+NRB|+NRB
DES,NFLX,STK,SMART,,,,,,|SLD|09/15/2011|3|+NRB|+NRB
DES,PWRD,STK,SMART,,,,,,|SLD|09/15/2011|3|+NRB|+NRB
DES,DMND,STK,SMART,,,,,,|BOT|09/16/2011|3|+NRB|+NRB
DES,BBRY,STK,SMART,,,,,,|SLD|09/16/2011|3|+NRB|+NRB
DES,AGP,STK,SMART,,,,,,|SLD|09/16/2011|3|+NRB|+NRB
DES,PCX,STK,SMART,,,,,,|SLD|09/16/2011|3|+NRB|+NRB
DES,SSO,STK,SMART,,,,,,|BOT|09/19/2011|3|+NRB|+NRB
DES,MGM,STK,SMART,,,,,,|BOT|09/20/2011|3|+NRB|-NRB
DES,MCP,STK,SMART,,,,,,|SLD|09/20/2011|3|+NRB|-NRB
DES,JEF,STK,SMART,,,,,,|SLD|09/20/2011|3|+NRB|-NRB
DES,ORCL,STK,SMART,,,,,,|BOT|09/21/2011|2|+NRB|-WRB
DES,ADBE,STK,SMART,,,,,,|BOT|09/21/2011|3|+NRB|-WRB
DES,WLT,STK,SMART,,,,,,|SLD|09/21/2011|3|+NRB|-WRB
DES,ANR,STK,SMART,,,,,,|SLD|09/21/2011|3|+NRB|-WRB
DES,ACI,STK,SMART,,,,,,|SLD|09/21/2011|3|+NRB|-WRB
DES,PCX,STK,SMART,,,,,,|SLD|09/21/2011|3|+NRB|-WRB
DES,RHT,STK,SMART,,,,,,|BOT|09/22/2011|2|+WRB|-DD
DES,MLHR,STK,SMART,,,,,,|BOT|09/22/2011|3|+WRB|-DD
DES,KMX,STK,SMART,,,,,,|SLD|09/22/2011|3|+WRB|-DD
DES,SCS,STK,SMART,,,,,,|SLD|09/22/2011|3|+WRB|-DD
DES,PNM,STK,SMART,,,,,,|BOT|09/23/2011|3|+WRB|+NRB
DES,NKE,STK,SMART,,,,,,|BOT|09/23/2011|3|+WRB|+NRB
DES,FINL,STK,SMART,,,,,,|BOT|09/23/2011|3|+WRB|+NRB
DES,TIBX,STK,SMART,,,,,,|BOT|09/23/2011|3|+WRB|+NRB
DES,SSO,STK,SMART,,,,,,|BOT|09/26/2011|3|+NRB|+WRB
DES,TCK,STK,SMART,,,,,,|BOT|09/27/2011|3|-NRB|+NRB
DES,WAG,STK,SMART,,,,,,|SLD|09/27/2011|3|-NRB|-NRBTT
DES,JBL,STK,SMART,,,,,,|BOT|09/28/2011|3|+NRB|-WRB
DES,CHK,STK,SMART,,,,,,|BOT|09/28/2011|3|+NRB|-WRB
DES,PRGS,STK,SMART,,,,,,|SLD|09/28/2011|3|+NRB|-WRB
DES,DRI,STK,SMART,,,,,,|SLD|09/28/2011|3|+NRB|-WRB
DES,AMD,STK,SMART,,,,,,|SLD|09/29/2011|3|+NRB|-NRBBT
DES,MU,STK,SMART,,,,,,|SLD|09/30/2011|3|+NRB|-NRBTT
DES,SSO,STK,SMART,,,,,,|BOT|10/03/2011|3|+NRB|-WRB
DES,SSO,STK,SMART,,,,,,|BOT|10/04/2011|3|+NRB|+WRB
DES,SSO,STK,SMART,,,,,,|BOT|10/05/2011|3|+NRB|+WRB
DES,ESRX,STK,SMART,,,,,,|BOT|10/06/2011|3|+WRB|+WRB
DES,OCZ,STK,SMART,,,,,,|BOT|10/06/2011|3|-NRB|+WRB
DES,ZUMZ,STK,SMART,,,,,,|BOT|10/06/2011|3|-NRB|+WRB
DES,SSO,STK,SMART,,,,,,|SLD|10/07/2011|3|-NRB|-NRB
DES,ONXX,STK,SMART,,,,,,|BOT|10/12/2011|3|-NRB|+NRBTT
DES,FRO,STK,SMART,,,,,,|BOT|10/12/2011|3|-NRB|+NRBTT
DES,AA,STK,SMART,,,,,,|SLD|10/12/2011|3|-NRB|+NRBTT
DES,HST,STK,SMART,,,,,,|SLD|10/12/2011|3|-NRB|+NRBTT
DES,SWY,STK,SMART,,,,,,|BOT|10/13/2011|3|-NRB|+NRB
DES,AKAM,STK,SMART,,,,,,|BOT|10/13/2011|3|-NRB|+NRB
DES,FCS,STK,SMART,,,,,,|SLD|10/13/2011|3|-NRB|+NRB
DES,ADBE,STK,SMART,,,,,,|BOT|10/14/2011|3|+NRB|+NRB
DES,JBHT,STK,SMART,,,,,,|BOT|10/14/2011|3|+NRB|+NRB
DES,GOOG,STK,SMART,,,,,,|BOT|10/14/2011|3|+NRB|+NRB
DES,MAT,STK,SMART,,,,,,|SLD|10/14/2011|3|+NRB|+NRB
DES,SQNM,STK,SMART,,,,,,|BOT|10/17/2011|3|+NRB|-NRB
DES,EPB,STK,SMART,,,,,,|SLD|10/17/2011|3|+NRB|-NRB
DES,HAS,STK,SMART,,,,,,|SLD|10/17/2011|3|+NRB|-NRB
DES,WFC,STK,SMART,,,,,,|SLD|10/17/2011|3|+NRB|-NRB
DES,PH,STK,SMART,,,,,,|BOT|10/18/2011|3|+NRB|+WRB
DES,EMC,STK,SMART,,,,,,|BOT|10/18/2011|3|+NRB|+WRB
DES,STT,STK,SMART,,,,,,|BOT|10/18/2011|3|+NRB|+WRB
DES,IBM,STK,SMART,,,,,,|SLD|10/18/2011|2|+NRB|+WRB
DES,HOG,STK,SMART,,,,,,|SLD|10/18/2011|2|+NRB|+WRB
DES,PII,STK,SMART,,,,,,|SLD|10/18/2011|3|+NRB|+WRB
DES,UNH,STK,SMART,,,,,,|SLD|10/18/2011|3|+NRB|+WRB
DES,EDU,STK,SMART,,,,,,|SLD|10/18/2011|3|+NRB|+WRB
DES,URI,STK,SMART,,,,,,|BOT|10/19/2011|3|+NRB|-NRB
DES,ABT,STK,SMART,,,,,,|BOT|10/19/2011|3|+NRB|-NRB
DES,YHOO,STK,SMART,,,,,,|BOT|10/19/2011|3|+NRB|-NRB
DES,USB,STK,SMART,,,,,,|BOT|10/19/2011|3|+NRB|-NRB
DES,INTC,STK,SMART,,,,,,|BOT|10/19/2011|3|+NRB|-NRB
DES,JNPR,STK,SMART,,,,,,|BOT|10/19/2011|3|+NRB|-NRB
DES,APOL,STK,SMART,,,,,,|BOT|10/19/2011|3|+NRB|-NRB
DES,LLTC,STK,SMART,,,,,,|SLD|10/19/2011|3|+NRB|-NRB
DES,AAPL,STK,SMART,,,,,,|SLD|10/19/2011|3|+NRB|-NRB
DES,APH,STK,SMART,,,,,,|SLD|10/19/2011|3|+NRB|-NRB
DES,AEM,STK,SMART,,,,,,|SLD|10/19/2011|3|+NRB|-NRB
DES,CBST,STK,SMART,,,,,,|BOT|10/20/2011|3|+NRB|+NRBBT
DES,TZOO,STK,SMART,,,,,,|BOT|10/20/2011|3|+NRB|+NRBBT
DES,RVBD,STK,SMART,,,,,,|BOT|10/20/2011|3|+NRB|+NRBBT
DES,WYNN,STK,SMART,,,,,,|SLD|10/20/2011|3|+NRB|+NRBBT
DES,EBAY,STK,SMART,,,,,,|SLD|10/20/2011|3|+NRB|+NRBBT
DES,LRCX,STK,SMART,,,,,,|SLD|10/20/2011|3|+NRB|+NRBBT
DES,MCD,STK,SMART,,,,,,|BOT|10/21/2011|3|+NRB|+NRB
DES,HON,STK,SMART,,,,,,|BOT|10/21/2011|3|+NRB|+NRB
DES,SNDK,STK,SMART,,,,,,|BOT|10/21/2011|3|+NRB|+NRB
DES,HAR,STK,SMART,,,,,,|BOT|10/21/2011|3|+NRB|+NRB
DES,CPWR,STK,SMART,,,,,,|BOT|10/21/2011|3|+NRB|+NRB
DES,LYB,STK,SMART,,,,,,|BOT|10/21/2011|3|+NRB|+NRB
DES,GNC,STK,SMART,,,,,,|BOT|10/21/2011|3|+NRB|+NRB
DES,MTG,STK,SMART,,,,,,|SLD|10/21/2011|3|+NRB|+NRB
DES,APD,STK,SMART,,,,,,|SLD|10/21/2011|3|+NRB|+NRB
DES,LSCC,STK,SMART,,,,,,|SLD|10/21/2011|3|+NRB|+NRB
DES,CAT,STK,SMART,,,,,,|BOT|10/24/2011|3|+NRB|+NRB
DES,VFC,STK,SMART,,,,,,|BOT|10/24/2011|3|+NRB|+NRB
DES,LO,STK,SMART,,,,,,|SLD|10/24/2011|3|+NRB|+NRB
DES,KMB,STK,SMART,,,,,,|SLD|10/24/2011|3|+NRB|+NRB
DES,RMD,STK,SMART,,,,,,|BOT|10/25/2011|3|-NRB|-NRB
DES,FTNT,STK,SMART,,,,,,|BOT|10/25/2011|3|-NRB|-NRB
DES,HXL,STK,SMART,,,,,,|BOT|10/25/2011|3|-NRB|-NRB
DES,BYD,STK,SMART,,,,,,|BOT|10/25/2011|3|-NRB|-NRB
DES,MMM,STK,SMART,,,,,,|SLD|10/25/2011|3|-NRB|-NRB
DES,RMD,STK,SMART,,,,,,|SLD|10/25/2011|3|-NRB|-NRB
DES,TLAB,STK,SMART,,,,,,|SLD|10/25/2011|3|-NRB|-NRB
DES,LXK,STK,SMART,,,,,,|SLD|10/25/2011|3|-NRB|-NRB
DES,FFIV,STK,SMART,,,,,,|BOT|10/26/2011|2|+NRB|+NRBBT
DES,MTW,STK,SMART,,,,,,|BOT|10/26/2011|3|+NRB|+NRBBT
DES,RHI,STK,SMART,,,,,,|BOT|10/26/2011|3|+NRB|+NRBBT
DES,BA,STK,SMART,,,,,,|BOT|10/26/2011|3|+NRB|+NRBBT
DES,VCI,STK,SMART,,,,,,|SLD|10/26/2011|2|+NRB|+NRBBT
DES,AGN,STK,SMART,,,,,,|SLD|10/26/2011|3|+NRB|+NRBBT
DES,HES,STK,SMART,,,,,,|SLD|10/26/2011|3|+NRB|+NRBBT
DES,CHRW,STK,SMART,,,,,,|SLD|10/26/2011|3|+NRB|+NRBBT
DES,AMZN,STK,SMART,,,,,,|SLD|10/26/2011|3|+NRB|+NRBBT
DES,BRCM,STK,SMART,,,,,,|SLD|10/26/2011|3|+NRB|+NRBBT
DES,AMP,STK,SMART,,,,,,|BOT|10/27/2011|3|-NRB|+WBT
DES,SFSF,STK,SMART,,,,,,|BOT|10/27/2011|3|-NRB|+WBT
DES,WBC,STK,SMART,,,,,,|BOT|10/27/2011|3|-NRB|+WBT
DES,CTXS,STK,SMART,,,,,,|BOT|10/27/2011|3|-NRB|+WBT
DES,PHM,STK,SMART,,,,,,|BOT|10/27/2011|3|-NRB|+WBT
DES,NSC,STK,SMART,,,,,,|BOT|10/27/2011|3|-NRB|+WBT
DES,AKAM,STK,SMART,,,,,,|BOT|10/27/2011|3|-NRB|+WBT
DES,CYH,STK,SMART,,,,,,|SLD|10/27/2011|3|-NRB|+WBT
DES,SFLY,STK,SMART,,,,,,|SLD|10/27/2011|3|-NRB|+WBT
DES,TQNT,STK,SMART,,,,,,|SLD|10/27/2011|3|-NRB|+WBT
DES,BMC,STK,SMART,,,,,,|SLD|10/27/2011|3|-NRB|+WBT
DES,IPG,STK,SMART,,,,,,|BOT|10/28/2011|3|-NRB|+NBT
DES,SWC,STK,SMART,,,,,,|BOT|10/28/2011|3|-NRB|+NBT
DES,NWL,STK,SMART,,,,,,|BOT|10/28/2011|3|-NRB|+NBT
DES,MET,STK,SMART,,,,,,|BOT|10/28/2011|3|-NRB|+NBT
DES,WHR,STK,SMART,,,,,,|SLD|10/28/2011|3|-NRB|+NBT
DES,NUVA,STK,SMART,,,,,,|SLD|10/28/2011|3|-NRB|+NBT
DES,CSTR,STK,SMART,,,,,,|SLD|10/28/2011|3|-NRB|+NBT
DES,ERTS,STK,SMART,,,,,,|SLD|10/28/2011|3|-NRB|+NBT
DES,CEG,STK,SMART,,,,,,|SLD|10/28/2011|3|-NRB|+NBT
DES,PMCS,STK,SMART,,,,,,|SLD|10/28/2011|3|-NRB|+NBT
DES,KLAC,STK,SMART,,,,,,|SLD|10/28/2011|3|-NRB|+NBT
DES,AMKR,STK,SMART,,,,,,|SLD|10/28/2011|3|-NRB|+NBT
DES,MNTA,STK,SMART,,,,,,|BOT|10/31/2011|3|-NRB|-WRB
DES,HUM,STK,SMART,,,,,,|BOT|10/31/2011|3|-NRB|-WRB
DES,CP,STK,SMART,,,,,,|BOT|10/31/2011|3|-NRB|-WRB
DES,CTB,STK,SMART,,,,,,|SLD|10/31/2011|3|-NRB|-WRB
DES,YHOO,STK,SMART,,,,,,|SLD|10/31/2011|3|-NRB|-WRB
DES,LEAP,STK,SMART,,,,,,|BOT|11/01/2011|3|+NRB|-NRBBT
DES,VRUS,STK,SMART,,,,,,|BOT|11/01/2011|3|+NRB|-NRBBT
DES,HCA,STK,SMART,,,,,,|SLD|11/01/2011|3|+NRB|-NRBBT
DES,RBA,STK,SMART,,,,,,|SLD|11/01/2011|3|+NRB|-NRBBT
DES,BHI,STK,SMART,,,,,,|SLD|11/01/2011|3|+NRB|-NRBBT
DES,BGC,STK,SMART,,,,,,|SLD|11/01/2011|3|+NRB|-NRBBT
DES,AVB,STK,SMART,,,,,,|SLD|11/01/2011|3|+NRB|-NRBBT
DES,ADM,STK,SMART,,,,,,|SLD|11/01/2011|3|+NRB|-NRBBT
DES,APC,STK,SMART,,,,,,|SLD|11/01/2011|3|+NRB|-NRBBT
DES,FST,STK,SMART,,,,,,|SLD|11/01/2011|3|+NRB|-NRBBT
DES,MA,STK,SMART,,,,,,|BOT|11/02/2011|2|+NRB|+NRB
DES,GRMN,STK,SMART,,,,,,|BOT|11/02/2011|2|+NRB|+NRB
DES,DISCA,STK,SMART,,,,,,|BOT|11/02/2011|3|+NRB|+NRB
DES,CTSH,STK,SMART,,,,,,|SLD|11/02/2011|2|+NRB|+NRB
DES,FWLT,STK,SMART,,,,,,|SLD|11/02/2011|2|+NRB|+NRB
DES,ATML,STK,SMART,,,,,,|SLD|11/02/2011|3|+NRB|+NRB
DES,OPEN,STK,SMART,,,,,,|SLD|11/02/2011|3|+NRB|+NRB
DES,AEO,STK,SMART,,,,,,|BOT|11/03/2011|3|+NRB|+NRBBT
DES,TSO,STK,SMART,,,,,,|BOT|11/03/2011|3|+NRB|+NRBBT
DES,TSLA,STK,SMART,,,,,,|BOT|11/03/2011|3|+NRB|+NRBBT
DES,SPR,STK,SMART,,,,,,|BOT|11/03/2011|3|+NRB|+NRBBT
DES,CTL,STK,SMART,,,,,,|BOT|11/03/2011|3|+NRB|+NRBBT
DES,EL,STK,SMART,,,,,,|BOT|11/03/2011|3|+NRB|+NRBBT
DES,ANR,STK,SMART,,,,,,|BOT|11/03/2011|3|+NRB|+NRBBT
DES,QCOM,STK,SMART,,,,,,|BOT|11/03/2011|3|+NRB|+NRBBT
DES,PCG,STK,SMART,,,,,,|SLD|11/03/2011|3|+NRB|+NRBBT
DES,ANF,STK,SMART,,,,,,|SLD|11/03/2011|3|+NRB|+NRBBT
DES,RIG,STK,SMART,,,,,,|SLD|11/03/2011|3|+NRB|+NRBBT
DES,K,STK,SMART,,,,,,|SLD|11/03/2011|3|+NRB|+NRBBT
DES,WFM,STK,SMART,,,,,,|SLD|11/03/2011|3|+NRB|+NRBBT
DES,CHK,STK,SMART,,,,,,|BOT|11/04/2011|3|+NRB|-NRB
DES,UPL,STK,SMART,,,,,,|BOT|11/04/2011|3|+NRB|-NRB
DES,SBUX,STK,SMART,,,,,,|BOT|11/04/2011|3|+NRB|-NRB
DES,MDRX,STK,SMART,,,,,,|BOT|11/04/2011|3|+NRB|-NRB
DES,SGEN,STK,SMART,,,,,,|SLD|11/04/2011|2|+NRB|-NRB
DES,MTZ,STK,SMART,,,,,,|SLD|11/04/2011|3|+NRB|-NRB
DES,CEDC,STK,SMART,,,,,,|SLD|11/04/2011|3|+NRB|-NRB
DES,HCN,STK,SMART,,,,,,|SLD|11/04/2011|3|+NRB|-NRB
DES,OPTR,STK,SMART,,,,,,|SLD|11/04/2011|3|+NRB|-NRB
DES,LNKD,STK,SMART,,,,,,|SLD|11/04/2011|3|+NRB|-NRB
DES,OVTI,STK,SMART,,,,,,|SLD|11/07/2011|2|+NRB|+NRBBT
DES,ROK,STK,SMART,,,,,,|BOT|11/08/2011|3|+NRB|+NRBBT
DES,RAX,STK,SMART,,,,,,|BOT|11/08/2011|3|+NRB|+NRBBT
DES,GTAT,STK,SMART,,,,,,|BOT|11/08/2011|3|+NRB|+NRBBT
DES,ATVI,STK,SMART,,,,,,|BOT|11/08/2011|3|+NRB|+NRBBT
DES,FOSL,STK,SMART,,,,,,|SLD|11/08/2011|2|+NRB|+NRBBT
DES,AMLN,STK,SMART,,,,,,|SLD|11/08/2011|3|+NRB|+NRBBT
DES,WMS,STK,SMART,,,,,,|SLD|11/08/2011|3|+NRB|+NRBBT
DES,PXD,STK,SMART,,,,,,|SLD|11/08/2011|3|+NRB|+NRBBT
DES,SODA,STK,SMART,,,,,,|BOT|11/09/2011|2|+NRB|-WRBTT
DES,SLXP,STK,SMART,,,,,,|BOT|11/09/2011|3|+NRB|-WRBTT
DES,PANL,STK,SMART,,,,,,|BOT|11/09/2011|3|+NRB|-WRBTT
DES,GM,STK,SMART,,,,,,|SLD|11/09/2011|3|+NRB|-WRBTT
DES,ADBE,STK,SMART,,,,,,|SLD|11/09/2011|3|+NRB|-WRBTT
DES,RL,STK,SMART,,,,,,|SLD|11/09/2011|3|+NRB|-WRBTT
DES,STEC,STK,SMART,,,,,,|SLD|11/09/2011|3|+NRB|-WRBTT
DES,WTW,STK,SMART,,,,,,|SLD|11/09/2011|3|+NRB|-WRBTT
DES,CSC,STK,SMART,,,,,,|SLD|11/09/2011|3|+NRB|-WRBTT
DES,CSCO,STK,SMART,,,,,,|BOT|11/10/2011|2|+NRB|-NRB
DES,ENS,STK,SMART,,,,,,|BOT|11/10/2011|3|+NRB|-NRB
DES,FRO,STK,SMART,,,,,,|BOT|11/10/2011|3|+NRB|-NRB
DES,GMCR,STK,SMART,,,,,,|SLD|11/10/2011|3|+NRB|-NRB
DES,SSRI,STK,SMART,,,,,,|SLD|11/10/2011|3|+NRB|-NRB
DES,DIS,STK,SMART,,,,,,|BOT|11/11/2011|3|+NRB|+WRB
DES,SREV,STK,SMART,,,,,,|BOT|11/11/2011|3|+NRB|+WRB
DES,JWN,STK,SMART,,,,,,|SLD|11/11/2011|2|+NRB|+WRB
DES,MCP,STK,SMART,,,,,,|SLD|11/11/2011|2|+NRB|+WRB
DES,DDS,STK,SMART,,,,,,|SLD|11/11/2011|2|+NRB|+WRB
DES,CTRP,STK,SMART,,,,,,|SLD|11/14/2011|3|-NRB|-NRB
DES,DYN,STK,SMART,,,,,,|SLD|11/14/2011|3|-NRB|-NRB
DES,URBN,STK,SMART,,,,,,|SLD|11/15/2011|3|-NRB|+NRB
DES,TTWO,STK,SMART,,,,,,|SLD|11/15/2011|3|-NRB|+NRB
DES,ATVI,STK,SMART,,,,,,|SLD|11/15/2011|3|-NRB|+NRB
DES,TGT,STK,SMART,,,,,,|BOT|11/16/2011|2|+NRB|-NRBTT
DES,ADSK,STK,SMART,,,,,,|BOT|11/16/2011|3|+NRB|-NRBTT
DES,ANF,STK,SMART,,,,,,|SLD|11/16/2011|3|+NRB|-NRBTT
DES,DANG,STK,SMART,,,,,,|SLD|11/16/2011|3|+NRB|-NRBTT
DES,HFC,STK,SMART,,,,,,|SLD|11/16/2011|3|+NRB|-NRBTT
DES,MFN,STK,SMART,,,,,,|SLD|11/16/2011|3|+NRB|-NRBTT
DES,PLCE,STK,SMART,,,,,,|BOT|11/17/2011|3|+NRB|-WRB
DES,MOS,STK,SMART,,,,,,|BOT|11/17/2011|3|+NRB|-WRB
DES,GME,STK,SMART,,,,,,|BOT|11/17/2011|3|+NRB|-WRB
DES,NTES,STK,SMART,,,,,,|BOT|11/17/2011|3|+NRB|-WRB
DES,YOKU,STK,SMART,,,,,,|SLD|11/17/2011|3|+NRB|-WRB
DES,AMAT,STK,SMART,,,,,,|SLD|11/17/2011|3|+NRB|-WRB
DES,LPS,STK,SMART,,,,,,|SLD|11/17/2011|3|+NRB|-WRB
DES,NTAP,STK,SMART,,,,,,|SLD|11/17/2011|3|+NRB|-WRB
DES,SHLD,STK,SMART,,,,,,|SLD|11/17/2011|3|+NRB|-WRB
DES,FMCN,STK,SMART,,,,,,|BOT|11/18/2011|3|+NRB|-NRB
DES,MRVL,STK,SMART,,,,,,|BOT|11/18/2011|3|+NRB|-NRB
DES,BCSI,STK,SMART,,,,,,|BOT|11/18/2011|3|+NRB|-NRB
DES,MENT,STK,SMART,,,,,,|BOT|11/18/2011|3|+NRB|-NRB
DES,NYX,STK,SMART,,,,,,|BOT|11/18/2011|3|+NRB|-NRB
DES,FL,STK,SMART,,,,,,|BOT|11/18/2011|3|+NRB|-NRB
DES,ARUN,STK,SMART,,,,,,|BOT|11/18/2011|3|+NRB|-NRB
DES,CRM,STK,SMART,,,,,,|SLD|11/18/2011|2|+NRB|-NRB
DES,TRH,STK,SMART,,,,,,|BOT|11/21/2011|3|-NRB|-NRB
DES,LNG,STK,SMART,,,,,,|BOT|11/22/2011|2|+NRB|-DD
DES,BRCD,STK,SMART,,,,,,|BOT|11/22/2011|3|+NRB|-DD
DES,SIG,STK,SMART,,,,,,|BOT|11/22/2011|3|+NRB|-DD
DES,MDT,STK,SMART,,,,,,|BOT|11/22/2011|3|+NRB|-DD
DES,CHS,STK,SMART,,,,,,|SLD|11/22/2011|3|+NRB|-DD
DES,LEN,STK,SMART,,,,,,|SLD|11/22/2011|3|+NRB|-DD
DES,NFLX,STK,SMART,,,,,,|SLD|11/22/2011|3|+NRB|-DD
DES,PSS,STK,SMART,,,,,,|SLD|11/22/2011|3|+NRB|-DD
DES,TIVO,STK,SMART,,,,,,|BOT|11/23/2011|3|+NRB|-NRB
DES,BSX,STK,SMART,,,,,,|BOT|11/23/2011|3|+NRB|-NRB
DES,DE,STK,SMART,,,,,,|BOT|11/23/2011|3|+NRB|-NRB
DES,DMND,STK,SMART,,,,,,|SLD|11/23/2011|3|+NRB|-NRB
DES,INHX,STK,SMART,,,,,,|BOT|11/29/2011|3|+NRB|+NRB
DES,STX,STK,SMART,,,,,,|BOT|11/29/2011|3|+NRB|+NRB
DES,BBRY,STK,SMART,,,,,,|BOT|11/29/2011|3|+NRB|+NRB
DES,TIF,STK,SMART,,,,,,|SLD|11/29/2011|3|+NRB|+NRB
DES,RIG,STK,SMART,,,,,,|SLD|11/29/2011|3|+NRB|+NRB
DES,GLW,STK,SMART,,,,,,|SLD|11/29/2011|3|+NRB|+NRB
DES,AEO,STK,SMART,,,,,,|BOT|11/30/2011|3|+NRB|+WRB
DES,SDRL,STK,SMART,,,,,,|BOT|11/30/2011|3|+NRB|+WRB
DES,OVTI,STK,SMART,,,,,,|SLD|11/30/2011|2|+NRB|+WRB
DES,JOSB,STK,SMART,,,,,,|SLD|11/30/2011|2|+NRB|+WRB
DES,TFM,STK,SMART,,,,,,|SLD|11/30/2011|3|+NRB|+WRB
DES,KR,STK,SMART,,,,,,|BOT|12/01/2011|3|+NRB|+NRB
DES,AGO,STK,SMART,,,,,,|BOT|12/01/2011|3|+NRB|+NRB
DES,BRCM,STK,SMART,,,,,,|BOT|12/01/2011|3|+NRB|+NRB
DES,CHRS,STK,SMART,,,,,,|BOT|12/01/2011|3|+NRB|+NRB
DES,KSS,STK,SMART,,,,,,|SLD|12/01/2011|3|+NRB|+NRB
DES,LULU,STK,SMART,,,,,,|SLD|12/01/2011|3|+NRB|+NRB
DES,GIL,STK,SMART,,,,,,|SLD|12/01/2011|3|+NRB|+NRB
DES,PVH,STK,SMART,,,,,,|BOT|12/02/2011|3|+NRB|-NRB
DES,WDC,STK,SMART,,,,,,|BOT|12/02/2011|3|+NRB|-NRB
DES,CMCSA,STK,SMART,,,,,,|BOT|12/02/2011|3|+NRB|-NRB
DES,BIG,STK,SMART,,,,,,|SLD|12/02/2011|2|+NRB|-NRB
DES,BBRY,STK,SMART,,,,,,|SLD|12/02/2011|2|+NRB|-NRB
DES,HRB,STK,SMART,,,,,,|SLD|12/02/2011|3|+NRB|-NRB
DES,AGO,STK,SMART,,,,,,|BOT|12/05/2011|3|+NRB|-NRB
DES,REGN,STK,SMART,,,,,,|SLD|12/05/2011|3|+NRB|-NRB
DES,MMM,STK,SMART,,,,,,|BOT|12/06/2011|3|+NRB|+NRB
DES,LNKD,STK,SMART,,,,,,|BOT|12/06/2011|3|+NRB|+NRB
DES,DRI,STK,SMART,,,,,,|SLD|12/06/2011|2|+NRB|+NRB
DES,FSLR,STK,SMART,,,,,,|BOT|12/07/2011|3|+NRB|+NRB
DES,MW,STK,SMART,,,,,,|BOT|12/07/2011|3|+NRB|+NRB
DES,VRA,STK,SMART,,,,,,|SLD|12/07/2011|3|+NRB|+NRB
DES,JAG,STK,SMART,,,,,,|SLD|12/07/2011|3|+NRB|+NRB
DES,COST,STK,SMART,,,,,,|SLD|12/08/2011|3|+NRB|-WRB
DES,HXL,STK,SMART,,,,,,|SLD|12/08/2011|3|+NRB|-WRB
DES,TSLA,STK,SMART,,,,,,|SLD|12/08/2011|3|+NRB|-WRB
DES,WFR,STK,SMART,,,,,,|SLD|12/08/2011|3|+NRB|-WRB
DES,COO,STK,SMART,,,,,,|BOT|12/09/2011|3|+NRB|+WRB
DES,TXN,STK,SMART,,,,,,|SLD|12/09/2011|3|+NRB|+WRB
DES,ALTR,STK,SMART,,,,,,|SLD|12/09/2011|3|+NRB|+WRB
DES,IVR,STK,SMART,,,,,,|SLD|12/09/2011|3|+NRB|+WRB
DES,DD,STK,SMART,,,,,,|SLD|12/09/2011|3|+NRB|+WRB
DES,STJ,STK,SMART,,,,,,|SLD|12/09/2011|3|+NRB|+WRB
DES,LSCC,STK,SMART,,,,,,|SLD|12/09/2011|3|+NRB|+WRB
DES,INTC,STK,SMART,,,,,,|BOT|12/12/2011|3|+NRB|-NRB
DES,URBN,STK,SMART,,,,,,|BOT|12/13/2011|3|+NRB|-WRB
DES,MBI,STK,SMART,,,,,,|BOT|12/13/2011|3|+NRB|-WRB
DES,BBY,STK,SMART,,,,,,|SLD|12/13/2011|3|+NRB|-WRB
DES,IVN,STK,SMART,,,,,,|SLD|12/13/2011|3|+NRB|-WRB
DES,AVP,STK,SMART,,,,,,|BOT|12/14/2011|2|-NRB|-NRB
DES,BRCM,STK,SMART,,,,,,|BOT|12/14/2011|3|-NRB|-NRB
DES,PNR,STK,SMART,,,,,,|BOT|12/14/2011|3|-NRB|-NRB
DES,JOY,STK,SMART,,,,,,|SLD|12/14/2011|3|-NRB|-NRB
DES,FSLR,STK,SMART,,,,,,|SLD|12/14/2011|3|-NRB|-NRB
DES,GMCR,STK,SMART,,,,,,|SLD|12/14/2011|3|-NRB|-NRB
DES,CEDC,STK,SMART,,,,,,|BOT|12/15/2011|3|-NRB|-NRB
DES,FDX,STK,SMART,,,,,,|BOT|12/15/2011|3|-NRB|-NRB
DES,DFS,STK,SMART,,,,,,|BOT|12/15/2011|3|-NRB|-NRB
DES,DECK,STK,SMART,,,,,,|SLD|12/15/2011|3|-NRB|-NRB
DES,ZQK,STK,SMART,,,,,,|BOT|12/16/2011|3|-NRB|-NRB
DES,ADBE,STK,SMART,,,,,,|BOT|12/16/2011|3|-NRB|-NRB
DES,VRTX,STK,SMART,,,,,,|BOT|12/16/2011|3|-NRB|-NRB
DES,BBRY,STK,SMART,,,,,,|SLD|12/16/2011|3|-NRB|-NRB
DES,CVC,STK,SMART,,,,,,|SLD|12/16/2011|3|-NRB|-NRB
DES,ACN,STK,SMART,,,,,,|SLD|12/16/2011|3|-NRB|-NRB
DES,SINA,STK,SMART,,,,,,|SLD|12/16/2011|3|-NRB|-NRB
DES,SCHN,STK,SMART,,,,,,|SLD|12/19/2011|3|-NRB|-NRB
DES,NAV,STK,SMART,,,,,,|BOT|12/20/2011|3|+NRB|+WRB
DES,CVS,STK,SMART,,,,,,|BOT|12/20/2011|3|+NRB|+WRB
DES,CAG,STK,SMART,,,,,,|BOT|12/20/2011|3|+NRB|+WRB
DES,JEF,STK,SMART,,,,,,|BOT|12/20/2011|3|+NRB|+WRB
DES,SLXP,STK,SMART,,,,,,|BOT|12/20/2011|3|+NRB|+WRB
DES,RHT,STK,SMART,,,,,,|SLD|12/20/2011|3|+NRB|+WRB
DES,GIS,STK,SMART,,,,,,|SLD|12/20/2011|3|+NRB|+WRB
DES,BBRY,STK,SMART,,,,,,|BOT|12/21/2011|3|+NRB|+NRBBT
DES,NKE,STK,SMART,,,,,,|BOT|12/21/2011|3|+NRB|+NRBBT
DES,CTAS,STK,SMART,,,,,,|BOT|12/21/2011|3|+NRB|+NRBBT
DES,WAG,STK,SMART,,,,,,|SLD|12/21/2011|3|+NRB|+NRBBT
DES,ORCL,STK,SMART,,,,,,|SLD|12/21/2011|3|+NRB|+NRBBT
DES,JBL,STK,SMART,,,,,,|SLD|12/21/2011|3|+NRB|+NRBBT
DES,SCS,STK,SMART,,,,,,|BOT|12/22/2011|3|+NRB|+NRB
DES,TIBX,STK,SMART,,,,,,|BOT|12/22/2011|3|+NRB|+NRB
DES,JNPR,STK,SMART,,,,,,|BOT|12/22/2011|3|+NRB|+NRB
DES,BBBY,STK,SMART,,,,,,|SLD|12/22/2011|3|+NRB|+NRB
DES,VVUS,STK,SMART,,,,,,|SLD|12/22/2011|3|+NRB|+NRB
DES,SHLD,STK,SMART,,,,,,|SLD|12/27/2011|3|+NRB|+DD
