DES,SSO,STK,SMART/ARCA,,,,,,|BOT|1/2/2013|3|+WRB|-NRB|+NRB
DES,ROST,STK,SMART/ARCA,,,,,,|BOT|1/3/2013|3|-NRB|-NRB|-NRB
DES,TGT,STK,SMART/ARCA,,,,,,|BOT|1/3/2013|3|-NRB|-NRB|-NRB
DES,GPS,STK,SMART/ARCA,,,,,,|BOT|1/3/2013|3|-NRB|-NRB|-NRB
DES,FDO,STK,SMART/ARCA,,,,,,|SLD|1/3/2013|3|-NRB|-NRB|-NRB
DES,BIIB,STK,SMART/ARCA,,,,,,|SLD|1/3/2013|3|-NRB|-NRB|-NRB
DES,DG,STK,SMART/ARCA,,,,,,|SLD|1/3/2013|3|-NRB|-NRB|-NRB
DES,MLNX,STK,SMART/ARCA,,,,,,|SLD|1/3/2013|3|-NRB|-NRB|-NRB
DES,LLY,STK,SMART/ARCA,,,,,,|BOT|1/4/2013|3|+NRB|-NRB|-NRB
DES,ROVI,STK,SMART/ARCA,,,,,,|BOT|1/4/2013|3|+NRB|-NRB|-NRB
DES,LULU,STK,SMART/ARCA,,,,,,|SLD|1/4/2013|3|+NRB|-NRB|-NRB
DES,FINL,STK,SMART/ARCA,,,,,,|SLD|1/4/2013|3|+NRB|-NRB|-NRB
DES,VVUS,STK,SMART/ARCA,,,,,,|BOT|1/7/2013|3|-NRB|-NRB|+NRB
DES,NSM,STK,SMART/ARCA,,,,,,|BOT|1/7/2013|3|-NRB|-NRB|+NRB
DES,ILMN,STK,SMART/ARCA,,,,,,|SLD|1/7/2013|3|-NRB|-NRB|+NRB
DES,SQNM,STK,SMART/ARCA,,,,,,|SLD|1/7/2013|3|-NRB|-NRB|+NRB
DES,MON,STK,SMART/ARCA,,,,,,|BOT|1/8/2013|3|-NRB|-NRB|-NRB
DES,QLIK,STK,SMART/ARCA,,,,,,|BOT|1/8/2013|3|-NRB|-NRB|-NRB
DES,CY,STK,SMART/ARCA,,,,,,|SLD|1/8/2013|3|-NRB|-NRB|-NRB
DES,GME,STK,SMART/ARCA,,,,,,|SLD|1/8/2013|3|-NRB|-NRB|-NRB
DES,YUM,STK,SMART/ARCA,,,,,,|SLD|1/8/2013|3|-NRB|-NRB|-NRB
DES,GPN,STK,SMART/ARCA,,,,,,|BOT|1/9/2013|3|+NRB|+NRB|+NRBTT
DES,AA,STK,SMART/ARCA,,,,,,|BOT|1/9/2013|3|+NRB|+NRB|+NRBTT
DES,NUVA,STK,SMART/ARCA,,,,,,|BOT|1/9/2013|3|+NRB|+NRB|+NRBTT
DES,APOL,STK,SMART/ARCA,,,,,,|SLD|1/9/2013|3|+NRB|+NRB|+NRBTT
DES,SVU,STK,SMART/ARCA,,,,,,|BOT|1/10/2013|3|+NRB|+NRB|+NRBBT
DES,CRUS,STK,SMART/ARCA,,,,,,|BOT|1/10/2013|3|+NRB|+NRB|+NRBBT
DES,ASNA,STK,SMART/ARCA,,,,,,|SLD|1/10/2013|3|+NRB|+NRB|+NRBBT
DES,ARO,STK,SMART/ARCA,,,,,,|SLD|1/10/2013|3|+NRB|+NRB|+NRBBT
DES,TIF,STK,SMART/ARCA,,,,,,|SLD|1/10/2013|3|+NRB|+NRB|+NRBBT
DES,BBY,STK,SMART/ARCA,,,,,,|BOT|1/11/2013|3|+NRB|+NRB|+NRB
DES,INFY,STK,SMART/ARCA,,,,,,|BOT|1/11/2013|3|+NRB|+NRB|+NRB
DES,DNDN,STK,SMART/ARCA,,,,,,|BOT|1/11/2013|3|+NRB|+NRB|+NRB
DES,KBR,STK,SMART/ARCA,,,,,,|SLD|1/11/2013|3|+NRB|+NRB|+NRB
DES,JCP,STK,SMART/ARCA,,,,,,|SLD|1/11/2013|3|+NRB|+NRB|+NRB
DES,DNDN,STK,SMART/ARCA,,,,,,|BOT|1/14/2013|3|-NRB|+NRB|+NRB
DES,RIG,STK,SMART/ARCA,,,,,,|BOT|1/14/2013|3|-NRB|+NRB|+NRB
DES,AAPL,STK,SMART/ARCA,,,,,,|SLD|1/14/2013|3|-NRB|+NRB|+NRB
DES,EXPR,STK,SMART/ARCA,,,,,,|BOT|1/15/2013|3|-NRB|+NRB|+NRB
DES,QLGC,STK,SMART/ARCA,,,,,,|BOT|1/15/2013|3|-NRB|+NRB|+NRB
DES,DELL,STK,SMART/ARCA,,,,,,|BOT|1/15/2013|3|-NRB|+NRB|+NRB
DES,FRX,STK,SMART/ARCA,,,,,,|SLD|1/15/2013|3|-NRB|+NRB|+NRB
DES,LULU,STK,SMART/ARCA,,,,,,|SLD|1/15/2013|3|-NRB|+NRB|+NRB
DES,WEN,STK,SMART/ARCA,,,,,,|BOT|1/16/2013|3|-NRB|+NRB|+NRB
DES,GS,STK,SMART/ARCA,,,,,,|BOT|1/16/2013|3|-NRB|+NRB|+NRB
DES,GNW,STK,SMART/ARCA,,,,,,|BOT|1/16/2013|3|-NRB|+NRB|+NRB
DES,CMG,STK,SMART/ARCA,,,,,,|SLD|1/16/2013|3|-NRB|+NRB|+NRB
DES,CROX,STK,SMART/ARCA,,,,,,|SLD|1/16/2013|3|-NRB|+NRB|+NRB
DES,CBS,STK,SMART/ARCA,,,,,,|BOT|1/17/2013|3|+NRB|+NRB|+NRB
DES,EBAY,STK,SMART/ARCA,,,,,,|BOT|1/17/2013|3|+NRB|+NRB|+NRB
DES,FITB,STK,SMART/ARCA,,,,,,|BOT|1/17/2013|3|+NRB|+NRB|+NRB
DES,C,STK,SMART/ARCA,,,,,,|SLD|1/17/2013|3|+NRB|+NRB|+NRB
DES,CLSN,STK,SMART/ARCA,,,,,,|SLD|1/17/2013|3|+NRB|+NRB|+NRB
DES,BBRY,STK,SMART/ARCA,,,,,,|BOT|1/18/2013|3|+NRB|+NRB|+NRB
DES,GE,STK,SMART/ARCA,,,,,,|BOT|1/18/2013|3|+NRB|+NRB|+NRB
DES,MS,STK,SMART/ARCA,,,,,,|BOT|1/18/2013|3|+NRB|+NRB|+NRB
DES,LIFE,STK,SMART/ARCA,,,,,,|BOT|1/18/2013|3|+NRB|+NRB|+NRB
DES,JCI,STK,SMART/ARCA,,,,,,|SLD|1/18/2013|2|+NRB|+NRB|+NRB
DES,INTC,STK,SMART/ARCA,,,,,,|SLD|1/18/2013|3|+NRB|+NRB|+NRB
DES,FNSR,STK,SMART/ARCA,,,,,,|SLD|1/18/2013|3|+NRB|+NRB|+NRB
DES,COF,STK,SMART/ARCA,,,,,,|SLD|1/18/2013|3|+NRB|+NRB|+NRB
DES,TRV,STK,SMART/ARCA,,,,,,|BOT|1/22/2013|3|+NRB|+NRB|+NRB
DES,EAT,STK,SMART/ARCA,,,,,,|SLD|1/22/2013|3|+NRB|+NRB|+NRB
DES,IBM,STK,SMART/ARCA,,,,,,|BOT|1/23/2013|3|+NRB|+NRB|+NRB
DES,RFMD,STK,SMART/ARCA,,,,,,|BOT|1/23/2013|3|+NRB|+NRB|+NRB
DES,GOOG,STK,SMART/ARCA,,,,,,|BOT|1/23/2013|3|+NRB|+NRB|+NRB
DES,CREE,STK,SMART/ARCA,,,,,,|BOT|1/23/2013|3|+NRB|+NRB|+NRB
DES,LCC,STK,SMART/ARCA,,,,,,|BOT|1/23/2013|3|+NRB|+NRB|+NRB
DES,SYMC,STK,SMART/ARCA,,,,,,|BOT|1/23/2013|3|+NRB|+NRB|+NRB
DES,IGT,STK,SMART/ARCA,,,,,,|BOT|1/23/2013|3|+NRB|+NRB|+NRB
DES,COH,STK,SMART/ARCA,,,,,,|SLD|1/23/2013|3|+NRB|+NRB|+NRB
DES,GD,STK,SMART/ARCA,,,,,,|SLD|1/23/2013|3|+NRB|+NRB|+NRB
DES,DGX,STK,SMART/ARCA,,,,,,|SLD|1/23/2013|3|+NRB|+NRB|+NRB
DES,CHKP,STK,SMART/ARCA,,,,,,|SLD|1/23/2013|3|+NRB|+NRB|+NRB
DES,FFIV,STK,SMART/ARCA,,,,,,|BOT|1/24/2013|3|-NRB|-NRB|+NRB
DES,NFLX,STK,SMART/ARCA,,,,,,|BOT|1/24/2013|3|-NRB|-NRB|+NRB
DES,SWFT,STK,SMART/ARCA,,,,,,|BOT|1/24/2013|3|-NRB|-NRB|+NRB
DES,ALTR,STK,SMART/ARCA,,,,,,|SLD|1/24/2013|3|-NRB|-NRB|+NRB
DES,TER,STK,SMART/ARCA,,,,,,|SLD|1/24/2013|3|-NRB|-NRB|+NRB
DES,VAR,STK,SMART/ARCA,,,,,,|SLD|1/24/2013|3|-NRB|-NRB|+NRB
DES,ESI,STK,SMART/ARCA,,,,,,|SLD|1/24/2013|3|-NRB|-NRB|+NRB
DES,KMT,STK,SMART/ARCA,,,,,,|SLD|1/24/2013|3|-NRB|-NRB|+NRB
DES,MLNX,STK,SMART/ARCA,,,,,,|SLD|1/24/2013|3|-NRB|-NRB|+NRB
DES,AAPL,STK,SMART/ARCA,,,,,,|SLD|1/24/2013|3|-NRB|-NRB|+NRB
DES,SYNA,STK,SMART/ARCA,,,,,,|BOT|1/25/2013|3|+NRB|+NRB|+NRB
DES,SBUX,STK,SMART/ARCA,,,,,,|BOT|1/25/2013|3|+NRB|+NRB|+NRB
DES,INFA,STK,SMART/ARCA,,,,,,|BOT|1/25/2013|3|+NRB|+NRB|+NRB
DES,THLD,STK,SMART/ARCA,,,,,,|BOT|1/25/2013|3|+NRB|+NRB|+NRB
DES,HAL,STK,SMART/ARCA,,,,,,|BOT|1/25/2013|3|+NRB|+NRB|+NRB
DES,TPX,STK,SMART/ARCA,,,,,,|BOT|1/25/2013|3|+NRB|+NRB|+NRB
DES,COV,STK,SMART/ARCA,,,,,,|BOT|1/25/2013|3|+NRB|+NRB|+NRB
DES,OSK,STK,SMART/ARCA,,,,,,|BOT|1/25/2013|3|+NRB|+NRB|+NRB
DES,SCSS,STK,SMART/ARCA,,,,,,|SLD|1/25/2013|3|+NRB|+NRB|+NRB
DES,FLEX,STK,SMART/ARCA,,,,,,|SLD|1/25/2013|3|+NRB|+NRB|+NRB
DES,HAS,STK,SMART/ARCA,,,,,,|SLD|1/25/2013|3|+NRB|+NRB|+NRB
DES,DOLE,STK,SMART/ARCA,,,,,,|BOT|1/28/2013|3|+NRB|+NRB|-NRB
DES,CAT,STK,SMART/ARCA,,,,,,|BOT|1/28/2013|3|+NRB|+NRB|-NRB
DES,NFLX,STK,SMART/ARCA,,,,,,|BOT|1/28/2013|3|+NRB|+NRB|-NRB
DES,HES,STK,SMART/ARCA,,,,,,|BOT|1/28/2013|3|+NRB|+NRB|-NRB
DES,DHI,STK,SMART/ARCA,,,,,,|BOT|1/29/2013|3|-NRB|+NRB|+NRB
DES,PLXT,STK,SMART/ARCA,,,,,,|BOT|1/29/2013|3|-NRB|+NRB|+NRB
DES,YHOO,STK,SMART/ARCA,,,,,,|BOT|1/29/2013|3|-NRB|+NRB|+NRB
DES,GLW,STK,SMART/ARCA,,,,,,|BOT|1/29/2013|3|-NRB|+NRB|+NRB
DES,VLO,STK,SMART/ARCA,,,,,,|BOT|1/29/2013|3|-NRB|+NRB|+NRB
DES,STX,STK,SMART/ARCA,,,,,,|SLD|1/29/2013|3|-NRB|+NRB|+NRB
DES,BMC,STK,SMART/ARCA,,,,,,|SLD|1/29/2013|3|-NRB|+NRB|+NRB
DES,KLIC,STK,SMART/ARCA,,,,,,|SLD|1/29/2013|3|-NRB|+NRB|+NRB
DES,LXK,STK,SMART/ARCA,,,,,,|SLD|1/29/2013|3|-NRB|+NRB|+NRB
DES,VMW,STK,SMART/ARCA,,,,,,|SLD|1/29/2013|3|-NRB|+NRB|+NRB
DES,EMC,STK,SMART/ARCA,,,,,,|SLD|1/29/2013|3|-NRB|+NRB|+NRB
DES,JBLU,STK,SMART/ARCA,,,,,,|SLD|1/29/2013|3|-NRB|+NRB|+NRB
DES,AMZN,STK,SMART/ARCA,,,,,,|BOT|1/30/2013|3|-NRB|+NRB|-NRB
DES,DLB,STK,SMART/ARCA,,,,,,|BOT|1/30/2013|3|-NRB|+NRB|-NRB
DES,CHK,STK,SMART/ARCA,,,,,,|BOT|1/30/2013|3|-NRB|+NRB|-NRB
DES,ISIS,STK,SMART/ARCA,,,,,,|BOT|1/30/2013|3|-NRB|+NRB|-NRB
DES,QGEN,STK,SMART/ARCA,,,,,,|BOT|1/30/2013|3|-NRB|+NRB|-NRB
DES,AVY,STK,SMART/ARCA,,,,,,|BOT|1/30/2013|3|-NRB|+NRB|-NRB
DES,PRXL,STK,SMART/ARCA,,,,,,|SLD|1/30/2013|3|-NRB|+NRB|-NRB
DES,MWV,STK,SMART/ARCA,,,,,,|SLD|1/30/2013|3|-NRB|+NRB|-NRB
DES,LVS,STK,SMART/ARCA,,,,,,|BOT|1/31/2013|2|-NRB|+NRB|-NRB
DES,JDSU,STK,SMART/ARCA,,,,,,|BOT|1/31/2013|2|-NRB|+NRB|-NRB
DES,FTNT,STK,SMART/ARCA,,,,,,|BOT|1/31/2013|2|-NRB|+NRB|-NRB
DES,PBI,STK,SMART/ARCA,,,,,,|BOT|1/31/2013|3|-NRB|+NRB|-NRB
DES,SWKS,STK,SMART/ARCA,,,,,,|BOT|1/31/2013|3|-NRB|+NRB|-NRB
DES,MJN,STK,SMART/ARCA,,,,,,|BOT|1/31/2013|3|-NRB|+NRB|-NRB
DES,MA,STK,SMART/ARCA,,,,,,|BOT|1/31/2013|3|-NRB|+NRB|-NRB
DES,CTXS,STK,SMART/ARCA,,,,,,|BOT|1/31/2013|3|-NRB|+NRB|-NRB
DES,QCOM,STK,SMART/ARCA,,,,,,|BOT|1/31/2013|3|-NRB|+NRB|-NRB
DES,UA,STK,SMART/ARCA,,,,,,|BOT|1/31/2013|3|-NRB|+NRB|-NRB
DES,ALGN,STK,SMART/ARCA,,,,,,|BOT|1/31/2013|3|-NRB|+NRB|-NRB
DES,DOW,STK,SMART/ARCA,,,,,,|SLD|1/31/2013|3|-NRB|+NRB|-NRB
DES,COP,STK,SMART/ARCA,,,,,,|SLD|1/31/2013|3|-NRB|+NRB|-NRB
DES,TWC,STK,SMART/ARCA,,,,,,|SLD|1/31/2013|3|-NRB|+NRB|-NRB
DES,FIO,STK,SMART/ARCA,,,,,,|SLD|1/31/2013|3|-NRB|+NRB|-NRB
DES,FB,STK,SMART/ARCA,,,,,,|SLD|1/31/2013|3|-NRB|+NRB|-NRB
DES,PHM,STK,SMART/ARCA,,,,,,|SLD|1/31/2013|3|-NRB|+NRB|-NRB
DES,HAR,STK,SMART/ARCA,,,,,,|SLD|1/31/2013|3|-NRB|+NRB|-NRB
DES,SPF,STK,SMART/ARCA,,,,,,|BOT|2/1/2013|3|+NRB|+NRB|+NRB
DES,PMCS,STK,SMART/ARCA,,,,,,|BOT|2/1/2013|3|+NRB|+NRB|+NRB
DES,DELL,STK,SMART/ARCA,,,,,,|BOT|2/1/2013|3|+NRB|+NRB|+NRB
DES,VVUS,STK,SMART/ARCA,,,,,,|BOT|2/1/2013|3|+NRB|+NRB|+NRB
DES,CTRP,STK,SMART/ARCA,,,,,,|BOT|2/1/2013|3|+NRB|+NRB|+NRB
DES,PRGO,STK,SMART/ARCA,,,,,,|BOT|2/1/2013|3|+NRB|+NRB|+NRB
DES,MRK,STK,SMART/ARCA,,,,,,|SLD|2/1/2013|3|+NRB|+NRB|+NRB
DES,TLAB,STK,SMART/ARCA,,,,,,|SLD|2/1/2013|3|+NRB|+NRB|+NRB
DES,ALKS,STK,SMART/ARCA,,,,,,|SLD|2/1/2013|3|+NRB|+NRB|+NRB
DES,SONS,STK,SMART/ARCA,,,,,,|BOT|2/4/2013|3|-NRB|+NRB|-NRB
DES,HLF,STK,SMART/ARCA,,,,,,|SLD|2/4/2013|3|-NRB|+NRB|-NRB
DES,FB,STK,SMART/ARCA,,,,,,|SLD|2/4/2013|3|-NRB|+NRB|-NRB
DES,ADM,STK,SMART/ARCA,,,,,,|BOT|2/5/2013|3|+NRB|+NRB|+NRB
DES,CSC,STK,SMART/ARCA,,,,,,|BOT|2/5/2013|3|+NRB|+NRB|+NRB
DES,VMED,STK,SMART/ARCA,,,,,,|BOT|2/5/2013|3|+NRB|+NRB|+NRB
DES,K,STK,SMART/ARCA,,,,,,|BOT|2/5/2013|3|+NRB|+NRB|+NRB
DES,YUM,STK,SMART/ARCA,,,,,,|SLD|2/5/2013|3|+NRB|+NRB|+NRB
DES,BIDU,STK,SMART/ARCA,,,,,,|SLD|2/5/2013|3|+NRB|+NRB|+NRB
DES,ACI,STK,SMART/ARCA,,,,,,|SLD|2/5/2013|3|+NRB|+NRB|+NRB
DES,NIHD,STK,SMART/ARCA,,,,,,|SLD|2/5/2013|3|+NRB|+NRB|+NRB
DES,TTWO,STK,SMART/ARCA,,,,,,|BOT|2/6/2013|3|-NRB|+NRB|+NRB
DES,CERN,STK,SMART/ARCA,,,,,,|BOT|2/6/2013|3|-NRB|+NRB|+NRB
DES,ZNGA,STK,SMART/ARCA,,,,,,|BOT|2/6/2013|3|-NRB|+NRB|+NRB
DES,DIS,STK,SMART/ARCA,,,,,,|BOT|2/6/2013|3|-NRB|+NRB|+NRB
DES,RL,STK,SMART/ARCA,,,,,,|BOT|2/6/2013|3|-NRB|+NRB|+NRB
DES,TWX,STK,SMART/ARCA,,,,,,|BOT|2/6/2013|3|-NRB|+NRB|+NRB
DES,SFLY,STK,SMART/ARCA,,,,,,|BOT|2/6/2013|3|-NRB|+NRB|+NRB
DES,CMI,STK,SMART/ARCA,,,,,,|BOT|2/6/2013|3|-NRB|+NRB|+NRB
DES,NUS,STK,SMART/ARCA,,,,,,|SLD|2/6/2013|3|-NRB|+NRB|+NRB
DES,MPEL,STK,SMART/ARCA,,,,,,|SLD|2/6/2013|3|-NRB|+NRB|+NRB
DES,CHRW,STK,SMART/ARCA,,,,,,|SLD|2/6/2013|3|-NRB|+NRB|+NRB
DES,SU,STK,SMART/ARCA,,,,,,|SLD|2/6/2013|3|-NRB|+NRB|+NRB
DES,NTES,STK,SMART/ARCA,,,,,,|BOT|2/7/2013|3|+NRB|+NRB|-NRBBT
DES,LF,STK,SMART/ARCA,,,,,,|BOT|2/7/2013|3|+NRB|+NRB|-NRBBT
DES,CBG,STK,SMART/ARCA,,,,,,|BOT|2/7/2013|3|+NRB|+NRB|-NRBBT
DES,ALL,STK,SMART/ARCA,,,,,,|BOT|2/7/2013|3|+NRB|+NRB|-NRBBT
DES,PTEN,STK,SMART/ARCA,,,,,,|BOT|2/7/2013|3|+NRB|+NRB|-NRBBT
DES,DV,STK,SMART/ARCA,,,,,,|BOT|2/7/2013|3|+NRB|+NRB|-NRBBT
DES,ORLY,STK,SMART/ARCA,,,,,,|BOT|2/7/2013|3|+NRB|+NRB|-NRBBT
DES,SREV,STK,SMART/ARCA,,,,,,|BOT|2/7/2013|3|+NRB|+NRB|-NRBBT
DES,TQNT,STK,SMART/ARCA,,,,,,|SLD|2/7/2013|3|+NRB|+NRB|-NRBBT
DES,GMCR,STK,SMART/ARCA,,,,,,|SLD|2/7/2013|3|+NRB|+NRB|-NRBBT
DES,ANN,STK,SMART/ARCA,,,,,,|SLD|2/7/2013|3|+NRB|+NRB|-NRBBT
DES,BG,STK,SMART/ARCA,,,,,,|SLD|2/7/2013|3|+NRB|+NRB|-NRBBT
DES,AKAM,STK,SMART/ARCA,,,,,,|SLD|2/7/2013|3|+NRB|+NRB|-NRBBT
DES,MWW,STK,SMART/ARCA,,,,,,|SLD|2/7/2013|3|+NRB|+NRB|-NRBBT
DES,TDC,STK,SMART/ARCA,,,,,,|SLD|2/7/2013|3|+NRB|+NRB|-NRBBT
DES,NWSA,STK,SMART/ARCA,,,,,,|SLD|2/7/2013|3|+NRB|+NRB|-NRBBT
DES,ATML,STK,SMART/ARCA,,,,,,|SLD|2/7/2013|3|+NRB|+NRB|-NRBBT
DES,FLT,STK,SMART/ARCA,,,,,,|BOT|2/8/2013|3|+NRB|+NRB|+NRB
DES,MCHP,STK,SMART/ARCA,,,,,,|BOT|2/8/2013|3|+NRB|+NRB|+NRB
DES,AOL,STK,SMART/ARCA,,,,,,|BOT|2/8/2013|3|+NRB|+NRB|+NRB
DES,NCR,STK,SMART/ARCA,,,,,,|BOT|2/8/2013|3|+NRB|+NRB|+NRB
DES,LNKD,STK,SMART/ARCA,,,,,,|BOT|2/8/2013|3|+NRB|+NRB|+NRB
DES,ATVI,STK,SMART/ARCA,,,,,,|BOT|2/8/2013|3|+NRB|+NRB|+NRB
DES,NUAN,STK,SMART/ARCA,,,,,,|SLD|2/8/2013|3|+NRB|+NRB|+NRB
DES,RVBD,STK,SMART/ARCA,,,,,,|SLD|2/8/2013|3|+NRB|+NRB|+NRB
DES,CSTR,STK,SMART/ARCA,,,,,,|SLD|2/8/2013|3|+NRB|+NRB|+NRB
DES,LPX,STK,SMART/ARCA,,,,,,|SLD|2/8/2013|3|+NRB|+NRB|+NRB
DES,RDN,STK,SMART/ARCA,,,,,,|SLD|2/11/2013|3|+NRB|+NRB|+NRB
DES,L,STK,SMART/ARCA,,,,,,|SLD|2/11/2013|3|+NRB|+NRB|+NRB
DES,MAS,STK,SMART/ARCA,,,,,,|BOT|2/12/2013|3|+NRB|+NRB|+NRB
DES,KORS,STK,SMART/ARCA,,,,,,|BOT|2/12/2013|3|+NRB|+NRB|+NRB
DES,AVP,STK,SMART/ARCA,,,,,,|BOT|2/12/2013|3|+NRB|+NRB|+NRB
DES,FOSL,STK,SMART/ARCA,,,,,,|BOT|2/12/2013|3|+NRB|+NRB|+NRB
DES,HERO,STK,SMART/ARCA,,,,,,|BOT|2/12/2013|3|+NRB|+NRB|+NRB
DES,LVLT,STK,SMART/ARCA,,,,,,|SLD|2/12/2013|3|+NRB|+NRB|+NRB
DES,CRK,STK,SMART/ARCA,,,,,,|SLD|2/12/2013|3|+NRB|+NRB|+NRB
DES,FB,STK,SMART/ARCA,,,,,,|SLD|2/12/2013|3|+NRB|+NRB|+NRB
DES,TWTC,STK,SMART/ARCA,,,,,,|SLD|2/12/2013|3|+NRB|+NRB|+NRB
DES,RHP,STK,SMART/ARCA,,,,,,|SLD|2/12/2013|3|+NRB|+NRB|+NRB
DES,CMCSA,STK,SMART/ARCA,,,,,,|BOT|2/13/2013|3|+NRB|+NRB|-NRBTT
DES,GRPN,STK,SMART/ARCA,,,,,,|BOT|2/13/2013|3|+NRB|+NRB|-NRBTT
DES,GE,STK,SMART/ARCA,,,,,,|BOT|2/13/2013|3|+NRB|+NRB|-NRBTT
DES,WFR,STK,SMART/ARCA,,,,,,|BOT|2/13/2013|3|+NRB|+NRB|-NRBTT
DES,SGEN,STK,SMART/ARCA,,,,,,|SLD|2/13/2013|3|+NRB|+NRB|-NRBTT
DES,WU,STK,SMART/ARCA,,,,,,|SLD|2/13/2013|3|+NRB|+NRB|-NRBTT
DES,DF,STK,SMART/ARCA,,,,,,|SLD|2/13/2013|3|+NRB|+NRB|-NRBTT
DES,RAX,STK,SMART/ARCA,,,,,,|SLD|2/13/2013|3|+NRB|+NRB|-NRBTT
DES,CLF,STK,SMART/ARCA,,,,,,|SLD|2/13/2013|3|+NRB|+NRB|-NRBTT
DES,RKUS,STK,SMART/ARCA,,,,,,|SLD|2/13/2013|3|+NRB|+NRB|-NRBTT
DES,EQIX,STK,SMART/ARCA,,,,,,|BOT|2/14/2013|3|-NRB|+NRB|+NRB
DES,DTV,STK,SMART/ARCA,,,,,,|BOT|2/14/2013|3|-NRB|+NRB|+NRB
DES,GNC,STK,SMART/ARCA,,,,,,|BOT|2/14/2013|3|-NRB|+NRB|+NRB
DES,ANR,STK,SMART/ARCA,,,,,,|BOT|2/14/2013|3|-NRB|+NRB|+NRB
DES,STZ,STK,SMART/ARCA,,,,,,|BOT|2/14/2013|3|-NRB|+NRB|+NRB
DES,Z,STK,SMART/ARCA,,,,,,|BOT|2/14/2013|3|-NRB|+NRB|+NRB
DES,VCLK,STK,SMART/ARCA,,,,,,|BOT|2/14/2013|3|-NRB|+NRB|+NRB
DES,WFM,STK,SMART/ARCA,,,,,,|SLD|2/14/2013|3|-NRB|+NRB|+NRB
DES,TRIP,STK,SMART/ARCA,,,,,,|SLD|2/14/2013|3|-NRB|+NRB|+NRB
DES,CTL,STK,SMART/ARCA,,,,,,|SLD|2/14/2013|3|-NRB|+NRB|+NRB
DES,WTW,STK,SMART/ARCA,,,,,,|SLD|2/14/2013|3|-NRB|+NRB|+NRB
DES,MDLZ,STK,SMART/ARCA,,,,,,|SLD|2/14/2013|3|-NRB|+NRB|+NRB
DES,CAR,STK,SMART/ARCA,,,,,,|SLD|2/14/2013|3|-NRB|+NRB|+NRB
DES,WIN,STK,SMART/ARCA,,,,,,|SLD|2/14/2013|3|-NRB|+NRB|+NRB
DES,PXD,STK,SMART/ARCA,,,,,,|SLD|2/14/2013|3|-NRB|+NRB|+NRB
DES,ELLI,STK,SMART/ARCA,,,,,,|BOT|2/15/2013|3|+NRB|+NRB|+NRB
DES,QLIK,STK,SMART/ARCA,,,,,,|BOT|2/15/2013|3|+NRB|+NRB|+NRB
DES,BKW,STK,SMART/ARCA,,,,,,|BOT|2/15/2013|3|+NRB|+NRB|+NRB
DES,HLF,STK,SMART/ARCA,,,,,,|BOT|2/15/2013|3|+NRB|+NRB|+NRB
DES,PPC,STK,SMART/ARCA,,,,,,|BOT|2/15/2013|3|+NRB|+NRB|+NRB
DES,A,STK,SMART/ARCA,,,,,,|SLD|2/15/2013|3|+NRB|+NRB|+NRB
DES,KEG,STK,SMART/ARCA,,,,,,|SLD|2/15/2013|3|+NRB|+NRB|+NRB
DES,ESRX,STK,SMART/ARCA,,,,,,|BOT|2/19/2013|3|+NRB|+NRB|+NRB
DES,SPLS,STK,SMART/ARCA,,,,,,|BOT|2/19/2013|3|+NRB|+NRB|+NRB
DES,OMX,STK,SMART/ARCA,,,,,,|BOT|2/19/2013|3|+NRB|+NRB|+NRB
DES,ODP,STK,SMART/ARCA,,,,,,|BOT|2/19/2013|3|+NRB|+NRB|+NRB
DES,MDT,STK,SMART/ARCA,,,,,,|SLD|2/19/2013|3|+NRB|+NRB|+NRB
DES,HUM,STK,SMART/ARCA,,,,,,|SLD|2/19/2013|3|+NRB|+NRB|+NRB
DES,UNH,STK,SMART/ARCA,,,,,,|SLD|2/19/2013|3|+NRB|+NRB|+NRB
DES,YNDX,STK,SMART/ARCA,,,,,,|SLD|2/19/2013|3|+NRB|+NRB|+NRB
DES,FNF,STK,SMART/ARCA,,,,,,|BOT|2/20/2013|3|-NRB|+NRB|-WRB
DES,SINA,STK,SMART/ARCA,,,,,,|BOT|2/20/2013|3|-NRB|+NRB|-WRB
DES,MDRX,STK,SMART/ARCA,,,,,,|BOT|2/20/2013|3|-NRB|+NRB|-WRB
DES,JOY,STK,SMART/ARCA,,,,,,|BOT|2/20/2013|3|-NRB|+NRB|-WRB
DES,LL,STK,SMART/ARCA,,,,,,|BOT|2/20/2013|3|-NRB|+NRB|-WRB
DES,MM,STK,SMART/ARCA,,,,,,|SLD|2/20/2013|3|-NRB|+NRB|-WRB
DES,LIFE,STK,SMART/ARCA,,,,,,|SLD|2/20/2013|3|-NRB|+NRB|-WRB
DES,MAR,STK,SMART/ARCA,,,,,,|SLD|2/20/2013|3|-NRB|+NRB|-WRB
DES,GRMN,STK,SMART/ARCA,,,,,,|SLD|2/20/2013|3|-NRB|+NRB|-WRB
DES,XRAY,STK,SMART/ARCA,,,,,,|SLD|2/20/2013|3|-NRB|+NRB|-WRB
DES,TEX,STK,SMART/ARCA,,,,,,|SLD|2/20/2013|3|-NRB|+NRB|-WRB
DES,TOL,STK,SMART/ARCA,,,,,,|SLD|2/20/2013|3|-NRB|+NRB|-WRB
DES,IMAX,STK,SMART/ARCA,,,,,,|BOT|2/21/2013|3|-NRB|+NRB|-NRB
DES,SWY,STK,SMART/ARCA,,,,,,|BOT|2/21/2013|3|-NRB|+NRB|-NRB
DES,RPRX,STK,SMART/ARCA,,,,,,|BOT|2/21/2013|3|-NRB|+NRB|-NRB
DES,SNPS,STK,SMART/ARCA,,,,,,|BOT|2/21/2013|3|-NRB|+NRB|-NRB
DES,CHK,STK,SMART/ARCA,,,,,,|BOT|2/21/2013|3|-NRB|+NRB|-NRB
DES,TSLA,STK,SMART/ARCA,,,,,,|SLD|2/21/2013|3|-NRB|+NRB|-NRB
DES,WMB,STK,SMART/ARCA,,,,,,|SLD|2/21/2013|3|-NRB|+NRB|-NRB
DES,PAY,STK,SMART/ARCA,,,,,,|SLD|2/21/2013|3|-NRB|+NRB|-NRB
DES,WLT,STK,SMART/ARCA,,,,,,|SLD|2/21/2013|3|-NRB|+NRB|-NRB
DES,GDP,STK,SMART/ARCA,,,,,,|SLD|2/21/2013|3|-NRB|+NRB|-NRB
DES,HPQ,STK,SMART/ARCA,,,,,,|BOT|2/22/2013|3|+NRB|+NRB|+NRB
DES,MRVL,STK,SMART/ARCA,,,,,,|BOT|2/22/2013|3|+NRB|+NRB|+NRB
DES,ARUN,STK,SMART/ARCA,,,,,,|BOT|2/22/2013|3|+NRB|+NRB|+NRB
DES,CYBX,STK,SMART/ARCA,,,,,,|BOT|2/22/2013|3|+NRB|+NRB|+NRB
DES,FIRE,STK,SMART/ARCA,,,,,,|BOT|2/22/2013|3|+NRB|+NRB|+NRB
DES,COG,STK,SMART/ARCA,,,,,,|BOT|2/22/2013|3|+NRB|+NRB|+NRB
DES,GDI,STK,SMART/ARCA,,,,,,|BOT|2/22/2013|3|+NRB|+NRB|+NRB
DES,AIG,STK,SMART/ARCA,,,,,,|BOT|2/22/2013|3|+NRB|+NRB|+NRB
DES,ANF,STK,SMART/ARCA,,,,,,|SLD|2/22/2013|3|+NRB|+NRB|+NRB
DES,HTZ,STK,SMART/ARCA,,,,,,|BOT|2/25/2013|3|+NRB|+NRB|-WRB
DES,DNDN,STK,SMART/ARCA,,,,,,|BOT|2/25/2013|3|+NRB|+NRB|-WRB
DES,CTB,STK,SMART/ARCA,,,,,,|BOT|2/25/2013|3|+NRB|+NRB|-WRB
DES,BKS,STK,SMART/ARCA,,,,,,|BOT|2/25/2013|3|+NRB|+NRB|-WRB
DES,ZNGA,STK,SMART/ARCA,,,,,,|BOT|2/25/2013|3|+NRB|+NRB|-WRB
DES,DDD,STK,SMART/ARCA,,,,,,|SLD|2/25/2013|3|+NRB|+NRB|-WRB
DES,M,STK,SMART/ARCA,,,,,,|BOT|2/26/2013|3|+NRB|+NRB|+NRBBT
DES,HD,STK,SMART/ARCA,,,,,,|BOT|2/26/2013|3|+NRB|+NRB|+NRBBT
DES,CWH,STK,SMART/ARCA,,,,,,|BOT|2/26/2013|3|+NRB|+NRB|+NRBBT
DES,TWI,STK,SMART/ARCA,,,,,,|SLD|2/26/2013|3|+NRB|+NRB|+NRBBT
DES,VVUS,STK,SMART/ARCA,,,,,,|SLD|2/26/2013|3|+NRB|+NRB|+NRBBT
DES,RSH,STK,SMART/ARCA,,,,,,|SLD|2/26/2013|3|+NRB|+NRB|+NRBBT
DES,ADSK,STK,SMART/ARCA,,,,,,|SLD|2/26/2013|3|+NRB|+NRB|+NRBBT
DES,PCLN,STK,SMART/ARCA,,,,,,|BOT|2/27/2013|3|-NRB|+NRB|+WRB
DES,DLTR,STK,SMART/ARCA,,,,,,|BOT|2/27/2013|3|-NRB|+NRB|+WRB
DES,ZAGG,STK,SMART/ARCA,,,,,,|BOT|2/27/2013|3|-NRB|+NRB|+WRB
DES,EIX,STK,SMART/ARCA,,,,,,|BOT|2/27/2013|3|-NRB|+NRB|+WRB
DES,OPTR,STK,SMART/ARCA,,,,,,|BOT|2/27/2013|3|-NRB|+NRB|+WRB
DES,COH,STK,SMART/ARCA,,,,,,|BOT|2/27/2013|3|-NRB|+NRB|+WRB
DES,FSLR,STK,SMART/ARCA,,,,,,|SLD|2/27/2013|3|-NRB|+NRB|+WRB
DES,TGT,STK,SMART/ARCA,,,,,,|SLD|2/27/2013|3|-NRB|+NRB|+WRB
DES,AH,STK,SMART/ARCA,,,,,,|SLD|2/27/2013|3|-NRB|+NRB|+WRB
DES,CBI,STK,SMART/ARCA,,,,,,|BOT|2/28/2013|3|-NRB|-NRB|-NRBTT
DES,BWC,STK,SMART/ARCA,,,,,,|BOT|2/28/2013|3|-NRB|-NRB|-NRBTT
DES,MNST,STK,SMART/ARCA,,,,,,|BOT|2/28/2013|3|-NRB|-NRB|-NRBTT
DES,BDBD,STK,SMART/ARCA,,,,,,|BOT|2/28/2013|3|-NRB|-NRB|-NRBTT
DES,SHLD,STK,SMART/ARCA,,,,,,|BOT|2/28/2013|3|-NRB|-NRB|-NRBTT
DES,JCP,STK,SMART/ARCA,,,,,,|SLD|2/28/2013|3|-NRB|-NRB|-NRBTT
DES,WPX,STK,SMART/ARCA,,,,,,|SLD|2/28/2013|3|-NRB|-NRB|-NRBTT
DES,GRPN,STK,SMART/ARCA,,,,,,|SLD|2/28/2013|3|-NRB|-NRB|-NRBTT
DES,CHS,STK,SMART/ARCA,,,,,,|SLD|2/28/2013|3|-NRB|-NRB|-NRBTT
DES,MTG,STK,SMART/ARCA,,,,,,|SLD|2/28/2013|3|-NRB|-NRB|-NRBTT
DES,CRM,STK,SMART/ARCA,,,,,,|BOT|3/1/2013|3|-NRB|-NRB|-NRB
DES,GPS,STK,SMART/ARCA,,,,,,|BOT|3/1/2013|3|-NRB|-NRB|-NRB
DES,DECK,STK,SMART/ARCA,,,,,,|BOT|3/1/2013|3|-NRB|-NRB|-NRB
DES,BBY,STK,SMART/ARCA,,,,,,|BOT|3/1/2013|3|-NRB|-NRB|-NRB
DES,NGD,STK,SMART/ARCA,,,,,,|BOT|3/1/2013|3|-NRB|-NRB|-NRB
DES,MDR,STK,SMART/ARCA,,,,,,|SLD|3/1/2013|3|-NRB|-NRB|-NRB
DES,FWLT,STK,SMART/ARCA,,,,,,|SLD|3/1/2013|3|-NRB|-NRB|-NRB
DES,OVTI,STK,SMART/ARCA,,,,,,|SLD|3/1/2013|3|-NRB|-NRB|-NRB
DES,SD,STK,SMART/ARCA,,,,,,|SLD|3/1/2013|3|-NRB|-NRB|-NRB
DES,YOKU,STK,SMART/ARCA,,,,,,|SLD|3/1/2013|3|-NRB|-NRB|-NRB
DES,SSYS,STK,SMART/ARCA,,,,,,|BOT|3/4/2013|3|-NRB|+NRB|+NRB
DES,HES,STK,SMART/ARCA,,,,,,|BOT|3/4/2013|3|-NRB|+NRB|+NRB
DES,RDN,STK,SMART/ARCA,,,,,,|BOT|3/4/2013|3|-NRB|+NRB|+NRB
DES,ARNA,STK,SMART/ARCA,,,,,,|SLD|3/4/2013|3|-NRB|+NRB|+NRB
DES,CREE,STK,SMART/ARCA,,,,,,|BOT|3/5/2013|3|+NRB|+NRB|+NRB
DES,ASNA,STK,SMART/ARCA,,,,,,|BOT|3/5/2013|3|+NRB|+NRB|+NRB
DES,SNTS,STK,SMART/ARCA,,,,,,|BOT|3/5/2013|3|+NRB|+NRB|+NRB
DES,JCP,STK,SMART/ARCA,,,,,,|SLD|3/5/2013|3|+NRB|+NRB|+NRB
DES,IPXL,STK,SMART/ARCA,,,,,,|SLD|3/5/2013|3|+NRB|+NRB|+NRB
DES,BIG,STK,SMART/ARCA,,,,,,|BOT|3/6/2013|3|+NRB|+NRB|-NRB
DES,PAY,STK,SMART/ARCA,,,,,,|BOT|3/6/2013|3|+NRB|+NRB|-NRB
DES,AEO,STK,SMART/ARCA,,,,,,|SLD|3/6/2013|3|+NRB|+NRB|-NRB
DES,SPLS,STK,SMART/ARCA,,,,,,|SLD|3/6/2013|3|+NRB|+NRB|-NRB
DES,QIHU,STK,SMART/ARCA,,,,,,|SLD|3/6/2013|3|+NRB|+NRB|-NRB
DES,TFM,STK,SMART/ARCA,,,,,,|SLD|3/6/2013|3|+NRB|+NRB|-NRB
DES,CIEN,STK,SMART/ARCA,,,,,,|BOT|3/7/2013|3|+NRB|+NRB|+NRB
DES,NAV,STK,SMART/ARCA,,,,,,|BOT|3/7/2013|3|+NRB|+NRB|+NRB
DES,FNSR,STK,SMART/ARCA,,,,,,|BOT|3/7/2013|3|+NRB|+NRB|+NRB
DES,PETM,STK,SMART/ARCA,,,,,,|SLD|3/7/2013|3|+NRB|+NRB|+NRB
DES,SCTY,STK,SMART/ARCA,,,,,,|SLD|3/7/2013|3|+NRB|+NRB|+NRB
DES,MTG,STK,SMART/ARCA,,,,,,|SLD|3/7/2013|3|+NRB|+NRB|+NRB
DES,HRB,STK,SMART/ARCA,,,,,,|BOT|3/8/2013|3|+NRB|+NRB|+NRB
DES,ANN,STK,SMART/ARCA,,,,,,|BOT|3/8/2013|3|+NRB|+NRB|+NRB
DES,P,STK,SMART/ARCA,,,,,,|BOT|3/8/2013|3|+NRB|+NRB|+NRB
DES,ZQK,STK,SMART/ARCA,,,,,,|SLD|3/8/2013|3|+NRB|+NRB|+NRB
DES,SKUL,STK,SMART/ARCA,,,,,,|SLD|3/8/2013|3|+NRB|+NRB|+NRB
DES,GNW,STK,SMART/ARCA,,,,,,|BOT|3/11/2013|3|-NRB|+NRB|+NRB
DES,DKS,STK,SMART/ARCA,,,,,,|SLD|3/11/2013|3|-NRB|+NRB|+NRB
DES,PAY,STK,SMART/ARCA,,,,,,|BOT|3/12/2013|3|-NRB|-NRB|-NRB
DES,CVRR,STK,SMART/ARCA,,,,,,|BOT|3/12/2013|3|-NRB|-NRB|-NRB
DES,COST,STK,SMART/ARCA,,,,,,|BOT|3/12/2013|3|-NRB|-NRB|-NRB
DES,YUM,STK,SMART/ARCA,,,,,,|BOT|3/12/2013|3|-NRB|-NRB|-NRB
DES,MRK,STK,SMART/ARCA,,,,,,|BOT|3/12/2013|3|-NRB|-NRB|-NRB
DES,DMND,STK,SMART/ARCA,,,,,,|SLD|3/12/2013|3|-NRB|-NRB|-NRB
DES,NFLX,STK,SMART/ARCA,,,,,,|BOT|3/13/2013|3|+NRB|+NRB|+NRB
DES,EXPR,STK,SMART/ARCA,,,,,,|SLD|3/13/2013|3|+NRB|+NRB|+NRB
DES,DOLE,STK,SMART/ARCA,,,,,,|SLD|3/13/2013|3|+NRB|+NRB|+NRB
DES,MW,STK,SMART/ARCA,,,,,,|BOT|3/14/2013|3|+NRB|+NRB|+NRB
DES,ETFC,STK,SMART/ARCA,,,,,,|SLD|3/14/2013|3|+NRB|+NRB|+NRB
DES,VRA,STK,SMART/ARCA,,,,,,|SLD|3/14/2013|3|+NRB|+NRB|+NRB
DES,BAC,STK,SMART/ARCA,,,,,,|BOT|3/15/2013|3|-NRB|-NRB|-NRB
DES,CNP,STK,SMART/ARCA,,,,,,|BOT|3/15/2013|3|-NRB|-NRB|-NRB
DES,DFS,STK,SMART/ARCA,,,,,,|BOT|3/15/2013|3|-NRB|-NRB|-NRB
DES,ULTA,STK,SMART/ARCA,,,,,,|SLD|3/15/2013|3|-NRB|-NRB|-NRB
DES,KKD,STK,SMART/ARCA,,,,,,|SLD|3/15/2013|3|-NRB|-NRB|-NRB
DES,ARO,STK,SMART/ARCA,,,,,,|SLD|3/15/2013|3|-NRB|-NRB|-NRB
DES,ODP,STK,SMART/ARCA,,,,,,|BOT|3/18/2013|3|-NRB|-NRB|+NRB
DES,INCY,STK,SMART/ARCA,,,,,,|SLD|3/18/2013|3|-NRB|-NRB|+NRB
DES,FWLT,STK,SMART/ARCA,,,,,,|SLD|3/18/2013|3|-NRB|-NRB|+NRB
DES,ABC,STK,SMART/ARCA,,,,,,|BOT|3/19/2013|3|+NRB|+NRB|-NRB
DES,CAH,STK,SMART/ARCA,,,,,,|SLD|3/19/2013|3|+NRB|+NRB|-NRB
DES,LULU,STK,SMART/ARCA,,,,,,|SLD|3/19/2013|3|+NRB|+NRB|-NRB
DES,JNPR,STK,SMART/ARCA,,,,,,|SLD|3/19/2013|3|+NRB|+NRB|-NRB
DES,DSW,STK,SMART/ARCA,,,,,,|SLD|3/19/2013|3|+NRB|+NRB|-NRB
DES,ADBE,STK,SMART/ARCA,,,,,,|BOT|3/20/2013|3|+NRB|+NRB|+NRB
DES,CIE,STK,SMART/ARCA,,,,,,|BOT|3/20/2013|3|+NRB|+NRB|+NRB
DES,WSM,STK,SMART/ARCA,,,,,,|BOT|3/20/2013|3|+NRB|+NRB|+NRB
DES,FDX,STK,SMART/ARCA,,,,,,|SLD|3/20/2013|3|+NRB|+NRB|+NRB
DES,A,STK,SMART/ARCA,,,,,,|SLD|3/20/2013|3|+NRB|+NRB|+NRB
DES,KBH,STK,SMART/ARCA,,,,,,|BOT|3/21/2013|3|-NRB|-NRB|+NRB
DES,ORCL,STK,SMART/ARCA,,,,,,|SLD|3/21/2013|3|-NRB|-NRB|+NRB
DES,GES,STK,SMART/ARCA,,,,,,|SLD|3/21/2013|3|-NRB|-NRB|+NRB
DES,NKE,STK,SMART/ARCA,,,,,,|BOT|3/22/2013|3|+NRB|+NRB|+NRB
DES,MDLZ,STK,SMART/ARCA,,,,,,|BOT|3/22/2013|3|+NRB|+NRB|+NRB
DES,MU,STK,SMART/ARCA,,,,,,|BOT|3/22/2013|3|+NRB|+NRB|+NRB
DES,TIF,STK,SMART/ARCA,,,,,,|BOT|3/22/2013|3|+NRB|+NRB|+NRB
DES,TIBX,STK,SMART/ARCA,,,,,,|SLD|3/22/2013|3|+NRB|+NRB|+NRB
DES,APOL,STK,SMART/ARCA,,,,,,|BOT|3/25/2013|3|+NRB|+NRB|-NRB
DES,DG,STK,SMART/ARCA,,,,,,|BOT|3/25/2013|3|+NRB|+NRB|-NRB
DES,UTHR,STK,SMART/ARCA,,,,,,|SLD|3/25/2013|3|+NRB|+NRB|-NRB
DES,PLCE,STK,SMART/ARCA,,,,,,|SLD|3/26/2013|3|+NRB|+NRB|+NRB
DES,CLMT,STK,SMART/ARCA,,,,,,|SLD|3/26/2013|3|+NRB|+NRB|+NRB
DES,SAI,STK,SMART/ARCA,,,,,,|BOT|3/27/2013|3|-NRB|+NRB|+NRB
DES,CLF,STK,SMART/ARCA,,,,,,|SLD|3/27/2013|3|-NRB|+NRB|+NRB
DES,PCS,STK,SMART/ARCA,,,,,,|BOT|3/28/2013|3|+NRB|+NRB|+NRB
DES,DECK,STK,SMART/ARCA,,,,,,|BOT|3/28/2013|3|+NRB|+NRB|+NRB
DES,CBI,STK,SMART/ARCA,,,,,,|BOT|3/28/2013|3|+NRB|+NRB|+NRB
DES,BBRY,STK,SMART/ARCA,,,,,,|BOT|3/28/2013|3|+NRB|+NRB|+NRB
DES,PVH,STK,SMART/ARCA,,,,,,|SLD|3/28/2013|3|+NRB|+NRB|+NRB
DES,ACN,STK,SMART/ARCA,,,,,,|SLD|3/28/2013|3|+NRB|+NRB|+NRB
DES,CMC,STK,SMART/ARCA,,,,,,|SLD|3/28/2013|3|+NRB|+NRB|+NRB
DES,RHT,STK,SMART/ARCA,,,,,,|SLD|3/28/2013|3|+NRB|+NRB|+NRB
DES,SCS,STK,SMART/ARCA,,,,,,|SLD|3/28/2013|3|+NRB|+NRB|+NRB
DES,GME,STK,SMART/ARCA,,,,,,|SLD|3/28/2013|3|+NRB|+NRB|+NRB
DES,TSLA,STK,SMART/ARCA,,,,,,|BOT|4/1/2013|3|+NRB|+NRB|+NRB
DES,HTZ,STK,SMART/ARCA,,,,,,|BOT|4/2/2013|3|+NRB|+NRB|+NRB
DES,NUAN,STK,SMART/ARCA,,,,,,|BOT|4/2/2013|3|+NRB|+NRB|+NRB
DES,HUM,STK,SMART/ARCA,,,,,,|BOT|4/2/2013|3|+NRB|+NRB|+NRB
DES,UNH,STK,SMART/ARCA,,,,,,|BOT|4/2/2013|3|+NRB|+NRB|+NRB
DES,HPQ,STK,SMART/ARCA,,,,,,|SLD|4/2/2013|3|+NRB|+NRB|+NRB
DES,DAL,STK,SMART/ARCA,,,,,,|SLD|4/2/2013|3|+NRB|+NRB|+NRB
DES,NAT,STK,SMART/ARCA,,,,,,|SLD|4/2/2013|3|+NRB|+NRB|+NRB
DES,NFX,STK,SMART/ARCA,,,,,,|BOT|4/3/2013|3|+NRB|+NRB|-NRB
DES,CAG,STK,SMART/ARCA,,,,,,|SLD|4/3/2013|3|+NRB|+NRB|-NRB
DES,GPN,STK,SMART/ARCA,,,,,,|SLD|4/3/2013|3|+NRB|+NRB|-NRB
DES,ADT,STK,SMART/ARCA,,,,,,|SLD|4/3/2013|3|+NRB|+NRB|-NRB
DES,ELN,STK,SMART/ARCA,,,,,,|SLD|4/3/2013|3|+NRB|+NRB|-NRB
DES,ARIA,STK,SMART/ARCA,,,,,,|BOT|4/4/2013|3|+NRB|+NRB|+NRB
DES,CPWR,STK,SMART/ARCA,,,,,,|SLD|4/4/2013|3|+NRB|+NRB|+NRB
DES,CSCO,STK,SMART/ARCA,,,,,,|SLD|4/5/2013|3|-WRB|+NRB|+NRB
DES,FFIV,STK,SMART/ARCA,,,,,,|SLD|4/5/2013|3|-WRB|+NRB|+NRB
DES,JNPR,STK,SMART/ARCA,,,,,,|SLD|4/5/2013|3|-WRB|+NRB|+NRB
DES,SSO,STK,SMART/ARCA,,,,,,|BOT|4/8/2013|3|+NRB,|+NRB|+NRB
DES,CXW,STK,SMART/ARCA,,,,,,|BOT|4/9/2013|3|+NRB|+NRB|+NRB
DES,RDN,STK,SMART/ARCA,,,,,,|BOT|4/9/2013|3|+NRB|+NRB|+NRB
DES,JCP,STK,SMART/ARCA,,,,,,|SLD|4/9/2013|3|+NRB|+NRB|+NRB
DES,AA,STK,SMART/ARCA,,,,,,|SLD|4/9/2013|3|+NRB|+NRB|+NRB
DES,ADTN,STK,SMART/ARCA,,,,,,|BOT|4/10/2013|3|+NRB|+NRB|+WRB
DES,HMA,STK,SMART/ARCA,,,,,,|SLD|4/10/2013|3|+NRB|+NRB|+WRB
DES,RLGY,STK,SMART/ARCA,,,,,,|SLD|4/10/2013|3|+NRB|+NRB|+WRB
DES,THC,STK,SMART/ARCA,,,,,,|SLD|4/10/2013|3|+NRB|+NRB|+WRB
DES,RSO,STK,SMART/ARCA,,,,,,|SLD|4/10/2013|3|+NRB|+NRB|+WRB
DES,FDO,STK,SMART/ARCA,,,,,,|SLD|4/10/2013|3|+NRB|+NRB|+WRB
DES,FAST,STK,SMART/ARCA,,,,,,|SLD|4/10/2013|3|+NRB|+NRB|+WRB
DES,BBBY,STK,SMART/ARCA,,,,,,|BOT|4/11/2013|3|+NRB|+NRB|+NRB
DES,ROST,STK,SMART/ARCA,,,,,,|BOT|4/11/2013|3|+NRB|+NRB|+NRB
DES,ACAD,STK,SMART/ARCA,,,,,,|BOT|4/11/2013|3|+NRB|+NRB|+NRB
DES,HPQ,STK,SMART/ARCA,,,,,,|SLD|4/11/2013|3|+NRB|+NRB|+NRB
DES,TJX,STK,SMART/ARCA,,,,,,|SLD|4/11/2013|3|+NRB|+NRB|+NRB
DES,MSFT,STK,SMART/ARCA,,,,,,|SLD|4/11/2013|3|+NRB|+NRB|+NRB
DES,WLT,STK,SMART/ARCA,,,,,,|BOT|4/12/2013|3|-NRB|+NRB|+NRB
DES,INFY,STK,SMART/ARCA,,,,,,|SLD|4/12/2013|3|-NRB|+NRB|+NRB
DES,WFC,STK,SMART/ARCA,,,,,,|SLD|4/12/2013|3|-NRB|+NRB|+NRB
DES,C,STK,SMART/ARCA,,,,,,|BOT|4/15/2013|3|-NRB|+NRB|-WRB
DES,S,STK,SMART/ARCA,,,,,,|BOT|4/15/2013|3|-NRB|+NRB|-WRB
DES,LIFE,STK,SMART/ARCA,,,,,,|BOT|4/15/2013|3|-NRB|+NRB|-WRB
DES,GLD,STK,SMART/ARCA,,,,,,|SLD|4/15/2013|3|-NRB|+NRB|-WRB
DES,KO,STK,SMART/ARCA,,,,,,|BOT|4/16/2013|3|+NRB|+NRB|+NRB
DES,MAT,STK,SMART/ARCA,,,,,,|BOT|4/17/2013|3|-NRB|+NRB|-NRB
DES,ASML,STK,SMART/ARCA,,,,,,|BOT|4/17/2013|3|-NRB|+NRB|-NRB
DES,BK,STK,SMART/ARCA,,,,,,|SLD|4/17/2013|3|-NRB|+NRB|-NRB
DES,TXT,STK,SMART/ARCA,,,,,,|SLD|4/17/2013|3|-NRB|+NRB|-NRB
DES,CXW,STK,SMART/ARCA,,,,,,|SLD|4/17/2013|3|-NRB|+NRB|-NRB
DES,CRUS,STK,SMART/ARCA,,,,,,|SLD|4/17/2013|3|-NRB|+NRB|-NRB
DES,BAC,STK,SMART/ARCA,,,,,,|SLD|4/17/2013|3|-NRB|+NRB|-NRB
DES,BTU,STK,SMART/ARCA,,,,,,|BOT|4/18/2013|3|+NRB|+NRB|-NRB
DES,CY,STK,SMART/ARCA,,,,,,|BOT|4/18/2013|3|+NRB|+NRB|-NRB
DES,DHR,STK,SMART/ARCA,,,,,,|SLD|4/18/2013|2|+NRB|+NRB|-NRB
DES,UNH,STK,SMART/ARCA,,,,,,|SLD|4/18/2013|3|+NRB|+NRB|-NRB
DES,BPOP,STK,SMART/ARCA,,,,,,|SLD|4/18/2013|3|+NRB|+NRB|-NRB
DES,NOK,STK,SMART/ARCA,,,,,,|SLD|4/18/2013|3|+NRB|+NRB|-NRB
DES,EBAY,STK,SMART/ARCA,,,,,,|SLD|4/18/2013|3|+NRB|+NRB|-NRB
DES,CE,STK,SMART/ARCA,,,,,,|BOT|4/19/2013|3|+NRB|+NRB|+NRB
DES,KMB,STK,SMART/ARCA,,,,,,|BOT|4/19/2013|3|+NRB|+NRB|+NRB
DES,CMG,STK,SMART/ARCA,,,,,,|BOT|4/19/2013|3|+NRB|+NRB|+NRB
DES,MSFT,STK,SMART/ARCA,,,,,,|BOT|4/19/2013|3|+NRB|+NRB|+NRB
DES,COF,STK,SMART/ARCA,,,,,,|BOT|4/19/2013|3|+NRB|+NRB|+NRB
DES,BHI,STK,SMART/ARCA,,,,,,|BOT|4/19/2013|3|+NRB|+NRB|+NRB
DES,IBM,STK,SMART/ARCA,,,,,,|SLD|4/19/2013|3|+NRB|+NRB|+NRB
DES,GPC,STK,SMART/ARCA,,,,,,|SLD|4/19/2013|3|+NRB|+NRB|+NRB
DES,GE,STK,SMART/ARCA,,,,,,|SLD|4/19/2013|3|+NRB|+NRB|+NRB
DES,CIE,STK,SMART/ARCA,,,,,,|SLD|4/19/2013|3|+NRB|+NRB|+NRB
DES,HAL,STK,SMART/ARCA,,,,,,|BOT|4/22/2013|3|+NRB|+NRB|+NRB
DES,HAS,STK,SMART/ARCA,,,,,,|BOT|4/22/2013|3|+NRB|+NRB|+NRB
DES,CHKP,STK,SMART/ARCA,,,,,,|BOT|4/22/2013|3|+NRB|+NRB|+NRB
DES,VECO,STK,SMART/ARCA,,,,,,|BOT|4/23/2013|3|+NRB|+NRB|+WRB
DES,ILMN,STK,SMART/ARCA,,,,,,|BOT|4/23/2013|3|+NRB|+NRB|+WRB
DES,TRV,STK,SMART/ARCA,,,,,,|BOT|4/23/2013|3|+NRB|+NRB|+WRB
DES,NFLX,STK,SMART/ARCA,,,,,,|BOT|4/23/2013|3|+NRB|+NRB|+WRB
DES,COH,STK,SMART/ARCA,,,,,,|BOT|4/23/2013|3|+NRB|+NRB|+WRB
DES,IRWD,STK,SMART/ARCA,,,,,,|SLD|4/23/2013|3|+NRB|+NRB|+WRB
DES,RSH,STK,SMART/ARCA,,,,,,|SLD|4/23/2013|3|+NRB|+NRB|+WRB
DES,DAL,STK,SMART/ARCA,,,,,,|SLD|4/23/2013|3|+NRB|+NRB|+WRB
DES,BA,STK,SMART/ARCA,,,,,,|BOT|4/24/2013|3|+NRB|+NRB|+NRB
DES,YUM,STK,SMART/ARCA,,,,,,|BOT|4/24/2013|3|+NRB|+NRB|+NRB
DES,GLW,STK,SMART/ARCA,,,,,,|BOT|4/24/2013|3|+NRB|+NRB|+NRB
DES,WLP,STK,SMART/ARCA,,,,,,|BOT|4/24/2013|3|+NRB|+NRB|+NRB
DES,OC,STK,SMART/ARCA,,,,,,|BOT|4/24/2013|3|+NRB|+NRB|+NRB
DES,ABX,STK,SMART/ARCA,,,,,,|BOT|4/24/2013|3|+NRB|+NRB|+NRB
DES,BRCM,STK,SMART/ARCA,,,,,,|BOT|4/24/2013|3|+NRB|+NRB|+NRB
DES,PNRA,STK,SMART/ARCA,,,,,,|SLD|4/24/2013|3|+NRB|+NRB|+NRB
DES,T,STK,SMART/ARCA,,,,,,|SLD|4/24/2013|3|+NRB|+NRB|+NRB
DES,MSI,STK,SMART/ARCA,,,,,,|SLD|4/24/2013|3|+NRB|+NRB|+NRB
DES,PLCM,STK,SMART/ARCA,,,,,,|SLD|4/24/2013|3|+NRB|+NRB|+NRB
DES,DV,STK,SMART/ARCA,,,,,,|SLD|4/24/2013|3|+NRB|+NRB|+NRB
DES,EW,STK,SMART/ARCA,,,,,,|SLD|4/24/2013|3|+NRB|+NRB|+NRB
DES,VMW,STK,SMART/ARCA,,,,,,|SLD|4/24/2013|3|+NRB|+NRB|+NRB
DES,JNPR,STK,SMART/ARCA,,,,,,|SLD|4/24/2013|3|+NRB|+NRB|+NRB
DES,AWAY,STK,SMART/ARCA,,,,,,|SLD|4/24/2013|3|+NRB|+NRB|+NRB
DES,AMGN,STK,SMART/ARCA,,,,,,|SLD|4/24/2013|3|+NRB|+NRB|+NRB
DES,CREE,STK,SMART/ARCA,,,,,,|SLD|4/24/2013|3|+NRB|+NRB|+NRB
DES,AAPL,STK,SMART/ARCA,,,,,,|SLD|4/24/2013|3|+NRB|+NRB|+NRB
DES,CAKE,STK,SMART/ARCA,,,,,,|BOT|4/25/2013|3|+NRB|+NRB|+NRB
DES,WDC,STK,SMART/ARCA,,,,,,|BOT|4/25/2013|3|+NRB|+NRB|+NRB
DES,JAH,STK,SMART/ARCA,,,,,,|BOT|4/25/2013|3|+NRB|+NRB|+NRB
DES,FIO,STK,SMART/ARCA,,,,,,|BOT|4/25/2013|3|+NRB|+NRB|+NRB
DES,CLF,STK,SMART/ARCA,,,,,,|BOT|4/25/2013|3|+NRB|+NRB|+NRB
DES,FFIV,STK,SMART/ARCA,,,,,,|BOT|4/25/2013|3|+NRB|+NRB|+NRB
DES,RCL,STK,SMART/ARCA,,,,,,|BOT|4/25/2013|3|+NRB|+NRB|+NRB
DES,ORLY,STK,SMART/ARCA,,,,,,|BOT|4/25/2013|3|+NRB|+NRB|+NRB
DES,AKAM,STK,SMART/ARCA,,,,,,|BOT|4/25/2013|3|+NRB|+NRB|+NRB
DES,LRCX,STK,SMART/ARCA,,,,,,|BOT|4/25/2013|3|+NRB|+NRB|+NRB
DES,QCOM,STK,SMART/ARCA,,,,,,|SLD|4/25/2013|2|+NRB|+NRB|+NRB
DES,ZNGA,STK,SMART/ARCA,,,,,,|SLD|4/25/2013|2|+NRB|+NRB|+NRB
DES,MMM,STK,SMART/ARCA,,,,,,|SLD|4/25/2013|3|+NRB|+NRB|+NRB
DES,INTU,STK,SMART/ARCA,,,,,,|SLD|4/25/2013|3|+NRB|+NRB|+NRB
DES,CTXS,STK,SMART/ARCA,,,,,,|SLD|4/25/2013|3|+NRB|+NRB|+NRB
DES,ABC,STK,SMART/ARCA,,,,,,|SLD|4/25/2013|3|+NRB|+NRB|+NRB
DES,SYNA,STK,SMART/ARCA,,,,,,|BOT|4/26/2013|3|+NRB|+NRB|+NRB
DES,JCP,STK,SMART/ARCA,,,,,,|BOT|4/26/2013|3|+NRB|+NRB|+NRB
DES,QLIK,STK,SMART/ARCA,,,,,,|BOT|4/26/2013|3|+NRB|+NRB|+NRB
DES,TYC,STK,SMART/ARCA,,,,,,|BOT|4/26/2013|3|+NRB|+NRB|+NRB
DES,DHI,STK,SMART/ARCA,,,,,,|BOT|4/26/2013|3|+NRB|+NRB|+NRB
DES,BIDU,STK,SMART/ARCA,,,,,,|SLD|4/26/2013|3|+NRB|+NRB|+NRB
DES,EXPE,STK,SMART/ARCA,,,,,,|SLD|4/26/2013|3|+NRB|+NRB|+NRB
DES,KEG,STK,SMART/ARCA,,,,,,|SLD|4/26/2013|3|+NRB|+NRB|+NRB
DES,KLAC,STK,SMART/ARCA,,,,,,|SLD|4/26/2013|3|+NRB|+NRB|+NRB
DES,ALTR,STK,SMART/ARCA,,,,,,|SLD|4/26/2013|3|+NRB|+NRB|+NRB
DES,THC,STK,SMART/ARCA,,,,,,|BOT|4/29/2013|3|+NRB|+NRB|+NRB
DES,MCO,STK,SMART/ARCA,,,,,,|BOT|4/29/2013|3|+NRB|+NRB|+NRB
DES,HCA,STK,SMART/ARCA,,,,,,|BOT|4/29/2013|3|+NRB|+NRB|+NRB
DES,SINA,STK,SMART/ARCA,,,,,,|BOT|4/29/2013|3|+NRB|+NRB|+NRB
DES,SBGI,STK,SMART/ARCA,,,,,,|SLD|4/29/2013|3|+NRB|+NRB|+NRB
DES,VLO,STK,SMART/ARCA,,,,,,|BOT|4/30/2013|3|-NRB|+NRB|+NRB
DES,DDD,STK,SMART/ARCA,,,,,,|BOT|4/30/2013|3|-NRB|+NRB|+NRB
DES,BBY,STK,SMART/ARCA,,,,,,|BOT|4/30/2013|3|-NRB|+NRB|+NRB
DES,AGCO,STK,SMART/ARCA,,,,,,|BOT|4/30/2013|3|-NRB|+NRB|+NRB
DES,TXRH,STK,SMART/ARCA,,,,,,|BOT|4/30/2013|3|-NRB|+NRB|+NRB
DES,AVP,STK,SMART/ARCA,,,,,,|BOT|4/30/2013|3|-NRB|+NRB|+NRB
DES,PFE,STK,SMART/ARCA,,,,,,|SLD|4/30/2013|3|-NRB|+NRB|+NRB
DES,QGEN,STK,SMART/ARCA,,,,,,|SLD|4/30/2013|3|-NRB|+NRB|+NRB
DES,NUAN,STK,SMART/ARCA,,,,,,|SLD|4/30/2013|3|-NRB|+NRB|+NRB
DES,PBI,STK,SMART/ARCA,,,,,,|SLD|4/30/2013|3|-NRB|+NRB|+NRB
DES,RVBD,STK,SMART/ARCA,,,,,,|SLD|4/30/2013|3|-NRB|+NRB|+NRB
DES,MWV,STK,SMART/ARCA,,,,,,|SLD|4/30/2013|3|-NRB|+NRB|+NRB
DES,CMI,STK,SMART/ARCA,,,,,,|SLD|4/30/2013|3|-NRB|+NRB|+NRB
DES,FIRE,STK,SMART/ARCA,,,,,,|BOT|5/1/2013|3|-NRB|+NRB|-NRB
DES,DWA,STK,SMART/ARCA,,,,,,|BOT|5/1/2013|3|-NRB|+NRB|-NRB
DES,NCR,STK,SMART/ARCA,,,,,,|BOT|5/1/2013|3|-NRB|+NRB|-NRB
DES,GNW,STK,SMART/ARCA,,,,,,|BOT|5/1/2013|3|-NRB|+NRB|-NRB
DES,CAVM,STK,SMART/ARCA,,,,,,|BOT|5/1/2013|3|-NRB|+NRB|-NRB
DES,HUM,STK,SMART/ARCA,,,,,,|BOT|5/1/2013|3|-NRB|+NRB|-NRB
DES,SWI,STK,SMART/ARCA,,,,,,|SLD|5/1/2013|3|-NRB|+NRB|-NRB
DES,ADT,STK,SMART/ARCA,,,,,,|SLD|5/1/2013|3|-NRB|+NRB|-NRB
DES,TRMB,STK,SMART/ARCA,,,,,,|SLD|5/1/2013|3|-NRB|+NRB|-NRB
DES,COT,STK,SMART/ARCA,,,,,,|SLD|5/1/2013|3|-NRB|+NRB|-NRB
DES,MRK,STK,SMART/ARCA,,,,,,|SLD|5/1/2013|3|-NRB|+NRB|-NRB
DES,EXC,STK,SMART/ARCA,,,,,,|SLD|5/1/2013|3|-NRB|+NRB|-NRB
DES,YELP,STK,SMART/ARCA,,,,,,|BOT|5/2/2013|3|+NRB|+NRB|+NRB
DES,EXPD,STK,SMART/ARCA,,,,,,|BOT|5/2/2013|3|+NRB|+NRB|+NRB
DES,PRU,STK,SMART/ARCA,,,,,,|BOT|5/2/2013|3|+NRB|+NRB|+NRB
DES,V,STK,SMART/ARCA,,,,,,|BOT|5/2/2013|3|+NRB|+NRB|+NRB
DES,STX,STK,SMART/ARCA,,,,,,|BOT|5/2/2013|3|+NRB|+NRB|+NRB
DES,CI,STK,SMART/ARCA,,,,,,|BOT|5/2/2013|3|+NRB|+NRB|+NRB
DES,NUS,STK,SMART/ARCA,,,,,,|BOT|5/2/2013|3|+NRB|+NRB|+NRB
DES,MGM,STK,SMART/ARCA,,,,,,|BOT|5/2/2013|3|+NRB|+NRB|+NRB
DES,SBH,STK,SMART/ARCA,,,,,,|SLD|5/2/2013|3|+NRB|+NRB|+NRB
DES,IP,STK,SMART/ARCA,,,,,,|SLD|5/2/2013|3|+NRB|+NRB|+NRB
DES,EL,STK,SMART/ARCA,,,,,,|SLD|5/2/2013|3|+NRB|+NRB|+NRB
DES,CXO,STK,SMART/ARCA,,,,,,|SLD|5/2/2013|3|+NRB|+NRB|+NRB
DES,CTRX,STK,SMART/ARCA,,,,,,|SLD|5/2/2013|3|+NRB|+NRB|+NRB
DES,INVN,STK,SMART/ARCA,,,,,,|BOT|5/3/2013|3|+WRB|+NRB|+NRB
DES,AIG,STK,SMART/ARCA,,,,,,|BOT|5/3/2013|3|+WRB|+NRB|+NRB
DES,FLT,STK,SMART/ARCA,,,,,,|BOT|5/3/2013|3|+WRB|+NRB|+NRB
DES,MCHP,STK,SMART/ARCA,,,,,,|BOT|5/3/2013|3|+WRB|+NRB|+NRB
DES,TDC,STK,SMART/ARCA,,,,,,|SLD|5/3/2013|3|+WRB|+NRB|+NRB
DES,ARNA,STK,SMART/ARCA,,,,,,|SLD|5/3/2013|3|+WRB|+NRB|+NRB
DES,LNKD,STK,SMART/ARCA,,,,,,|SLD|5/3/2013|3|+WRB|+NRB|+NRB
DES,AGNC,STK,SMART/ARCA,,,,,,|SLD|5/3/2013|3|+WRB|+NRB|+NRB
DES,EXXI,STK,SMART/ARCA,,,,,,|BOT|5/6/2013|3|-NRB|+NRB|+NRB
DES,APO,STK,SMART/ARCA,,,,,,|BOT|5/6/2013|3|-NRB|+NRB|+NRB
DES,SYY,STK,SMART/ARCA,,,,,,|SLD|5/6/2013|3|-NRB|+NRB|+NRB
DES,TSN,STK,SMART/ARCA,,,,,,|SLD|5/6/2013|3|-NRB|+NRB|+NRB
DES,LINE,STK,SMART/ARCA,,,,,,|SLD|5/6/2013|3|-NRB|+NRB|+NRB
DES,EOG,STK,SMART/ARCA,,,,,,|BOT|5/7/2013|3|+NRB|+NRB|+NRB
DES,DTV,STK,SMART/ARCA,,,,,,|BOT|5/7/2013|3|+NRB|+NRB|+NRB
DES,ARIA,STK,SMART/ARCA,,,,,,|BOT|5/7/2013|3|+NRB|+NRB|+NRB
DES,FOSL,STK,SMART/ARCA,,,,,,|BOT|5/7/2013|3|+NRB|+NRB|+NRB
DES,SNTS,STK,SMART/ARCA,,,,,,|BOT|5/7/2013|3|+NRB|+NRB|+NRB
DES,MELI,STK,SMART/ARCA,,,,,,|BOT|5/7/2013|3|+NRB|+NRB|+NRB
DES,BAX,STK,SMART/ARCA,,,,,,|SLD|5/7/2013|3|+NRB|+NRB|+NRB
DES,ARUN,STK,SMART/ARCA,,,,,,|SLD|5/7/2013|3|+NRB|+NRB|+NRB
DES,HOLX,STK,SMART/ARCA,,,,,,|SLD|5/7/2013|3|+NRB|+NRB|+NRB
DES,CTSH,STK,SMART/ARCA,,,,,,|BOT|5/8/2013|3|-NRB|+NRB|+NRB
DES,EA,STK,SMART/ARCA,,,,,,|BOT|5/8/2013|3|-NRB|+NRB|+NRB
DES,ONXX,STK,SMART/ARCA,,,,,,|BOT|5/8/2013|3|-NRB|+NRB|+NRB
DES,TWO,STK,SMART/ARCA,,,,,,|BOT|5/8/2013|3|-NRB|+NRB|+NRB
DES,DVA,STK,SMART/ARCA,,,,,,|BOT|5/8/2013|3|-NRB|+NRB|+NRB
DES,KGC,STK,SMART/ARCA,,,,,,|BOT|5/8/2013|3|-NRB|+NRB|+NRB
DES,MYGN,STK,SMART/ARCA,,,,,,|BOT|5/8/2013|3|-NRB|+NRB|+NRB
DES,WFM,STK,SMART/ARCA,,,,,,|BOT|5/8/2013|3|-NRB|+NRB|+NRB
DES,CA,STK,SMART/ARCA,,,,,,|SLD|5/8/2013|3|-NRB|+NRB|+NRB
DES,GPOR,STK,SMART/ARCA,,,,,,|SLD|5/8/2013|3|-NRB|+NRB|+NRB
DES,VCLK,STK,SMART/ARCA,,,,,,|SLD|5/8/2013|3|-NRB|+NRB|+NRB
DES,CHRW,STK,SMART/ARCA,,,,,,|SLD|5/8/2013|3|-NRB|+NRB|+NRB
DES,WMB,STK,SMART/ARCA,,,,,,|SLD|5/8/2013|3|-NRB|+NRB|+NRB
DES,SYMC,STK,SMART/ARCA,,,,,,|SLD|5/8/2013|3|-NRB|+NRB|+NRB
DES,CTL,STK,SMART/ARCA,,,,,,|BOT|5/9/2013|3|-NRB|+NRB|-NRB
DES,NWSA,STK,SMART/ARCA,,,,,,|BOT|5/9/2013|3|-NRB|+NRB|-NRB
DES,CTRP,STK,SMART/ARCA,,,,,,|BOT|5/9/2013|3|-NRB|+NRB|-NRB
DES,NPSP,STK,SMART/ARCA,,,,,,|BOT|5/9/2013|3|-NRB|+NRB|-NRB
DES,GRPN,STK,SMART/ARCA,,,,,,|BOT|5/9/2013|3|-NRB|+NRB|-NRB
DES,TSLA,STK,SMART/ARCA,,,,,,|BOT|5/9/2013|3|-NRB|+NRB|-NRB
DES,GMCR,STK,SMART/ARCA,,,,,,|BOT|5/9/2013|3|-NRB|+NRB|-NRB
DES,BKS,STK,SMART/ARCA,,,,,,|BOT|5/9/2013|3|-NRB|+NRB|-NRB
DES,DISH,STK,SMART/ARCA,,,,,,|SLD|5/9/2013|3|-NRB|+NRB|-NRB
DES,MNST,STK,SMART/ARCA,,,,,,|SLD|5/9/2013|3|-NRB|+NRB|-NRB
DES,ATVI,STK,SMART/ARCA,,,,,,|SLD|5/9/2013|3|-NRB|+NRB|-NRB
DES,RAX,STK,SMART/ARCA,,,,,,|SLD|5/9/2013|3|-NRB|+NRB|-NRB
DES,WIN,STK,SMART/ARCA,,,,,,|SLD|5/9/2013|3|-NRB|+NRB|-NRB
DES,MDR,STK,SMART/ARCA,,,,,,|SLD|5/9/2013|3|-NRB|+NRB|-NRB
DES,NVDA,STK,SMART/ARCA,,,,,,|BOT|5/10/2013|3|+NRB|+NRB|+NRB
DES,GPS,STK,SMART/ARCA,,,,,,|BOT|5/10/2013|3|+NRB|+NRB|+NRB
DES,MDRX,STK,SMART/ARCA,,,,,,|SLD|5/10/2013|3|+NRB|+NRB|+NRB
DES,JCP,STK,SMART/ARCA,,,,,,|BOT|5/13/2013|3|-NRB|+NRB|+NRB
DES,MCP,STK,SMART/ARCA,,,,,,|BOT|5/13/2013|3|-NRB|+NRB|+NRB
DES,ENDP,STK,SMART/ARCA,,,,,,|SLD|5/13/2013|3|-NRB|+NRB|+NRB
DES,TTWO,STK,SMART/ARCA,,,,,,|BOT|5/14/2013|3|-NRB|+NRB|+WRB
DES,TSLA,STK,SMART/ARCA,,,,,,|BOT|5/14/2013|3|-NRB|+NRB|+WRB
DES,SCTY,STK,SMART/ARCA,,,,,,|SLD|5/14/2013|3|-NRB|+NRB|+WRB
DES,M,STK,SMART/ARCA,,,,,,|BOT|5/15/2013|3|-NRB|+NRB|+NRB
DES,DE,STK,SMART/ARCA,,,,,,|SLD|5/15/2013|3|-NRB|+NRB|+NRB
DES,XONE,STK,SMART/ARCA,,,,,,|SLD|5/15/2013|3|-NRB|+NRB|+NRB
DES,WMC,STK,SMART/ARCA,,,,,,|SLD|5/15/2013|3|-NRB|+NRB|+NRB
DES,CSCO,STK,SMART/ARCA,,,,,,|BOT|5/16/2013|3|-NRB|+NRB|-NRB
DES,KSS,STK,SMART/ARCA,,,,,,|BOT|5/16/2013|3|-NRB|+NRB|-NRB
DES,DANG,STK,SMART/ARCA,,,,,,|BOT|5/16/2013|3|-NRB|+NRB|-NRB
DES,FLO,STK,SMART/ARCA,,,,,,|BOT|5/16/2013|3|-NRB|+NRB|-NRB
DES,TSLA,STK,SMART/ARCA,,,,,,|BOT|5/16/2013|3|-NRB|+NRB|-NRB
DES,WMT,STK,SMART/ARCA,,,,,,|SLD|5/16/2013|3|-NRB|+NRB|-NRB
DES,ARIA,STK,SMART/ARCA,,,,,,|SLD|5/16/2013|3|-NRB|+NRB|-NRB
DES,INFI,STK,SMART/ARCA,,,,,,|SLD|5/16/2013|3|-NRB|+NRB|-NRB
DES,JWN,STK,SMART/ARCA,,,,,,|SLD|5/17/2013|3|-NRB|+NRB|+NRB
DES,ADSK,STK,SMART/ARCA,,,,,,|SLD|5/17/2013|3|-NRB|+NRB|+NRB
DES,ARUN,STK,SMART/ARCA,,,,,,|SLD|5/17/2013|3|-NRB|+NRB|+NRB
DES,JCP,STK,SMART/ARCA,,,,,,|SLD|5/17/2013|3|-NRB|+NRB|+NRB
DES,BRCD,STK,SMART/ARCA,,,,,,|SLD|5/17/2013|3|-NRB|+NRB|+NRB
DES,JASO,STK,SMART/ARCA,,,,,,|BOT|5/20/2013|3|-NRB|+NRB|+NRB
DES,PXP,STK,SMART/ARCA,,,,,,|BOT|5/20/2013|3|-NRB|+NRB|+NRB
DES,CPB,STK,SMART/ARCA,,,,,,|BOT|5/20/2013|3|-NRB|+NRB|+NRB
DES,MCP,STK,SMART/ARCA,,,,,,|BOT|5/21/2013|3|+NRB|+NRB|+NRB
DES,HD,STK,SMART/ARCA,,,,,,|BOT|5/21/2013|3|+NRB|+NRB|+NRB
DES,MDT,STK,SMART/ARCA,,,,,,|BOT|5/21/2013|3|+NRB|+NRB|+NRB
DES,SKS,STK,SMART/ARCA,,,,,,|BOT|5/21/2013|3|+NRB|+NRB|+NRB
DES,HLF,STK,SMART/ARCA,,,,,,|BOT|5/21/2013|3|+NRB|+NRB|+NRB
DES,JASO,STK,SMART/ARCA,,,,,,|BOT|5/21/2013|3|+NRB|+NRB|+NRB
DES,URBN,STK,SMART/ARCA,,,,,,|SLD|5/21/2013|3|+NRB|+NRB|+NRB
DES,CCL,STK,SMART/ARCA,,,,,,|SLD|5/21/2013|3|+NRB|+NRB|+NRB
DES,TOL,STK,SMART/ARCA,,,,,,|BOT|5/22/2013|3|+NRB|+NRB|-NRB
DES,NTAP,STK,SMART/ARCA,,,,,,|BOT|5/22/2013|3|+NRB|+NRB|-NRB
DES,ZLC,STK,SMART/ARCA,,,,,,|BOT|5/22/2013|3|+NRB|+NRB|-NRB
DES,SKS,STK,SMART/ARCA,,,,,,|BOT|5/22/2013|3|+NRB|+NRB|-NRB
DES,TGT,STK,SMART/ARCA,,,,,,|SLD|5/22/2013|3|+NRB|+NRB|-NRB
DES,SPLS,STK,SMART/ARCA,,,,,,|SLD|5/22/2013|3|+NRB|+NRB|-NRB
DES,HPQ,STK,SMART/ARCA,,,,,,|BOT|5/23/2013|3|-WRB|+NRB|+NRB
DES,PETM,STK,SMART/ARCA,,,,,,|BOT|5/23/2013|3|-WRB|+NRB|+NRB
DES,RL,STK,SMART/ARCA,,,,,,|SLD|5/23/2013|3|-WRB|+NRB|+NRB
DES,SMTC,STK,SMART/ARCA,,,,,,|SLD|5/23/2013|3|-WRB|+NRB|+NRB
DES,MRVL,STK,SMART/ARCA,,,,,,|BOT|5/24/2013|3|-NRB|+NRB|+NRB
DES,WEN,STK,SMART/ARCA,,,,,,|BOT|5/24/2013|3|-NRB|+NRB|+NRB
DES,PG,STK,SMART/ARCA,,,,,,|BOT|5/24/2013|3|-NRB|+NRB|+NRB
DES,P,STK,SMART/ARCA,,,,,,|BOT|5/24/2013|3|-NRB|+NRB|+NRB
DES,CRM,STK,SMART/ARCA,,,,,,|SLD|5/24/2013|3|-NRB|+NRB|+NRB
DES,ARO,STK,SMART/ARCA,,,,,,|SLD|5/24/2013|3|-NRB|+NRB|+NRB
DES,ANF,STK,SMART/ARCA,,,,,,|SLD|5/24/2013|3|-NRB|+NRB|+NRB
DES,FL,STK,SMART/ARCA,,,,,,|SLD|5/24/2013|3|-NRB|+NRB|+NRB
DES,SHLD,STK,SMART/ARCA,,,,,,|SLD|5/24/2013|3|-NRB|+NRB|+NRB
DES,ZUMZ,STK,SMART/ARCA,,,,,,|SLD|5/24/2013|3|-NRB|+NRB|+NRB
DES,TIF,STK,SMART/ARCA,,,,,,|BOT|5/28/2013|3|+NRB|+NRB|-NRB
DES,SDRL,STK,SMART/ARCA,,,,,,|BOT|5/28/2013|3|+NRB|+NRB|-NRB
DES,CSIQ,STK,SMART/ARCA,,,,,,|BOT|5/28/2013|3|+NRB|+NRB|-NRB
DES,VRX,STK,SMART/ARCA,,,,,,|BOT|5/28/2013|3|+NRB|+NRB|-NRB
DES,KORS,STK,SMART/ARCA,,,,,,|BOT|5/29/2013|3|-NRB|+NRB|-NRB
DES,TSN,STK,SMART/ARCA,,,,,,|BOT|5/29/2013|3|-NRB|+NRB|-NRB
DES,TFM,STK,SMART/ARCA,,,,,,|BOT|5/29/2013|3|-NRB|+NRB|-NRB
DES,CHS,STK,SMART/ARCA,,,,,,|SLD|5/29/2013|3|-NRB|+NRB|-NRB
DES,TSL,STK,SMART/ARCA,,,,,,|SLD|5/29/2013|3|-NRB|+NRB|-NRB
DES,EXPR,STK,SMART/ARCA,,,,,,|BOT|5/30/2013|3|+NRB|+NRB|+NRB
DES,AVGO,STK,SMART/ARCA,,,,,,|BOT|5/30/2013|3|+NRB|+NRB|+NRB
DES,FB,STK,SMART/ARCA,,,,,,|BOT|5/30/2013|3|+NRB|+NRB|+NRB
DES,EMC,STK,SMART/ARCA,,,,,,|BOT|5/30/2013|3|+NRB|+NRB|+NRB
DES,BIG,STK,SMART/ARCA,,,,,,|SLD|5/30/2013|3|+NRB|+NRB|+NRB
DES,GES,STK,SMART/ARCA,,,,,,|BOT|5/31/2013|3|-NRB|+NRB|+NRB
DES,KKD,STK,SMART/ARCA,,,,,,|BOT|5/31/2013|3|-NRB|+NRB|+NRB
DES,LGF,STK,SMART/ARCA,,,,,,|BOT|5/31/2013|3|-NRB|+NRB|+NRB
DES,OVTI,STK,SMART/ARCA,,,,,,|BOT|5/31/2013|3|-NRB|+NRB|+NRB
DES,PANW,STK,SMART/ARCA,,,,,,|SLD|5/31/2013|3|-NRB|+NRB|+NRB
DES,SNTA,STK,SMART/ARCA,,,,,,|SLD|6/3/2013|3|+NRB|+NRB|+NRB
DES,INFI,STK,SMART/ARCA,,,,,,|SLD|6/3/2013|3|+NRB|+NRB|+NRB
DES,MCHP,STK,SMART/ARCA,,,,,,|BOT|6/4/2013|3|+NRB|+NRB|-NRB
DES,DG,STK,SMART/ARCA,,,,,,|SLD|6/4/2013|3|+NRB|+NRB|-NRB
DES,SAI,STK,SMART/ARCA,,,,,,|SLD|6/4/2013|3|+NRB|+NRB|-NRB
DES,CRM,STK,SMART/ARCA,,,,,,|SLD|6/4/2013|3|+NRB|+NRB|-NRB
DES,AMBA,STK,SMART/ARCA,,,,,,|BOT|6/5/2013|3|-NRB|-NRB|-WRB
DES,CIEN,STK,SMART/ARCA,,,,,,|BOT|6/6/2013|3|-NRB|+NRB|+WRB
DES,CONN,STK,SMART/ARCA,,,,,,|BOT|6/6/2013|3|-NRB|+NRB|+WRB
DES,ANN,STK,SMART/ARCA,,,,,,|BOT|6/6/2013|3|-NRB|+NRB|+WRB
DES,INFN,STK,SMART/ARCA,,,,,,|BOT|6/6/2013|3|-NRB|+NRB|+WRB
DES,PAY,STK,SMART/ARCA,,,,,,|SLD|6/6/2013|3|-NRB|+NRB|+WRB
DES,ASNA,STK,SMART/ARCA,,,,,,|SLD|6/6/2013|3|-NRB|+NRB|+WRB
DES,FRAN,STK,SMART/ARCA,,,,,,|SLD|6/6/2013|3|-NRB|+NRB|+WRB
DES,ELN,STK,SMART/ARCA,,,,,,|BOT|6/7/2013|3|+NRB|+NRB|+WRB
DES,EQIX,STK,SMART/ARCA,,,,,,|SLD|6/7/2013|3|+NRB|+NRB|+WRB
DES,TIVO,STK,SMART/ARCA,,,,,,|SLD|6/7/2013|3|+NRB|+NRB|+WRB
DES,LAMR,STK,SMART/ARCA,,,,,,|SLD|6/7/2013|3|+NRB|+NRB|+WRB
DES,ZQK,STK,SMART/ARCA,,,,,,|SLD|6/7/2013|3|+NRB|+NRB|+WRB
DES,IRM,STK,SMART/ARCA,,,,,,|SLD|6/7/2013|3|+NRB|+NRB|+WRB
DES,FB,STK,SMART/ARCA,,,,,,|BOT|6/10/2013|3|+NRB|+NRB|-NRB
DES,CTRX,STK,SMART/ARCA,,,,,,|BOT|6/11/2013|3|-NRB|+NRB|-NRB
DES,QCOR,STK,SMART/ARCA,,,,,,|BOT|6/11/2013|3|-NRB|+NRB|-NRB
DES,DOLE,STK,SMART/ARCA,,,,,,|BOT|6/11/2013|3|-NRB|+NRB|-NRB
DES,LULU,STK,SMART/ARCA,,,,,,|SLD|6/11/2013|3|-NRB|+NRB|-NRB
DES,ULTA,STK,SMART/ARCA,,,,,,|BOT|6/12/2013|3|+WRB|+NRB|-WRB
DES,SE,STK,SMART/ARCA,,,,,,|BOT|6/12/2013|3|+WRB|+NRB|-WRB
DES,RMBS,STK,SMART/ARCA,,,,,,|BOT|6/12/2013|3|+WRB|+NRB|-WRB
DES,HMA,STK,SMART/ARCA,,,,,,|BOT|6/12/2013|3|+WRB|+NRB|-WRB
DES,FSLR,STK,SMART/ARCA,,,,,,|SLD|6/12/2013|3|+WRB|+NRB|-WRB
DES,GCI,STK,SMART/ARCA,,,,,,|BOT|6/13/2013|3|-NRB|+NRB|+WRB
DES,PVH,STK,SMART/ARCA,,,,,,|BOT|6/13/2013|3|-NRB|+NRB|+WRB
DES,SPRD,STK,SMART/ARCA,,,,,,|BOT|6/13/2013|3|-NRB|+NRB|+WRB
DES,DD,STK,SMART/ARCA,,,,,,|SLD|6/13/2013|3|-NRB|+NRB|+WRB
DES,GRPN,STK,SMART/ARCA,,,,,,|BOT|6/14/2013|3|-NRB|-NRB|-NRB
DES,CLF,STK,SMART/ARCA,,,,,,|BOT|6/14/2013|3|-NRB|-NRB|-NRB
DES,RH,STK,SMART/ARCA,,,,,,|BOT|6/14/2013|3|-NRB|-NRB|-NRB
DES,NFLX,STK,SMART/ARCA,,,,,,|BOT|6/17/2013|3|+NRB|+NRB|-DD
DES,AMD,STK,SMART/ARCA,,,,,,|BOT|6/17/2013|3|+NRB|+NRB|-DD
DES,TEX,STK,SMART/ARCA,,,,,,|SLD|6/17/2013|3|+NRB|+NRB|-DD
DES,HRL,STK,SMART/ARCA,,,,,,|SLD|6/18/2013|3|+NRB|+NRB|+NRB
DES,ADBE,STK,SMART/ARCA,,,,,,|BOT|6/19/2013|3|-NRB|+NRB|-WRB
DES,S,STK,SMART/ARCA,,,,,,|SLD|6/19/2013|3|-NRB|+NRB|-WRB
DES,VNDA,STK,SMART/ARCA,,,,,,|SLD|6/19/2013|3|-NRB|+NRB|-WRB
DES,RHT,STK,SMART/ARCA,,,,,,|BOT|6/20/2013|3|-WRB|+NRB|-WRB
DES,FNSR,STK,SMART/ARCA,,,,,,|BOT|6/20/2013|3|-WRB|+NRB|-WRB
DES,GME,STK,SMART/ARCA,,,,,,|BOT|6/20/2013|3|-WRB|+NRB|-WRB
DES,JBL,STK,SMART/ARCA,,,,,,|SLD|6/20/2013|3|-WRB|+NRB|-WRB
DES,SCS,STK,SMART/ARCA,,,,,,|SLD|6/20/2013|3|-WRB|+NRB|-WRB
DES,MU,STK,SMART/ARCA,,,,,,|SLD|6/20/2013|3|-WRB|+NRB|-WRB
DES,NEM,STK,SMART/ARCA,,,,,,|SLD|6/20/2013|3|-WRB|+NRB|-WRB
DES,KMX,STK,SMART/ARCA,,,,,,|BOT|6/21/2013|3|+NRB|+NRB|+NRB
DES,SPRD,STK,SMART/ARCA,,,,,,|BOT|6/21/2013|3|+NRB|+NRB|+NRB
DES,ORCL,STK,SMART/ARCA,,,,,,|SLD|6/21/2013|3|+NRB|+NRB|+NRB
DES,DRI,STK,SMART/ARCA,,,,,,|SLD|6/21/2013|3|+NRB|+NRB|+NRB
DES,ISIS,STK,SMART/ARCA,,,,,,|BOT|6/24/2013|3|-WRB|+NRB|-DD
DES,CCL,STK,SMART/ARCA,,,,,,|BOT|6/25/2013|3|+NRB|+NRB|+NRBBT
DES,LEN,STK,SMART/ARCA,,,,,,|BOT|6/25/2013|3|+NRB|+NRB|+NRBBT
DES,WAG,STK,SMART/ARCA,,,,,,|SLD|6/25/2013|3|+NRB|+NRB|+NRBBT
DES,BKS,STK,SMART/ARCA,,,,,,|SLD|6/25/2013|3|+NRB|+NRB|+NRBBT
DES,SYNA,STK,SMART/ARCA,,,,,,|BOT|6/26/2013|3|+NRB|+NRB|+NRB
DES,APOL,STK,SMART/ARCA,,,,,,|SLD|6/26/2013|3|+NRB|+NRB|+NRB
DES,PAYX,STK,SMART/ARCA,,,,,,|SLD|6/27/2013|3|+NRB|+NRB|-NRB
DES,DNDN,STK,SMART/ARCA,,,,,,|BOT|6/28/2013|3|-NRB|-NRB|-NRB
DES,MCP,STK,SMART/ARCA,,,,,,|BOT|6/28/2013|3|-NRB|-NRB|-NRB
DES,ACI,STK,SMART/ARCA,,,,,,|BOT|6/28/2013|3|-NRB|-NRB|-NRB
DES,ACN,STK,SMART/ARCA,,,,,,|SLD|6/28/2013|3|-NRB|-NRB|-NRB
DES,BBRY,STK,SMART/ARCA,,,,,,|SLD|6/28/2013|3|-NRB|-NRB|-NRB
DES,CSIQ,STK,SMART/ARCA,,,,,,|BOT|7/1/2013|3|+NRB|+NRB|+NRB
DES,ONXX,STK,SMART/ARCA,,,,,,|BOT|7/1/2013|3|+NRB|+NRB|+NRB
DES,BBRY,STK,SMART/ARCA,,,,,,|SLD|7/1/2013|3|+NRB|+NRB|+NRB
DES,ZNGA,STK,SMART/ARCA,,,,,,|BOT|7/2/2013|3|-NRB|-NRB|-NRBBT
DES,LINE,STK,SMART/ARCA,,,,,,|SLD|7/2/2013|3|-NRB|-NRB|-NRBBT
DES,DVA,STK,SMART/ARCA,,,,,,|SLD|7/2/2013|3|-NRB|-NRB|-NRBBT
DES,ACHN,STK,SMART/ARCA,,,,,,|SLD|7/2/2013|3|-NRB|-NRB|-NRBBT
DES,WAG,STK,SMART/ARCA,,,,,,|SLD|7/3/2013|3|-NRB|+NRB|+NRB
DES,AA,STK,SMART/ARCA,,,,,,|BOT|7/9/2013|3|+NRB|+NRB|+NRB
DES,FDO,STK,SMART/ARCA,,,,,,|BOT|7/10/2013|3|-NRB|+NRB|+NRB
DES,CLF,STK,SMART/ARCA,,,,,,|BOT|7/10/2013|3|-NRB|+NRB|+NRB
DES,ADTN,STK,SMART/ARCA,,,,,,|BOT|7/10/2013|3|-NRB|+NRB|+NRB
DES,MDRX,STK,SMART/ARCA,,,,,,|BOT|7/10/2013|3|-NRB|+NRB|+NRB
DES,NUS,STK,SMART/ARCA,,,,,,|BOT|7/10/2013|3|-NRB|+NRB|+NRB
DES,HPQ,STK,SMART/ARCA,,,,,,|BOT|7/10/2013|3|-NRB|+NRB|+NRB
DES,AMD,STK,SMART/ARCA,,,,,,|BOT|7/11/2013|3|+WRB|+NRB|+NRB
DES,CELG,STK,SMART/ARCA,,,,,,|BOT|7/11/2013|3|+WRB|+NRB|+NRB
DES,APOL,STK,SMART/ARCA,,,,,,|BOT|7/11/2013|3|+WRB|+NRB|+NRB
DES,YUM,STK,SMART/ARCA,,,,,,|SLD|7/11/2013|3|+WRB|+NRB|+NRB
DES,WBMD,STK,SMART/ARCA,,,,,,|BOT|7/12/2013|3|-NRB|+NRB|+NRB
DES,INFY,STK,SMART/ARCA,,,,,,|BOT|7/12/2013|3|-NRB|+NRB|+NRB
DES,UPS,STK,SMART/ARCA,,,,,,|SLD|7/12/2013|3|-NRB|+NRB|+NRB
DES,BYI,STK,SMART/ARCA,,,,,,|BOT|7/16/2013|3|+NRB|+NRB|-NRB
DES,BIDU,STK,SMART/ARCA,,,,,,|BOT|7/16/2013|3|+NRB|+NRB|-NRB
DES,SOL,STK,SMART/ARCA,,,,,,|BOT|7/16/2013|3|+NRB|+NRB|-NRB
DES,KO,STK,SMART/ARCA,,,,,,|SLD|7/16/2013|3|+NRB|+NRB|-NRB
DES,CTAS,STK,SMART/ARCA,,,,,,|SLD|7/16/2013|3|+NRB|+NRB|-NRB
DES,BK,STK,SMART/ARCA,,,,,,|BOT|7/17/2013|3|+NRB|+NRB|-NRB
DES,STJ,STK,SMART/ARCA,,,,,,|BOT|7/17/2013|3|+NRB|+NRB|-NRB
DES,PKG,STK,SMART/ARCA,,,,,,|BOT|7/17/2013|3|+NRB|+NRB|-NRB
DES,YHOO,STK,SMART/ARCA,,,,,,|BOT|7/17/2013|3|+NRB|+NRB|-NRB
DES,MAT,STK,SMART/ARCA,,,,,,|SLD|7/17/2013|3|+NRB|+NRB|-NRB
DES,AXP,STK,SMART/ARCA,,,,,,|SLD|7/17/2013|3|+NRB|+NRB|-NRB
DES,SNDK,STK,SMART/ARCA,,,,,,|BOT|7/18/2013|3|+NRB|+NRB|+NRB
DES,IBM,STK,SMART/ARCA,,,,,,|BOT|7/18/2013|3|+NRB|+NRB|+NRB
DES,SVU,STK,SMART/ARCA,,,,,,|BOT|7/18/2013|3|+NRB|+NRB|+NRB
DES,MS,STK,SMART/ARCA,,,,,,|BOT|7/18/2013|3|+NRB|+NRB|+NRB
DES,JCI,STK,SMART/ARCA,,,,,,|BOT|7/18/2013|3|+NRB|+NRB|+NRB
DES,CHKP,STK,SMART/ARCA,,,,,,|BOT|7/18/2013|3|+NRB|+NRB|+NRB
DES,NE,STK,SMART/ARCA,,,,,,|BOT|7/18/2013|3|+NRB|+NRB|+NRB
DES,XLNX,STK,SMART/ARCA,,,,,,|BOT|7/18/2013|3|+NRB|+NRB|+NRB
DES,CY,STK,SMART/ARCA,,,,,,|BOT|7/18/2013|3|+NRB|+NRB|+NRB
DES,SCSS,STK,SMART/ARCA,,,,,,|SLD|7/18/2013|3|+NRB|+NRB|+NRB
DES,SHW,STK,SMART/ARCA,,,,,,|SLD|7/18/2013|3|+NRB|+NRB|+NRB
DES,EBAY,STK,SMART/ARCA,,,,,,|SLD|7/18/2013|3|+NRB|+NRB|+NRB
DES,INTC,STK,SMART/ARCA,,,,,,|SLD|7/18/2013|3|+NRB|+NRB|+NRB
DES,PM,STK,SMART/ARCA,,,,,,|SLD|7/18/2013|3|+NRB|+NRB|+NRB
DES,CMG,STK,SMART/ARCA,,,,,,|BOT|7/19/2013|3|-NRB|+NRB|+NRB
DES,GE,STK,SMART/ARCA,,,,,,|BOT|7/19/2013|3|-NRB|+NRB|+NRB
DES,TWC,STK,SMART/ARCA,,,,,,|BOT|7/19/2013|3|-NRB|+NRB|+NRB
DES,ALGN,STK,SMART/ARCA,,,,,,|BOT|7/19/2013|3|-NRB|+NRB|+NRB
DES,SWKS,STK,SMART/ARCA,,,,,,|BOT|7/19/2013|3|-NRB|+NRB|+NRB
DES,COF,STK,SMART/ARCA,,,,,,|BOT|7/19/2013|3|-NRB|+NRB|+NRB
DES,SLB,STK,SMART/ARCA,,,,,,|BOT|7/19/2013|3|-NRB|+NRB|+NRB
DES,MSFT,STK,SMART/ARCA,,,,,,|SLD|7/19/2013|3|-NRB|+NRB|+NRB
DES,ACTG,STK,SMART/ARCA,,,,,,|SLD|7/19/2013|3|-NRB|+NRB|+NRB
DES,ISRG,STK,SMART/ARCA,,,,,,|SLD|7/19/2013|3|-NRB|+NRB|+NRB
DES,FHN,STK,SMART/ARCA,,,,,,|SLD|7/19/2013|3|-NRB|+NRB|+NRB
DES,CYH,STK,SMART/ARCA,,,,,,|SLD|7/19/2013|3|-NRB|+NRB|+NRB
DES,AMD,STK,SMART/ARCA,,,,,,|SLD|7/19/2013|3|-NRB|+NRB|+NRB
DES,GOOG,STK,SMART/ARCA,,,,,,|SLD|7/19/2013|3|-NRB|+NRB|+NRB
DES,ATHN,STK,SMART/ARCA,,,,,,|SLD|7/19/2013|3|-NRB|+NRB|+NRB
DES,MCD,STK,SMART/ARCA,,,,,,|SLD|7/22/2013|3|+NRB|+NRB|+NRB
DES,GCI,STK,SMART/ARCA,,,,,,|SLD|7/22/2013|3|+NRB|+NRB|+NRB
DES,HAS,STK,SMART/ARCA,,,,,,|SLD|7/22/2013|3|+NRB|+NRB|+NRB
DES,BTU,STK,SMART/ARCA,,,,,,|BOT|7/23/2013|3|+NRB|+NRB|-NRB
DES,IRWD,STK,SMART/ARCA,,,,,,|BOT|7/23/2013|3|+NRB|+NRB|-NRB
DES,TXN,STK,SMART/ARCA,,,,,,|BOT|7/23/2013|3|+NRB|+NRB|-NRB
DES,BEAV,STK,SMART/ARCA,,,,,,|BOT|7/23/2013|3|+NRB|+NRB|-NRB
DES,DD,STK,SMART/ARCA,,,,,,|BOT|7/23/2013|3|+NRB|+NRB|-NRB
DES,MTG,STK,SMART/ARCA,,,,,,|BOT|7/23/2013|3|+NRB|+NRB|-NRB
DES,WEN,STK,SMART/ARCA,,,,,,|BOT|7/23/2013|3|+NRB|+NRB|-NRB
DES,PCAR,STK,SMART/ARCA,,,,,,|BOT|7/23/2013|3|+NRB|+NRB|-NRB
DES,LMT,STK,SMART/ARCA,,,,,,|BOT|7/23/2013|3|+NRB|+NRB|-NRB
DES,NFLX,STK,SMART/ARCA,,,,,,|SLD|7/23/2013|3|+NRB|+NRB|-NRB
DES,PENN,STK,SMART/ARCA,,,,,,|SLD|7/23/2013|3|+NRB|+NRB|-NRB
DES,EA,STK,SMART/ARCA,,,,,,|BOT|7/24/2013|3|+NRB|+NRB|-NRB
DES,LLY,STK,SMART/ARCA,,,,,,|BOT|7/24/2013|3|+NRB|+NRB|-NRB
DES,AAPL,STK,SMART/ARCA,,,,,,|BOT|7/24/2013|3|+NRB|+NRB|-NRB
DES,ILMN,STK,SMART/ARCA,,,,,,|BOT|7/24/2013|3|+NRB|+NRB|-NRB
DES,F,STK,SMART/ARCA,,,,,,|BOT|7/24/2013|3|+NRB|+NRB|-NRB
DES,VMW,STK,SMART/ARCA,,,,,,|BOT|7/24/2013|3|+NRB|+NRB|-NRB
DES,AOS,STK,SMART/ARCA,,,,,,|BOT|7/24/2013|3|+NRB|+NRB|-NRB
DES,EMC,STK,SMART/ARCA,,,,,,|BOT|7/24/2013|3|+NRB|+NRB|-NRB
DES,ATI,STK,SMART/ARCA,,,,,,|SLD|7/24/2013|3|+NRB|+NRB|-NRB
DES,STX,STK,SMART/ARCA,,,,,,|SLD|7/24/2013|3|+NRB|+NRB|-NRB
DES,NSC,STK,SMART/ARCA,,,,,,|SLD|7/24/2013|3|+NRB|+NRB|-NRB
DES,PLCM,STK,SMART/ARCA,,,,,,|SLD|7/24/2013|3|+NRB|+NRB|-NRB
DES,BRCM,STK,SMART/ARCA,,,,,,|SLD|7/24/2013|3|+NRB|+NRB|-NRB
DES,TROW,STK,SMART/ARCA,,,,,,|SLD|7/24/2013|3|+NRB|+NRB|-NRB
DES,HTS,STK,SMART/ARCA,,,,,,|SLD|7/24/2013|3|+NRB|+NRB|-NRB
DES,MSI,STK,SMART/ARCA,,,,,,|SLD|7/24/2013|3|+NRB|+NRB|-NRB
DES,QCOM,STK,SMART/ARCA,,,,,,|BOT|7/25/2013|3|-NRB|+NRB|-NRB
DES,COG,STK,SMART/ARCA,,,,,,|BOT|7/25/2013|3|-NRB|+NRB|-NRB
DES,V,STK,SMART/ARCA,,,,,,|BOT|7/25/2013|3|-NRB|+NRB|-NRB
DES,CELG,STK,SMART/ARCA,,,,,,|BOT|7/25/2013|3|-NRB|+NRB|-NRB
DES,GNC,STK,SMART/ARCA,,,,,,|BOT|7/25/2013|3|-NRB|+NRB|-NRB
DES,FFIV,STK,SMART/ARCA,,,,,,|BOT|7/25/2013|3|-NRB|+NRB|-NRB
DES,CTXS,STK,SMART/ARCA,,,,,,|BOT|7/25/2013|3|-NRB|+NRB|-NRB
DES,ETFC,STK,SMART/ARCA,,,,,,|BOT|7/25/2013|3|-NRB|+NRB|-NRB
DES,TRIP,STK,SMART/ARCA,,,,,,|BOT|7/25/2013|3|-NRB|+NRB|-NRB
DES,HOG,STK,SMART/ARCA,,,,,,|BOT|7/25/2013|3|-NRB|+NRB|-NRB
DES,BIIB,STK,SMART/ARCA,,,,,,|BOT|7/25/2013|3|-NRB|+NRB|-NRB
DES,BIDU,STK,SMART/ARCA,,,,,,|BOT|7/25/2013|3|-NRB|+NRB|-NRB
DES,FB,STK,SMART/ARCA,,,,,,|BOT|7/25/2013|3|-NRB|+NRB|-NRB
DES,PHM,STK,SMART/ARCA,,,,,,|SLD|7/25/2013|3|-NRB|+NRB|-NRB
DES,WDC,STK,SMART/ARCA,,,,,,|SLD|7/25/2013|3|-NRB|+NRB|-NRB
DES,CAKE,STK,SMART/ARCA,,,,,,|SLD|7/25/2013|3|-NRB|+NRB|-NRB
DES,POT,STK,SMART/ARCA,,,,,,|SLD|7/25/2013|3|-NRB|+NRB|-NRB
DES,TER,STK,SMART/ARCA,,,,,,|SLD|7/25/2013|3|-NRB|+NRB|-NRB
DES,DHI,STK,SMART/ARCA,,,,,,|SLD|7/25/2013|3|-NRB|+NRB|-NRB
DES,CROX,STK,SMART/ARCA,,,,,,|SLD|7/25/2013|3|-NRB|+NRB|-NRB
DES,CLF,STK,SMART/ARCA,,,,,,|BOT|7/26/2013|3|-NRB|+NRB|-NRB
DES,HAL,STK,SMART/ARCA,,,,,,|BOT|7/26/2013|3|-NRB|+NRB|-NRB
DES,SBUX,STK,SMART/ARCA,,,,,,|BOT|7/26/2013|3|-NRB|+NRB|-NRB
DES,ATVI,STK,SMART/ARCA,,,,,,|BOT|7/26/2013|3|-NRB|+NRB|-NRB
DES,FLEX,STK,SMART/ARCA,,,,,,|BOT|7/26/2013|3|-NRB|+NRB|-NRB
DES,GILD,STK,SMART/ARCA,,,,,,|BOT|7/26/2013|3|-NRB|+NRB|-NRB
DES,TPX,STK,SMART/ARCA,,,,,,|SLD|7/26/2013|3|-NRB|+NRB|-NRB
DES,KLAC,STK,SMART/ARCA,,,,,,|SLD|7/26/2013|3|-NRB|+NRB|-NRB
DES,EXPE,STK,SMART/ARCA,,,,,,|SLD|7/26/2013|3|-NRB|+NRB|-NRB
DES,MXIM,STK,SMART/ARCA,,,,,,|SLD|7/26/2013|3|-NRB|+NRB|-NRB
DES,QLIK,STK,SMART/ARCA,,,,,,|SLD|7/26/2013|3|-NRB|+NRB|-NRB
DES,CRUS,STK,SMART/ARCA,,,,,,|SLD|7/26/2013|3|-NRB|+NRB|-NRB
DES,DECK,STK,SMART/ARCA,,,,,,|SLD|7/26/2013|3|-NRB|+NRB|-NRB
DES,ZNGA,STK,SMART/ARCA,,,,,,|SLD|7/26/2013|3|-NRB|+NRB|-NRB
DES,L,STK,SMART/ARCA,,,,,,|BOT|7/29/2013|3|-NRB|+NRB|-NRB
DES,OMC,STK,SMART/ARCA,,,,,,|BOT|7/29/2013|3|-NRB|+NRB|-NRB
DES,SOHU,STK,SMART/ARCA,,,,,,|SLD|7/29/2013|3|-NRB|+NRB|-NRB
DES,HTZ,STK,SMART/ARCA,,,,,,|SLD|7/29/2013|3|-NRB|+NRB|-NRB
DES,AGNC,STK,SMART/ARCA,,,,,,|BOT|7/30/2013|3|+NRB|+NRB|-NRB
DES,EMN,STK,SMART/ARCA,,,,,,|BOT|7/30/2013|3|+NRB|+NRB|-NRB
DES,GT,STK,SMART/ARCA,,,,,,|BOT|7/30/2013|3|+NRB|+NRB|-NRB
DES,ARRY,STK,SMART/ARCA,,,,,,|BOT|7/30/2013|3|+NRB|+NRB|-NRB
DES,HLF,STK,SMART/ARCA,,,,,,|BOT|7/30/2013|3|+NRB|+NRB|-NRB
DES,CYH,STK,SMART/ARCA,,,,,,|BOT|7/30/2013|3|+NRB|+NRB|-NRB
DES,ESRX,STK,SMART/ARCA,,,,,,|SLD|7/30/2013|3|+NRB|+NRB|-NRB
DES,HMA,STK,SMART/ARCA,,,,,,|SLD|7/30/2013|3|+NRB|+NRB|-NRB
DES,COH,STK,SMART/ARCA,,,,,,|SLD|7/30/2013|3|+NRB|+NRB|-NRB
DES,PMCS,STK,SMART/ARCA,,,,,,|SLD|7/30/2013|3|+NRB|+NRB|-NRB
DES,MOS,STK,SMART/ARCA,,,,,,|SLD|7/30/2013|3|+NRB|+NRB|-NRB
DES,POT,STK,SMART/ARCA,,,,,,|SLD|7/30/2013|3|+NRB|+NRB|-NRB
DES,CMCSA,STK,SMART/ARCA,,,,,,|BOT|7/31/2013|3|+NRB|+NRB|+NRB
DES,MAKO,STK,SMART/ARCA,,,,,,|BOT|7/31/2013|3|+NRB|+NRB|+NRB
DES,SYMC,STK,SMART/ARCA,,,,,,|BOT|7/31/2013|3|+NRB|+NRB|+NRB
DES,GRMN,STK,SMART/ARCA,,,,,,|BOT|7/31/2013|3|+NRB|+NRB|+NRB
DES,SODA,STK,SMART/ARCA,,,,,,|BOT|7/31/2013|3|+NRB|+NRB|+NRB
DES,HUM,STK,SMART/ARCA,,,,,,|BOT|7/31/2013|3|+NRB|+NRB|+NRB
DES,TTWO,STK,SMART/ARCA,,,,,,|BOT|7/31/2013|3|+NRB|+NRB|+NRB
DES,QCOR,STK,SMART/ARCA,,,,,,|BOT|7/31/2013|3|+NRB|+NRB|+NRB
DES,ISIL,STK,SMART/ARCA,,,,,,|BOT|7/31/2013|3|+NRB|+NRB|+NRB
DES,GNW,STK,SMART/ARCA,,,,,,|SLD|7/31/2013|3|+NRB|+NRB|+NRB
DES,DLPH,STK,SMART/ARCA,,,,,,|SLD|7/31/2013|3|+NRB|+NRB|+NRB
DES,RVBD,STK,SMART/ARCA,,,,,,|SLD|7/31/2013|3|+NRB|+NRB|+NRB
DES,TRMB,STK,SMART/ARCA,,,,,,|SLD|7/31/2013|3|+NRB|+NRB|+NRB
DES,CBS,STK,SMART/ARCA,,,,,,|BOT|8/1/2013|3|+NRB|+NRB|+NRB
DES,LNC,STK,SMART/ARCA,,,,,,|BOT|8/1/2013|3|+NRB|+NRB|+NRB
DES,MCHP,STK,SMART/ARCA,,,,,,|BOT|8/1/2013|3|+NRB|+NRB|+NRB
DES,CTRX,STK,SMART/ARCA,,,,,,|BOT|8/1/2013|3|+NRB|+NRB|+NRB
DES,DWA,STK,SMART/ARCA,,,,,,|BOT|8/1/2013|3|+NRB|+NRB|+NRB
DES,SNDK,STK,SMART/ARCA,,,,,,|BOT|8/1/2013|3|+NRB|+NRB|+NRB
DES,NUS,STK,SMART/ARCA,,,,,,|BOT|8/1/2013|3|+NRB|+NRB|+NRB
DES,YELP,STK,SMART/ARCA,,,,,,|BOT|8/1/2013|3|+NRB|+NRB|+NRB
DES,CTRP,STK,SMART/ARCA,,,,,,|BOT|8/1/2013|3|+NRB|+NRB|+NRB
DES,SLCA,STK,SMART/ARCA,,,,,,|SLD|8/1/2013|3|+NRB|+NRB|+NRB
DES,DTV,STK,SMART/ARCA,,,,,,|SLD|8/1/2013|3|+NRB|+NRB|+NRB
DES,ADP,STK,SMART/ARCA,,,,,,|SLD|8/1/2013|3|+NRB|+NRB|+NRB
DES,NIHD,STK,SMART/ARCA,,,,,,|SLD|8/1/2013|3|+NRB|+NRB|+NRB
DES,YY,STK,SMART/ARCA,,,,,,|BOT|8/2/2013|3|-NRB|+NRB|+NRB
DES,EAT,STK,SMART/ARCA,,,,,,|BOT|8/2/2013|3|-NRB|+NRB|+NRB
DES,AIG,STK,SMART/ARCA,,,,,,|BOT|8/2/2013|3|-NRB|+NRB|+NRB
DES,XLS,STK,SMART/ARCA,,,,,,|BOT|8/2/2013|3|-NRB|+NRB|+NRB
DES,VIAB,STK,SMART/ARCA,,,,,,|BOT|8/2/2013|3|-NRB|+NRB|+NRB
DES,MHK,STK,SMART/ARCA,,,,,,|BOT|8/2/2013|3|-NRB|+NRB|+NRB
DES,LNKD,STK,SMART/ARCA,,,,,,|BOT|8/2/2013|3|-NRB|+NRB|+NRB
DES,ETN,STK,SMART/ARCA,,,,,,|SLD|8/2/2013|3|-NRB|+NRB|+NRB
DES,MRC,STK,SMART/ARCA,,,,,,|SLD|8/2/2013|3|-NRB|+NRB|+NRB
DES,CVX,STK,SMART/ARCA,,,,,,|SLD|8/2/2013|3|-NRB|+NRB|+NRB
DES,ANR,STK,SMART/ARCA,,,,,,|SLD|8/2/2013|3|-NRB|+NRB|+NRB
DES,VCLK,STK,SMART/ARCA,,,,,,|SLD|8/2/2013|3|-NRB|+NRB|+NRB
DES,ONNN,STK,SMART/ARCA,,,,,,|SLD|8/2/2013|3|-NRB|+NRB|+NRB
DES,ATVI,STK,SMART/ARCA,,,,,,|SLD|8/2/2013|3|-NRB|+NRB|+NRB
DES,TSN,STK,SMART/ARCA,,,,,,|BOT|8/5/2013|3|-NRB|+NRB|+NRB
DES,FOSL,STK,SMART/ARCA,,,,,,|BOT|8/6/2013|3|-NRB|+NRB|-NRB
DES,MGM,STK,SMART/ARCA,,,,,,|BOT|8/6/2013|3|-NRB|+NRB|-NRB
DES,KORS,STK,SMART/ARCA,,,,,,|BOT|8/6/2013|3|-NRB|+NRB|-NRB
DES,LPX,STK,SMART/ARCA,,,,,,|BOT|8/6/2013|3|-NRB|+NRB|-NRB
DES,GTAT,STK,SMART/ARCA,,,,,,|BOT|8/6/2013|3|-NRB|+NRB|-NRB
DES,ENDP,STK,SMART/ARCA,,,,,,|BOT|8/6/2013|3|-NRB|+NRB|-NRB
DES,NSM,STK,SMART/ARCA,,,,,,|BOT|8/6/2013|3|-NRB|+NRB|-NRB
DES,CTSH,STK,SMART/ARCA,,,,,,|BOT|8/6/2013|3|-NRB|+NRB|-NRB
DES,DNR,STK,SMART/ARCA,,,,,,|BOT|8/6/2013|3|-NRB|+NRB|-NRB
DES,PAA,STK,SMART/ARCA,,,,,,|SLD|8/6/2013|3|-NRB|+NRB|-NRB
DES,AEO,STK,SMART/ARCA,,,,,,|SLD|8/6/2013|3|-NRB|+NRB|-NRB
DES,MDR,STK,SMART/ARCA,,,,,,|SLD|8/6/2013|3|-NRB|+NRB|-NRB
DES,REGN,STK,SMART/ARCA,,,,,,|SLD|8/6/2013|3|-NRB|+NRB|-NRB
DES,HOLX,STK,SMART/ARCA,,,,,,|SLD|8/6/2013|3|-NRB|+NRB|-NRB
DES,DBD,STK,SMART/ARCA,,,,,,|SLD|8/6/2013|3|-NRB|+NRB|-NRB
DES,RHP,STK,SMART/ARCA,,,,,,|SLD|8/6/2013|3|-NRB|+NRB|-NRB
DES,DISH,STK,SMART/ARCA,,,,,,|SLD|8/6/2013|3|-NRB|+NRB|-NRB
DES,LYV,STK,SMART/ARCA,,,,,,|BOT|8/7/2013|3|-NRB|+NRB|+NRB
DES,SNTS,STK,SMART/ARCA,,,,,,|BOT|8/7/2013|3|-NRB|+NRB|+NRB
DES,WCG,STK,SMART/ARCA,,,,,,|BOT|8/7/2013|3|-NRB|+NRB|+NRB
DES,TWX,STK,SMART/ARCA,,,,,,|BOT|8/7/2013|3|-NRB|+NRB|+NRB
DES,EOG,STK,SMART/ARCA,,,,,,|BOT|8/7/2013|3|-NRB|+NRB|+NRB
DES,NUAN,STK,SMART/ARCA,,,,,,|SLD|8/7/2013|3|-NRB|+NRB|+NRB
DES,FSLR,STK,SMART/ARCA,,,,,,|SLD|8/7/2013|3|-NRB|+NRB|+NRB
DES,CAR,STK,SMART/ARCA,,,,,,|SLD|8/7/2013|3|-NRB|+NRB|+NRB
DES,RL,STK,SMART/ARCA,,,,,,|SLD|8/7/2013|3|-NRB|+NRB|+NRB
DES,YRCW,STK,SMART/ARCA,,,,,,|SLD|8/7/2013|3|-NRB|+NRB|+NRB
DES,CHRW,STK,SMART/ARCA,,,,,,|SLD|8/7/2013|3|-NRB|+NRB|+NRB
DES,Z,STK,SMART/ARCA,,,,,,|SLD|8/7/2013|3|-NRB|+NRB|+NRB
DES,BID,STK,SMART/ARCA,,,,,,|SLD|8/7/2013|3|-NRB|+NRB|+NRB
DES,TSLA,STK,SMART/ARCA,,,,,,|BOT|8/8/2013|3|+NRB|+NRB|+NRB
DES,GRPN,STK,SMART/ARCA,,,,,,|BOT|8/8/2013|3|+NRB|+NRB|+NRB
DES,OWW,STK,SMART/ARCA,,,,,,|BOT|8/8/2013|3|+NRB|+NRB|+NRB
DES,FWLT,STK,SMART/ARCA,,,,,,|BOT|8/8/2013|3|+NRB|+NRB|+NRB
DES,TMUS,STK,SMART/ARCA,,,,,,|BOT|8/8/2013|3|+NRB|+NRB|+NRB
DES,GMCR,STK,SMART/ARCA,,,,,,|SLD|8/8/2013|3|+NRB|+NRB|+NRB
DES,FIO,STK,SMART/ARCA,,,,,,|SLD|8/8/2013|3|+NRB|+NRB|+NRB
DES,GPK,STK,SMART/ARCA,,,,,,|SLD|8/8/2013|3|+NRB|+NRB|+NRB
DES,CSIQ,STK,SMART/ARCA,,,,,,|SLD|8/8/2013|3|+NRB|+NRB|+NRB
DES,WIN,STK,SMART/ARCA,,,,,,|SLD|8/8/2013|3|+NRB|+NRB|+NRB
DES,DF,STK,SMART/ARCA,,,,,,|SLD|8/8/2013|3|+NRB|+NRB|+NRB
DES,RAX,STK,SMART/ARCA,,,,,,|BOT|8/9/2013|3|-NRB|+NRB|+NRB
DES,PCLN,STK,SMART/ARCA,,,,,,|BOT|8/9/2013|3|-NRB|+NRB|+NRB
DES,BBRY,STK,SMART/ARCA,,,,,,|BOT|8/9/2013|3|-NRB|+NRB|+NRB
DES,NPSP,STK,SMART/ARCA,,,,,,|BOT|8/9/2013|3|-NRB|+NRB|+NRB
DES,LGF,STK,SMART/ARCA,,,,,,|BOT|8/9/2013|3|-NRB|+NRB|+NRB
DES,MDRX,STK,SMART/ARCA,,,,,,|SLD|8/9/2013|3|-NRB|+NRB|+NRB
DES,NVDA,STK,SMART/ARCA,,,,,,|SLD|8/9/2013|3|-NRB|+NRB|+NRB
DES,YOKU,STK,SMART/ARCA,,,,,,|SLD|8/9/2013|3|-NRB|+NRB|+NRB
DES,LINE,STK,SMART/ARCA,,,,,,|SLD|8/9/2013|3|-NRB|+NRB|+NRB
DES,MCP,STK,SMART/ARCA,,,,,,|SLD|8/9/2013|3|-NRB|+NRB|+NRB
DES,DNDN,STK,SMART/ARCA,,,,,,|SLD|8/9/2013|3|-NRB|+NRB|+NRB
DES,BBRY,STK,SMART/ARCA,,,,,,|BOT|8/12/2013|3|-NRB|+NRB|+NRB
DES,SYY,STK,SMART/ARCA,,,,,,|SLD|8/12/2013|3|-NRB|+NRB|+NRB
DES,FLO,STK,SMART/ARCA,,,,,,|BOT|8/13/2013|3|+NRB|+NRB|+NRB
DES,NQ,STK,SMART/ARCA,,,,,,|BOT|8/13/2013|3|+NRB|+NRB|+NRB
DES,LLY,STK,SMART/ARCA,,,,,,|BOT|8/13/2013|3|+NRB|+NRB|+NRB
DES,SINA,STK,SMART/ARCA,,,,,,|BOT|8/13/2013|3|+NRB|+NRB|+NRB
DES,YUM,STK,SMART/ARCA,,,,,,|SLD|8/13/2013|3|+NRB|+NRB|+NRB
DES,OWW,STK,SMART/ARCA,,,,,,|SLD|8/13/2013|3|+NRB|+NRB|+NRB
DES,MNKD,STK,SMART/ARCA,,,,,,|BOT|8/14/2013|3|-NRB|+NRB|-NRB
DES,JKS,STK,SMART/ARCA,,,,,,|BOT|8/14/2013|3|-NRB|+NRB|-NRB
DES,BRCD,STK,SMART/ARCA,,,,,,|BOT|8/14/2013|3|-NRB|+NRB|-NRB
DES,M,STK,SMART/ARCA,,,,,,|SLD|8/14/2013|3|-NRB|+NRB|-NRB
DES,MYGN,STK,SMART/ARCA,,,,,,|SLD|8/14/2013|3|-NRB|+NRB|-NRB
DES,CREE,STK,SMART/ARCA,,,,,,|SLD|8/14/2013|3|-NRB|+NRB|-NRB
DES,MM,STK,SMART/ARCA,,,,,,|SLD|8/14/2013|3|-NRB|+NRB|-NRB
DES,A,STK,SMART/ARCA,,,,,,|BOT|8/15/2013|3|-NRB|+NRB|-NRB
DES,KSS,STK,SMART/ARCA,,,,,,|BOT|8/15/2013|3|-NRB|+NRB|-NRB
DES,EL,STK,SMART/ARCA,,,,,,|BOT|8/15/2013|3|-NRB|+NRB|-NRB
DES,DANG,STK,SMART/ARCA,,,,,,|SLD|8/15/2013|3|-NRB|+NRB|-NRB
DES,RENN,STK,SMART/ARCA,,,,,,|SLD|8/15/2013|3|-NRB|+NRB|-NRB
DES,WMT,STK,SMART/ARCA,,,,,,|SLD|8/15/2013|3|-NRB|+NRB|-NRB
DES,CSCO,STK,SMART/ARCA,,,,,,|SLD|8/15/2013|3|-NRB|+NRB|-NRB
DES,ONXX,STK,SMART/ARCA,,,,,,|SLD|8/15/2013|3|-NRB|+NRB|-NRB
DES,P,STK,SMART/ARCA,,,,,,|BOT|8/16/2013|3|-NRB|+NRB|-NRB
DES,SRPT,STK,SMART/ARCA,,,,,,|BOT|8/16/2013|3|-NRB|+NRB|-NRB
DES,JWN,STK,SMART/ARCA,,,,,,|SLD|8/16/2013|3|-NRB|+NRB|-NRB
DES,CIE,STK,SMART/ARCA,,,,,,|SLD|8/19/2013|3|-NRB|+NRB|-NRB
DES,BBY,STK,SMART/ARCA,,,,,,|BOT|8/20/2013|3|+NRB|+NRB|+NRB
DES,URBN,STK,SMART/ARCA,,,,,,|BOT|8/20/2013|3|+NRB|+NRB|+NRB
DES,TJX,STK,SMART/ARCA,,,,,,|BOT|8/20/2013|3|+NRB|+NRB|+NRB
DES,HD,STK,SMART/ARCA,,,,,,|BOT|8/20/2013|3|+NRB|+NRB|+NRB
DES,JCP,STK,SMART/ARCA,,,,,,|BOT|8/20/2013|3|+NRB|+NRB|+NRB
DES,Z,STK,SMART/ARCA,,,,,,|SLD|8/20/2013|3|+NRB|+NRB|+NRB
DES,MDT,STK,SMART/ARCA,,,,,,|SLD|8/20/2013|3|+NRB|+NRB|+NRB
DES,DKS,STK,SMART/ARCA,,,,,,|SLD|8/20/2013|3|+NRB|+NRB|+NRB
DES,BKS,STK,SMART/ARCA,,,,,,|SLD|8/20/2013|3|+NRB|+NRB|+NRB
DES,LITB,STK,SMART/ARCA,,,,,,|SLD|8/20/2013|3|+NRB|+NRB|+NRB
DES,LOW,STK,SMART/ARCA,,,,,,|BOT|8/21/2013|3|-NRB|+NRB|+NRB
DES,TGT,STK,SMART/ARCA,,,,,,|SLD|8/21/2013|3|-NRB|+NRB|+NRB
DES,AEO,STK,SMART/ARCA,,,,,,|SLD|8/21/2013|3|-NRB|+NRB|+NRB
DES,SPLS,STK,SMART/ARCA,,,,,,|SLD|8/21/2013|3|-NRB|+NRB|+NRB
DES,ADI,STK,SMART/ARCA,,,,,,|SLD|8/21/2013|3|-NRB|+NRB|+NRB
DES,GME,STK,SMART/ARCA,,,,,,|BOT|8/22/2013|3|+NRB|+NRB|+NRB
DES,HAIN,STK,SMART/ARCA,,,,,,|BOT|8/22/2013|3|+NRB|+NRB|+NRB
DES,SUNE,STK,SMART/ARCA,,,,,,|BOT|8/22/2013|3|+NRB|+NRB|+NRB
DES,SHLD,STK,SMART/ARCA,,,,,,|SLD|8/22/2013|3|+NRB|+NRB|+NRB
DES,ANF,STK,SMART/ARCA,,,,,,|SLD|8/22/2013|3|+NRB|+NRB|+NRB
DES,HPQ,STK,SMART/ARCA,,,,,,|SLD|8/22/2013|3|+NRB|+NRB|+NRB
DES,SMTC,STK,SMART/ARCA,,,,,,|SLD|8/22/2013|3|+NRB|+NRB|+NRB
DES,EXPE,STK,SMART/ARCA,,,,,,|BOT|8/23/2013|3|+NRB|+NRB|+NRB
DES,MSFT,STK,SMART/ARCA,,,,,,|BOT|8/23/2013|3|+NRB|+NRB|+NRB
DES,SFM,STK,SMART/ARCA,,,,,,|BOT|8/23/2013|3|+NRB|+NRB|+NRB
DES,RENN,STK,SMART/ARCA,,,,,,|BOT|8/23/2013|3|+NRB|+NRB|+NRB
DES,ADSK,STK,SMART/ARCA,,,,,,|BOT|8/23/2013|3|+NRB|+NRB|+NRB
DES,ANN,STK,SMART/ARCA,,,,,,|BOT|8/23/2013|3|+NRB|+NRB|+NRB
DES,P,STK,SMART/ARCA,,,,,,|SLD|8/23/2013|3|+NRB|+NRB|+NRB
DES,ARO,STK,SMART/ARCA,,,,,,|SLD|8/23/2013|3|+NRB|+NRB|+NRB
DES,DNDN,STK,SMART/ARCA,,,,,,|SLD|8/23/2013|3|+NRB|+NRB|+NRB
DES,POT,STK,SMART/ARCA,,,,,,|BOT|8/26/2013|3|+NRB|+NRB|-NRB
DES,QIHU,STK,SMART/ARCA,,,,,,|BOT|8/26/2013|3|+NRB|+NRB|-NRB
DES,AMGN,STK,SMART/ARCA,,,,,,|BOT|8/26/2013|3|+NRB|+NRB|-NRB
DES,TIF,STK,SMART/ARCA,,,,,,|BOT|8/27/2013|3|-WRB|+NRB|-NRB
DES,DSW,STK,SMART/ARCA,,,,,,|BOT|8/27/2013|3|-WRB|+NRB|-NRB
DES,EXPR,STK,SMART/ARCA,,,,,,|BOT|8/28/2013|3|+NRB|+NRB|+NRB
DES,AVGO,STK,SMART/ARCA,,,,,,|BOT|8/28/2013|3|+NRB|+NRB|+NRB
DES,JOY,STK,SMART/ARCA,,,,,,|SLD|8/28/2013|3|+NRB|+NRB|+NRB
DES,FRO,STK,SMART/ARCA,,,,,,|SLD|8/28/2013|3|+NRB|+NRB|+NRB
DES,GES,STK,SMART/ARCA,,,,,,|BOT|8/29/2013|3|-NRB|+NRB|+NRB
DES,VOD,STK,SMART/ARCA,,,,,,|BOT|8/29/2013|3|-NRB|+NRB|+NRB
DES,VZ,STK,SMART/ARCA,,,,,,|BOT|8/29/2013|3|-NRB|+NRB|+NRB
DES,SIG,STK,SMART/ARCA,,,,,,|SLD|8/29/2013|3|-NRB|+NRB|+NRB
DES,SOL,STK,SMART/ARCA,,,,,,|BOT|8/30/2013|3|+NRB|+NRB|+NRB
DES,APA,STK,SMART/ARCA,,,,,,|BOT|8/30/2013|3|+NRB|+NRB|+NRB
DES,CRM,STK,SMART/ARCA,,,,,,|BOT|8/30/2013|3|+NRB|+NRB|+NRB
DES,OVTI,STK,SMART/ARCA,,,,,,|SLD|8/30/2013|3|+NRB|+NRB|+NRB
DES,KKD,STK,SMART/ARCA,,,,,,|SLD|8/30/2013|3|+NRB|+NRB|+NRB
DES,VZ,STK,SMART/ARCA,,,,,,|SLD|9/3/2013|3|+WRB|+NRB|-NRB
DES,DG,STK,SMART/ARCA,,,,,,|BOT|9/4/2013|3|+NRB|+NRB|+NRB
DES,MU,STK,SMART/ARCA,,,,,,|BOT|9/4/2013|3|+NRB|+NRB|+NRB
DES,ETFC,STK,SMART/ARCA,,,,,,|BOT|9/4/2013|3|+NRB|+NRB|+NRB
DES,CIEN,STK,SMART/ARCA,,,,,,|BOT|9/4/2013|3|+NRB|+NRB|+NRB
DES,HRB,STK,SMART/ARCA,,,,,,|SLD|9/4/2013|3|+NRB|+NRB|+NRB
DES,FRAN,STK,SMART/ARCA,,,,,,|SLD|9/4/2013|3|+NRB|+NRB|+NRB
DES,NAV,STK,SMART/ARCA,,,,,,|SLD|9/4/2013|3|+NRB|+NRB|+NRB
DES,SAI,STK,SMART/ARCA,,,,,,|SLD|9/4/2013|3|+NRB|+NRB|+NRB
DES,COST,STK,SMART/ARCA,,,,,,|BOT|9/5/2013|3|+NRB|+NRB|+NRB
DES,GRPN,STK,SMART/ARCA,,,,,,|BOT|9/5/2013|3|+NRB|+NRB|+NRB
DES,LPX,STK,SMART/ARCA,,,,,,|BOT|9/5/2013|3|+NRB|+NRB|+NRB
DES,ZQK,STK,SMART/ARCA,,,,,,|BOT|9/6/2013|3|+NRB|+NRB|+NRB
DES,PAY,STK,SMART/ARCA,,,,,,|BOT|9/6/2013|3|+NRB|+NRB|+NRB
DES,FNSR,STK,SMART/ARCA,,,,,,|BOT|9/6/2013|3|+NRB|+NRB|+NRB
DES,AMBA,STK,SMART/ARCA,,,,,,|BOT|9/6/2013|3|+NRB|+NRB|+NRB
DES,SWHC,STK,SMART/ARCA,,,,,,|SLD|9/6/2013|3|+NRB|+NRB|+NRB
DES,ISIS,STK,SMART/ARCA,,,,,,|BOT|9/9/2013|3|+NRB|+NRB|+NRB
DES,INO,STK,SMART/ARCA,,,,,,|BOT|9/10/2013|3|+NRB|+NRB|+NRB
DES,PANW,STK,SMART/ARCA,,,,,,|BOT|9/10/2013|3|+NRB|+NRB|+NRB
DES,FIVE,STK,SMART/ARCA,,,,,,|BOT|9/10/2013|3|+NRB|+NRB|+NRB
DES,HDS,STK,SMART/ARCA,,,,,,|SLD|9/10/2013|3|+NRB|+NRB|+NRB
DES,PVH,STK,SMART/ARCA,,,,,,|SLD|9/10/2013|3|+NRB|+NRB|+NRB
DES,URBN,STK,SMART/ARCA,,,,,,|SLD|9/10/2013|3|+NRB|+NRB|+NRB
DES,CROX,STK,SMART/ARCA,,,,,,|SLD|9/10/2013|3|+NRB|+NRB|+NRB
DES,CAG,STK,SMART/ARCA,,,,,,|SLD|9/10/2013|3|+NRB|+NRB|+NRB
DES,AAPL,STK,SMART/ARCA,,,,,,|SLD|9/11/2013|3|-NRB|+NRB|+NRB
DES,MW,STK,SMART/ARCA,,,,,,|SLD|9/12/2013|3|-NRB|-NRB|-NRB
DES,ULTA,STK,SMART/ARCA,,,,,,|BOT|9/13/2013|3|+NRB|+NRB|+NRB
DES,ADBE,STK,SMART/ARCA,,,,,,|BOT|9/18/2013|3|+NRB|+NRB|+WRB
DES,FDX,STK,SMART/ARCA,,,,,,|BOT|9/18/2013|3|+NRB|+NRB|+WRB
DES,PIR,STK,SMART/ARCA,,,,,,|SLD|9/19/2013|3|+NRB|-NRB|-NRB
DES,RAD,STK,SMART/ARCA,,,,,,|BOT|9/19/2013|3|+NRB|-NRB|-NRB
DES,TIBX,STK,SMART/ARCA,,,,,,|SLD|9/20/2013|3|-NRB|-NRB|-NRB
DES,DRI,STK,SMART/ARCA,,,,,,|SLD|9/20/2013|3|-NRB|-NRB|-NRB
DES,RHT,STK,SMART/ARCA,,,,,,|SLD|9/24/2013|3|-NRB|-NRB|-NRB
DES,CCL,STK,SMART/ARCA,,,,,,|SLD|9/24/2013|3|-NRB|-NRB|-NRB
DES,CPRT,STK,SMART/ARCA,,,,,,|SLD|9/25/2013|3|-NRB|-NRB|-NRB
DES,ASNA,STK,SMART/ARCA,,,,,,|BOT|9/25/2013|3|-NRB|-NRB|-NRB
DES,BBBY,STK,SMART/ARCA,,,,,,|BOT|9/26/2013|3|+NRB|+NRB|+NRB
DES,JBL,STK,SMART/ARCA,,,,,,|SLD|9/26/2013|3|+NRB|+NRB|+NRB
DES,NKE,STK,SMART/ARCA,,,,,,|BOT|9/27/2013|3|-NRB|+NRB|+NRB
DES,FINL,STK,SMART/ARCA,,,,,,|BOT|9/27/2013|3|-NRB|+NRB|+NRB
DES,ACHN,STK,SMART/ARCA,,,,,,|SLD|9/30/2013|3|-NRB|+NRB|+NRB
DES,MRK,STK,SMART/ARCA,,,,,,|BOT|10/1/2013|3|+NRB|+NRB|+NRB
DES,WAG,STK,SMART/ARCA,,,,,,|BOT|10/1/2013|3|+NRB|+NRB|+NRB
DES,DMND,STK,SMART/ARCA,,,,,,|SLD|10/1/2013|3|+NRB|+NRB|+NRB
DES,PAYX,STK,SMART/ARCA,,,,,,|SLD|10/1/2013|3|+NRB|+NRB|+NRB
DES,GPN,STK,SMART/ARCA,,,,,,|BOT|10/2/2013|3|-NRB|+NRB|+NRB
DES,MON,STK,SMART/ARCA,,,,,,|SLD|10/2/2013|3|-NRB|+NRB|+NRB
DES,AA,STK,SMART/ARCA,,,,,,|SLD|10/2/2013|3|-NRB|+NRB|+NRB
DES,ANGI,STK,SMART/ARCA,,,,,,|SLD|10/3/2013|3|-NRB|-NRB|-NRB
DES,ADBE,STK,SMART/ARCA,,,,,,|SLD|10/4/2013|3|-NRB|+NRB|+NRB
DES,XRTX,STK,SMART/ARCA,,,,,,|SLD|10/4/2013|3|-NRB|+NRB|+NRB
DES,JCP,STK,SMART/ARCA,,,,,,|BOT|10/8/2013|3|-NRB|+NRB|-WRB
DES,TWGP,STK,SMART/ARCA,,,,,,|SLD|10/8/2013|3|-NRB|+NRB|-WRB
DES,AA,STK,SMART/ARCA,,,,,,|BOT|10/9/2013|3|+NRB|+NRB|+NRBBT
DES,MW,STK,SMART/ARCA,,,,,,|BOT|10/9/2013|3|+NRB|+NRB|+NRBBT
DES,FAST,STK,SMART/ARCA,,,,,,|SLD|10/9/2013|3|+NRB|+NRB|+NRBBT
DES,YUM,STK,SMART/ARCA,,,,,,|SLD|10/9/2013|3|+NRB|+NRB|+NRBBT
DES,FDO,STK,SMART/ARCA,,,,,,|SLD|10/9/2013|3|+NRB|+NRB|+NRBBT
DES,CTXS,STK,SMART/ARCA,,,,,,|SLD|10/10/2013|3|+WRB|+NRB|+WRB
DES,RT,STK,SMART/ARCA,,,,,,|SLD|10/10/2013|3|+WRB|+NRB|+WRB
DES,SWY,STK,SMART/ARCA,,,,,,|BOT|10/11/2013|3|-NRB|-NRB|-NRB
DES,SCTY,STK,SMART/ARCA,,,,,,|BOT|10/11/2013|3|-NRB|-NRB|-NRB
DES,INFY,STK,SMART/ARCA,,,,,,|BOT|10/11/2013|3|-NRB|-NRB|-NRB
DES,SGI,STK,SMART/ARCA,,,,,,|SLD|10/11/2013|3|-NRB|-NRB|-NRB
DES,GPS,STK,SMART/ARCA,,,,,,|SLD|10/11/2013|3|-NRB|-NRB|-NRB
DES,ATI,STK,SMART/ARCA,,,,,,|SLD|10/14/2013|3|-NRB|+NRB|+NRB
DES,SCHW,STK,SMART/ARCA,,,,,,|BOT|10/15/2013|3|-NRB|+NRB|-NRB
DES,ARNA,STK,SMART/ARCA,,,,,,|BOT|10/15/2013|3|-NRB|+NRB|-NRB
DES,TDC,STK,SMART/ARCA,,,,,,|SLD|10/15/2013|3|-NRB|+NRB|-NRB
DES,FLIR,STK,SMART/ARCA,,,,,,|SLD|10/15/2013|3|-NRB|+NRB|-NRB
DES,MCP,STK,SMART/ARCA,,,,,,|SLD|10/15/2013|3|-NRB|+NRB|-NRB
DES,MAT,STK,SMART/ARCA,,,,,,|BOT|10/16/2013|3|+NRB|+NRB|+NRB
DES,AAP,STK,SMART/ARCA,,,,,,|BOT|10/16/2013|3|+NRB|+NRB|+NRB
DES,MTG,STK,SMART/ARCA,,,,,,|BOT|10/16/2013|3|+NRB|+NRB|+NRB
DES,YHOO,STK,SMART/ARCA,,,,,,|BOT|10/16/2013|3|+NRB|+NRB|+NRB
DES,SWK,STK,SMART/ARCA,,,,,,|SLD|10/16/2013|3|+NRB|+NRB|+NRB
DES,LLTC,STK,SMART/ARCA,,,,,,|SLD|10/16/2013|3|+NRB|+NRB|+NRB
DES,STLD,STK,SMART/ARCA,,,,,,|BOT|10/17/2013|3|-NRB|+NRB|+NRB
DES,SNDK,STK,SMART/ARCA,,,,,,|BOT|10/17/2013|3|-NRB|+NRB|+NRB
DES,SVU,STK,SMART/ARCA,,,,,,|BOT|10/17/2013|3|-NRB|+NRB|+NRB
DES,BTU,STK,SMART/ARCA,,,,,,|BOT|10/17/2013|3|-NRB|+NRB|+NRB
DES,IBM,STK,SMART/ARCA,,,,,,|SLD|10/17/2013|3|-NRB|+NRB|+NRB
DES,XLNX,STK,SMART/ARCA,,,,,,|SLD|10/17/2013|3|-NRB|+NRB|+NRB
DES,FCS,STK,SMART/ARCA,,,,,,|SLD|10/17/2013|3|-NRB|+NRB|+NRB
DES,SCSS,STK,SMART/ARCA,,,,,,|SLD|10/17/2013|3|-NRB|+NRB|+NRB
DES,UNH,STK,SMART/ARCA,,,,,,|SLD|10/17/2013|3|-NRB|+NRB|+NRB
DES,EBAY,STK,SMART/ARCA,,,,,,|SLD|10/17/2013|3|-NRB|+NRB|+NRB
DES,GS,STK,SMART/ARCA,,,,,,|SLD|10/17/2013|3|-NRB|+NRB|+NRB
DES,DGX,STK,SMART/ARCA,,,,,,|SLD|10/17/2013|3|-NRB|+NRB|+NRB
DES,GE,STK,SMART/ARCA,,,,,,|BOT|10/18/2013|3|+NRB|+NRB|+NRB
DES,ALGN,STK,SMART/ARCA,,,,,,|BOT|10/18/2013|3|+NRB|+NRB|+NRB
DES,GOOG,STK,SMART/ARCA,,,,,,|BOT|10/18/2013|3|+NRB|+NRB|+NRB
DES,CMG,STK,SMART/ARCA,,,,,,|BOT|10/18/2013|3|+NRB|+NRB|+NRB
DES,CPHD,STK,SMART/ARCA,,,,,,|BOT|10/18/2013|3|+NRB|+NRB|+NRB
DES,BHI,STK,SMART/ARCA,,,,,,|BOT|10/18/2013|3|+NRB|+NRB|+NRB
DES,PH,STK,SMART/ARCA,,,,,,|BOT|10/18/2013|3|+NRB|+NRB|+NRB
DES,MS,STK,SMART/ARCA,,,,,,|BOT|10/18/2013|3|+NRB|+NRB|+NRB
DES,IPG,STK,SMART/ARCA,,,,,,|SLD|10/18/2013|3|+NRB|+NRB|+NRB
DES,ARIA,STK,SMART/ARCA,,,,,,|SLD|10/18/2013|3|+NRB|+NRB|+NRB
DES,ISRG,STK,SMART/ARCA,,,,,,|SLD|10/18/2013|3|+NRB|+NRB|+NRB
DES,ACTG,STK,SMART/ARCA,,,,,,|SLD|10/18/2013|3|+NRB|+NRB|+NRB
DES,AMD,STK,SMART/ARCA,,,,,,|SLD|10/18/2013|3|+NRB|+NRB|+NRB
DES,FHN,STK,SMART/ARCA,,,,,,|SLD|10/18/2013|3|+NRB|+NRB|+NRB
DES,TXT,STK,SMART/ARCA,,,,,,|SLD|10/18/2013|3|+NRB|+NRB|+NRB
DES,CHKP,STK,SMART/ARCA,,,,,,|BOT|10/21/2013|3|+NRB|+NRB|-NRB
DES,HAL,STK,SMART/ARCA,,,,,,|SLD|10/21/2013|3|+NRB|+NRB|-NRB
DES,MCD,STK,SMART/ARCA,,,,,,|SLD|10/21/2013|3|+NRB|+NRB|-NRB
DES,DAL,STK,SMART/ARCA,,,,,,|BOT|10/22/2013|3|+NRB|+NRB|+NRB
DES,FRX,STK,SMART/ARCA,,,,,,|BOT|10/22/2013|3|+NRB|+NRB|+NRB
DES,NFLX,STK,SMART/ARCA,,,,,,|BOT|10/22/2013|3|+NRB|+NRB|+NRB
DES,HOG,STK,SMART/ARCA,,,,,,|BOT|10/22/2013|3|+NRB|+NRB|+NRB
DES,NUS,STK,SMART/ARCA,,,,,,|BOT|10/22/2013|3|+NRB|+NRB|+NRB
DES,LXK,STK,SMART/ARCA,,,,,,|BOT|10/22/2013|3|+NRB|+NRB|+NRB
DES,WHR,STK,SMART/ARCA,,,,,,|BOT|10/22/2013|3|+NRB|+NRB|+NRB
DES,ILMN,STK,SMART/ARCA,,,,,,|BOT|10/22/2013|3|+NRB|+NRB|+NRB
DES,RIG,STK,SMART/ARCA,,,,,,|BOT|10/22/2013|3|+NRB|+NRB|+NRB
DES,FCX,STK,SMART/ARCA,,,,,,|BOT|10/22/2013|3|+NRB|+NRB|+NRB
DES,GNTX,STK,SMART/ARCA,,,,,,|BOT|10/22/2013|3|+NRB|+NRB|+NRB
DES,VMW,STK,SMART/ARCA,,,,,,|BOT|10/22/2013|3|+NRB|+NRB|+NRB
DES,COH,STK,SMART/ARCA,,,,,,|SLD|10/22/2013|3|+NRB|+NRB|+NRB
DES,DFS,STK,SMART/ARCA,,,,,,|SLD|10/22/2013|3|+NRB|+NRB|+NRB
DES,EMC,STK,SMART/ARCA,,,,,,|SLD|10/22/2013|3|+NRB|+NRB|+NRB
DES,RF,STK,SMART/ARCA,,,,,,|SLD|10/22/2013|3|+NRB|+NRB|+NRB
DES,ZION,STK,SMART/ARCA,,,,,,|SLD|10/22/2013|3|+NRB|+NRB|+NRB
DES,MSI,STK,SMART/ARCA,,,,,,|BOT|10/23/2013|3|-NRB|-NRB|-NRB
DES,APOL,STK,SMART/ARCA,,,,,,|BOT|10/23/2013|3|-NRB|-NRB|-NRB
DES,SWY,STK,SMART/ARCA,,,,,,|BOT|10/23/2013|3|-NRB|-NRB|-NRB
DES,BA,STK,SMART/ARCA,,,,,,|BOT|10/23/2013|3|-NRB|-NRB|-NRB
DES,NSC,STK,SMART/ARCA,,,,,,|BOT|10/23/2013|3|-NRB|-NRB|-NRB
DES,GLW,STK,SMART/ARCA,,,,,,|BOT|10/23/2013|3|-NRB|-NRB|-NRB
DES,PNRA,STK,SMART/ARCA,,,,,,|SLD|10/23/2013|3|-NRB|-NRB|-NRB
DES,BRCM,STK,SMART/ARCA,,,,,,|SLD|10/23/2013|3|-NRB|-NRB|-NRB
DES,CREE,STK,SMART/ARCA,,,,,,|SLD|10/23/2013|3|-NRB|-NRB|-NRB
DES,ALTR,STK,SMART/ARCA,,,,,,|SLD|10/23/2013|3|-NRB|-NRB|-NRB
DES,RFMD,STK,SMART/ARCA,,,,,,|SLD|10/23/2013|3|-NRB|-NRB|-NRB
DES,CAT,STK,SMART/ARCA,,,,,,|SLD|10/23/2013|3|-NRB|-NRB|-NRB
DES,LRCX,STK,SMART/ARCA,,,,,,|BOT|10/24/2013|3|+NRB|+NRB|+NRB
DES,NXPI,STK,SMART/ARCA,,,,,,|BOT|10/24/2013|3|+NRB|+NRB|+NRB
DES,CTXS,STK,SMART/ARCA,,,,,,|BOT|10/24/2013|3|+NRB|+NRB|+NRB
DES,FTNT,STK,SMART/ARCA,,,,,,|BOT|10/24/2013|3|+NRB|+NRB|+NRB
DES,CAKE,STK,SMART/ARCA,,,,,,|BOT|10/24/2013|3|+NRB|+NRB|+NRB
DES,F,STK,SMART/ARCA,,,,,,|BOT|10/24/2013|3|+NRB|+NRB|+NRB
DES,AEM,STK,SMART/ARCA,,,,,,|BOT|10/24/2013|3|+NRB|+NRB|+NRB
DES,EQIX,STK,SMART/ARCA,,,,,,|BOT|10/24/2013|3|+NRB|+NRB|+NRB
DES,RCL,STK,SMART/ARCA,,,,,,|BOT|10/24/2013|3|+NRB|+NRB|+NRB
DES,MCK,STK,SMART/ARCA,,,,,,|BOT|10/24/2013|3|+NRB|+NRB|+NRB
DES,KKR,STK,SMART/ARCA,,,,,,|BOT|10/24/2013|3|+NRB|+NRB|+NRB
DES,SYMC,STK,SMART/ARCA,,,,,,|SLD|10/24/2013|3|+NRB|+NRB|+NRB
DES,AKAM,STK,SMART/ARCA,,,,,,|SLD|10/24/2013|3|+NRB|+NRB|+NRB
DES,VAR,STK,SMART/ARCA,,,,,,|SLD|10/24/2013|3|+NRB|+NRB|+NRB
DES,TQNT,STK,SMART/ARCA,,,,,,|SLD|10/24/2013|3|+NRB|+NRB|+NRB
DES,TKR,STK,SMART/ARCA,,,,,,|SLD|10/24/2013|3|+NRB|+NRB|+NRB
DES,FIO,STK,SMART/ARCA,,,,,,|SLD|10/24/2013|3|+NRB|+NRB|+NRB
DES,UA,STK,SMART/ARCA,,,,,,|SLD|10/24/2013|3|+NRB|+NRB|+NRB
DES,ORLY,STK,SMART/ARCA,,,,,,|SLD|10/24/2013|3|+NRB|+NRB|+NRB
DES,ETFC,STK,SMART/ARCA,,,,,,|SLD|10/24/2013|3|+NRB|+NRB|+NRB
DES,CAM,STK,SMART/ARCA,,,,,,|SLD|10/24/2013|3|+NRB|+NRB|+NRB
DES,ZNGA,STK,SMART/ARCA,,,,,,|BOT|10/25/2013|3|+NRB|+NRB|+NRB
DES,DECK,STK,SMART/ARCA,,,,,,|BOT|10/25/2013|3|+NRB|+NRB|+NRB
DES,OUTR,STK,SMART/ARCA,,,,,,|BOT|10/25/2013|3|+NRB|+NRB|+NRB
DES,NWL,STK,SMART/ARCA,,,,,,|BOT|10/25/2013|3|+NRB|+NRB|+NRB
DES,MSFT,STK,SMART/ARCA,,,,,,|BOT|10/25/2013|3|+NRB|+NRB|+NRB
DES,AMZN,STK,SMART/ARCA,,,,,,|BOT|10/25/2013|3|+NRB|+NRB|+NRB
DES,NOV,STK,SMART/ARCA,,,,,,|BOT|10/25/2013|3|+NRB|+NRB|+NRB
DES,INFA,STK,SMART/ARCA,,,,,,|BOT|10/25/2013|3|+NRB|+NRB|+NRB
DES,MXIM,STK,SMART/ARCA,,,,,,|BOT|10/25/2013|3|+NRB|+NRB|+NRB
DES,CECO,STK,SMART/ARCA,,,,,,|BOT|10/25/2013|3|+NRB|+NRB|+NRB
DES,RMD,STK,SMART/ARCA,,,,,,|SLD|10/25/2013|3|+NRB|+NRB|+NRB
DES,SYNA,STK,SMART/ARCA,,,,,,|SLD|10/25/2013|3|+NRB|+NRB|+NRB
DES,QLIK,STK,SMART/ARCA,,,,,,|SLD|10/25/2013|3|+NRB|+NRB|+NRB
DES,CERN,STK,SMART/ARCA,,,,,,|SLD|10/25/2013|3|+NRB|+NRB|+NRB
DES,KLAC,STK,SMART/ARCA,,,,,,|SLD|10/25/2013|3|+NRB|+NRB|+NRB
DES,ESRX,STK,SMART/ARCA,,,,,,|SLD|10/25/2013|3|+NRB|+NRB|+NRB
DES,BMY,STK,SMART/ARCA,,,,,,|BOT|10/28/2013|3|+NRB|+NRB|+NRB
DES,L,STK,SMART/ARCA,,,,,,|BOT|10/28/2013|3|+NRB|+NRB|+NRB
DES,BIIB,STK,SMART/ARCA,,,,,,|BOT|10/28/2013|3|+NRB|+NRB|+NRB
DES,DNDN,STK,SMART/ARCA,,,,,,|BOT|10/28/2013|3|+NRB|+NRB|+NRB
DES,SOHU,STK,SMART/ARCA,,,,,,|SLD|10/28/2013|3|+NRB|+NRB|+NRB
DES,MRK,STK,SMART/ARCA,,,,,,|SLD|10/28/2013|3|+NRB|+NRB|+NRB
DES,EW,STK,SMART/ARCA,,,,,,|SLD|10/28/2013|3|+NRB|+NRB|+NRB
DES,MCP,STK,SMART/ARCA,,,,,,|SLD|10/28/2013|3|+NRB|+NRB|+NRB
DES,ACT,STK,SMART/ARCA,,,,,,|BOT|10/29/2013|3|+NRB|+NRB|+NRB
DES,XYL,STK,SMART/ARCA,,,,,,|BOT|10/29/2013|3|+NRB|+NRB|+NRB
DES,KORS,STK,SMART/ARCA,,,,,,|BOT|10/29/2013|3|+NRB|+NRB|+NRB
DES,HUN,STK,SMART/ARCA,,,,,,|BOT|10/29/2013|3|+NRB|+NRB|+NRB
DES,AAPL,STK,SMART/ARCA,,,,,,|BOT|10/29/2013|3|+NRB|+NRB|+NRB
DES,CIE,STK,SMART/ARCA,,,,,,|BOT|10/29/2013|3|+NRB|+NRB|+NRB
DES,GT,STK,SMART/ARCA,,,,,,|SLD|10/29/2013|3|+NRB|+NRB|+NRB
DES,CMI,STK,SMART/ARCA,,,,,,|SLD|10/29/2013|3|+NRB|+NRB|+NRB
DES,STX,STK,SMART/ARCA,,,,,,|SLD|10/29/2013|3|+NRB|+NRB|+NRB
DES,AET,STK,SMART/ARCA,,,,,,|SLD|10/29/2013|3|+NRB|+NRB|+NRB
DES,SANM,STK,SMART/ARCA,,,,,,|SLD|10/29/2013|3|+NRB|+NRB|+NRB
DES,PMCS,STK,SMART/ARCA,,,,,,|SLD|10/29/2013|3|+NRB|+NRB|+NRB
DES,BIDU,STK,SMART/ARCA,,,,,,|BOT|10/30/2013|3|+NRB|-NRB|-NRB
DES,GRMN,STK,SMART/ARCA,,,,,,|BOT|10/30/2013|3|+NRB|-NRB|-NRB
DES,DWA,STK,SMART/ARCA,,,,,,|BOT|10/30/2013|3|+NRB|-NRB|-NRB
DES,TASR,STK,SMART/ARCA,,,,,,|BOT|10/30/2013|3|+NRB|-NRB|-NRB
DES,EA,STK,SMART/ARCA,,,,,,|BOT|10/30/2013|3|+NRB|-NRB|-NRB
DES,YELP,STK,SMART/ARCA,,,,,,|SLD|10/30/2013|3|+NRB|-NRB|-NRB
DES,AFL,STK,SMART/ARCA,,,,,,|SLD|10/30/2013|3|+NRB|-NRB|-NRB
DES,FLEX,STK,SMART/ARCA,,,,,,|SLD|10/30/2013|3|+NRB|-NRB|-NRB
DES,INVN,STK,SMART/ARCA,,,,,,|SLD|10/30/2013|3|+NRB|-NRB|-NRB
DES,WU,STK,SMART/ARCA,,,,,,|SLD|10/30/2013|3|+NRB|-NRB|-NRB
DES,IACI,STK,SMART/ARCA,,,,,,|SLD|10/30/2013|3|+NRB|-NRB|-NRB
DES,CRUS,STK,SMART/ARCA,,,,,,|SLD|10/30/2013|3|+NRB|-NRB|-NRB
DES,SODA,STK,SMART/ARCA,,,,,,|SLD|10/30/2013|3|+NRB|-NRB|-NRB
DES,CTRX,STK,SMART/ARCA,,,,,,|BOT|10/31/2013|3|-NRB|-NRB|-NRB
DES,IRM,STK,SMART/ARCA,,,,,,|BOT|10/31/2013|3|-NRB|-NRB|-NRB
DES,EXPE,STK,SMART/ARCA,,,,,,|BOT|10/31/2013|3|-NRB|-NRB|-NRB
DES,PRGO,STK,SMART/ARCA,,,,,,|BOT|10/31/2013|3|-NRB|-NRB|-NRB
DES,ANR,STK,SMART/ARCA,,,,,,|BOT|10/31/2013|3|-NRB|-NRB|-NRB
DES,MCHP,STK,SMART/ARCA,,,,,,|BOT|10/31/2013|3|-NRB|-NRB|-NRB
DES,IVZ,STK,SMART/ARCA,,,,,,|BOT|10/31/2013|3|-NRB|-NRB|-NRB
DES,ATML,STK,SMART/ARCA,,,,,,|BOT|10/31/2013|3|-NRB|-NRB|-NRB
DES,ARRS,STK,SMART/ARCA,,,,,,|BOT|10/31/2013|3|-NRB|-NRB|-NRB
DES,V,STK,SMART/ARCA,,,,,,|SLD|10/31/2013|3|-NRB|-NRB|-NRB
DES,AVP,STK,SMART/ARCA,,,,,,|SLD|10/31/2013|3|-NRB|-NRB|-NRB
DES,MGM,STK,SMART/ARCA,,,,,,|SLD|10/31/2013|3|-NRB|-NRB|-NRB
DES,ROVI,STK,SMART/ARCA,,,,,,|SLD|10/31/2013|3|-NRB|-NRB|-NRB
DES,WTW,STK,SMART/ARCA,,,,,,|SLD|10/31/2013|3|-NRB|-NRB|-NRB
DES,JDSU,STK,SMART/ARCA,,,,,,|SLD|10/31/2013|3|-NRB|-NRB|-NRB
DES,FB,STK,SMART/ARCA,,,,,,|SLD|10/31/2013|3|-NRB|-NRB|-NRB
DES,SPWR,STK,SMART/ARCA,,,,,,|SLD|10/31/2013|3|-NRB|-NRB|-NRB
DES,NIHD,STK,SMART/ARCA,,,,,,|SLD|10/31/2013|3|-NRB|-NRB|-NRB
DES,VRX,STK,SMART/ARCA,,,,,,|SLD|10/31/2013|3|-NRB|-NRB|-NRB
DES,MET,STK,SMART/ARCA,,,,,,|SLD|10/31/2013|3|-NRB|-NRB|-NRB
DES,BYD,STK,SMART/ARCA,,,,,,|SLD|10/31/2013|3|-NRB|-NRB|-NRB
DES,SBUX,STK,SMART/ARCA,,,,,,|SLD|10/31/2013|3|-NRB|-NRB|-NRB
DES,ONNN,STK,SMART/ARCA,,,,,,|BOT|11/01/2013|3|+NRB|-NRB|-NRB
DES,FSLR,STK,SMART/ARCA,,,,,,|BOT|11/01/2013|3|+NRB|-NRB|-NRB
DES,OMX,STK,SMART/ARCA,,,,,,|BOT|11/01/2013|3|+NRB|-NRB|-NRB
DES,AIG,STK,SMART/ARCA,,,,,,|SLD|11/01/2013|3|+NRB|-NRB|-NRB
DES,AXL,STK,SMART/ARCA,,,,,,|SLD|11/01/2013|3|+NRB|-NRB|-NRB
DES,BRKR,STK,SMART/ARCA,,,,,,|SLD|11/01/2013|3|+NRB|-NRB|-NRB
DES,EXTR,STK,SMART/ARCA,,,,,,|BOT|11/04/2013|3|+NRB|+NRB|+NRB
DES,SYY,STK,SMART/ARCA,,,,,,|BOT|11/04/2013|3|+NRB|+NRB|+NRB
DES,CSIQ,STK,SMART/ARCA,,,,,,|BOT|11/04/2013|3|+NRB|+NRB|+NRB
DES,AKS,STK,SMART/ARCA,,,,,,|BOT|11/04/2013|3|+NRB|+NRB|+NRB
DES,MW,STK,SMART/ARCA,,,,,,|SLD|11/04/2013|3|+NRB|+NRB|+NRB
DES,BBRY,STK,SMART/ARCA,,,,,,|SLD|11/04/2013|3|+NRB|+NRB|+NRB
DES,CTSH,STK,SMART/ARCA,,,,,,|BOT|11/05/2013|3|-NRB|-NRB|+NRB
DES,TMUS,STK,SMART/ARCA,,,,,,|BOT|11/05/2013|3|-NRB|-NRB|+NRB
DES,GTAT,STK,SMART/ARCA,,,,,,|BOT|11/05/2013|3|-NRB|-NRB|+NRB
DES,ENDP,STK,SMART/ARCA,,,,,,|BOT|11/05/2013|3|-NRB|-NRB|+NRB
DES,DTV,STK,SMART/ARCA,,,,,,|BOT|11/05/2013|3|-NRB|-NRB|+NRB
DES,AOL,STK,SMART/ARCA,,,,,,|BOT|11/05/2013|3|-NRB|-NRB|+NRB
DES,KORS,STK,SMART/ARCA,,,,,,|BOT|11/05/2013|3|-NRB|-NRB|+NRB
DES,EMR,STK,SMART/ARCA,,,,,,|SLD|11/05/2013|3|-NRB|-NRB|+NRB
DES,MDR,STK,SMART/ARCA,,,,,,|SLD|11/05/2013|3|-NRB|-NRB|+NRB
DES,LF,STK,SMART/ARCA,,,,,,|SLD|11/05/2013|3|-NRB|-NRB|+NRB
DES,OWW,STK,SMART/ARCA,,,,,,|SLD|11/05/2013|3|-NRB|-NRB|+NRB
DES,DLPH,STK,SMART/ARCA,,,,,,|SLD|11/05/2013|3|-NRB|-NRB|+NRB
DES,Z,STK,SMART/ARCA,,,,,,|BOT|11/06/2013|3|+NRB|+NRB|+NRB
DES,MYGN,STK,SMART/ARCA,,,,,,|BOT|11/06/2013|3|+NRB|+NRB|+NRB
DES,RL,STK,SMART/ARCA,,,,,,|BOT|11/06/2013|3|+NRB|+NRB|+NRB
DES,OXBT,STK,SMART/ARCA,,,,,,|BOT|11/06/2013|3|+NRB|+NRB|+NRB
DES,TSLA,STK,SMART/ARCA,,,,,,|SLD|11/06/2013|3|+NRB|+NRB|+NRB
DES,VVUS,STK,SMART/ARCA,,,,,,|SLD|11/06/2013|3|+NRB|+NRB|+NRB
DES,NPSP,STK,SMART/ARCA,,,,,,|SLD|11/06/2013|3|+NRB|+NRB|+NRB
DES,DVA,STK,SMART/ARCA,,,,,,|SLD|11/06/2013|3|+NRB|+NRB|+NRB
DES,VCLK,STK,SMART/ARCA,,,,,,|SLD|11/06/2013|3|+NRB|+NRB|+NRB
DES,ANF,STK,SMART/ARCA,,,,,,|SLD|11/06/2013|3|+NRB|+NRB|+NRB
DES,CLDX,STK,SMART/ARCA,,,,,,|BOT|11/07/2013|3|+NRB|-NRB|-WRB
DES,AEO,STK,SMART/ARCA,,,,,,|BOT|11/07/2013|3|+NRB|-NRB|-WRB
DES,MWW,STK,SMART/ARCA,,,,,,|BOT|11/07/2013|3|+NRB|-NRB|-WRB
DES,AWAY,STK,SMART/ARCA,,,,,,|BOT|11/07/2013|3|+NRB|-NRB|-WRB
DES,RIG,STK,SMART/ARCA,,,,,,|BOT|11/07/2013|3|+NRB|-NRB|-WRB
DES,TPX,STK,SMART/ARCA,,,,,,|BOT|11/07/2013|3|+NRB|-NRB|-WRB
DES,GERN,STK,SMART/ARCA,,,,,,|BOT|11/07/2013|3|+NRB|-NRB|-WRB
DES,QCOM,STK,SMART/ARCA,,,,,,|SLD|11/07/2013|3|+NRB|-NRB|-WRB
DES,WFM,STK,SMART/ARCA,,,,,,|SLD|11/07/2013|3|+NRB|-NRB|-WRB
DES,FLO,STK,SMART/ARCA,,,,,,|SLD|11/07/2013|3|+NRB|-NRB|-WRB
DES,HIMX,STK,SMART/ARCA,,,,,,|SLD|11/07/2013|3|+NRB|-NRB|-WRB
DES,WEN,STK,SMART/ARCA,,,,,,|SLD|11/07/2013|3|+NRB|-NRB|-WRB
DES,ATVI,STK,SMART/ARCA,,,,,,|SLD|11/07/2013|3|+NRB|-NRB|-WRB
DES,NSM,STK,SMART/ARCA,,,,,,|SLD|11/07/2013|3|+NRB|-NRB|-WRB
DES,CTL,STK,SMART/ARCA,,,,,,|SLD|11/07/2013|3|+NRB|-NRB|-WRB
DES,SCTY,STK,SMART/ARCA,,,,,,|SLD|11/07/2013|3|+NRB|-NRB|-WRB
DES,NVDA,STK,SMART/ARCA,,,,,,|BOT|11/08/2013|3|+NRB|+NRB|+NRB
DES,CVC,STK,SMART/ARCA,,,,,,|BOT|11/08/2013|3|+NRB|+NRB|+NRB
DES,UBNT,STK,SMART/ARCA,,,,,,|BOT|11/08/2013|3|+NRB|+NRB|+NRB
DES,SLXP,STK,SMART/ARCA,,,,,,|BOT|11/08/2013|3|+NRB|+NRB|+NRB
DES,GPS,STK,SMART/ARCA,,,,,,|BOT|11/08/2013|3|+NRB|+NRB|+NRB
DES,MDRX,STK,SMART/ARCA,,,,,,|BOT|11/08/2013|3|+NRB|+NRB|+NRB
DES,SLCA,STK,SMART/ARCA,,,,,,|SLD|11/08/2013|3|+NRB|+NRB|+NRB
DES,AVG,STK,SMART/ARCA,,,,,,|SLD|11/08/2013|3|+NRB|+NRB|+NRB
DES,CRUS,STK,SMART/ARCA,,,,,,|SLD|11/11/2013|3|-NRB|-NRB|+NRB
DES,VNDA,STK,SMART/ARCA,,,,,,|BOT|11/12/2013|3|-NRB|-NRB|+NRB
DES,DISH,STK,SMART/ARCA,,,,,,|BOT|11/12/2013|3|-NRB|-NRB|+NRB
DES,AGO,STK,SMART/ARCA,,,,,,|BOT|11/12/2013|3|-NRB|-NRB|+NRB
DES,DF,STK,SMART/ARCA,,,,,,|SLD|11/12/2013|3|-NRB|-NRB|+NRB
DES,RAX,STK,SMART/ARCA,,,,,,|SLD|11/12/2013|3|-NRB|-NRB|+NRB
DES,HOLX,STK,SMART/ARCA,,,,,,|SLD|11/12/2013|3|-NRB|-NRB|+NRB
DES,SYMC,STK,SMART/ARCA,,,,,,|SLD|11/12/2013|3|-NRB|-NRB|+NRB
DES,BID,STK,SMART/ARCA,,,,,,|SLD|11/12/2013|3|-NRB|-NRB|+NRB
DES,SRPT,STK,SMART/ARCA,,,,,,|SLD|11/12/2013|3|-NRB|-NRB|+NRB
DES,HMA,STK,SMART/ARCA,,,,,,|BOT|11/13/2013|3|-NRB|-NRB|+NRB
DES,M,STK,SMART/ARCA,,,,,,|BOT|11/13/2013|3|-NRB|-NRB|+NRB
DES,SINA,STK,SMART/ARCA,,,,,,|BOT|11/13/2013|3|-NRB|-NRB|+NRB
DES,YRCW,STK,SMART/ARCA,,,,,,|SLD|11/13/2013|3|-NRB|-NRB|+NRB
DES,CSCO,STK,SMART/ARCA,,,,,,|SLD|11/14/2013|3|+NRB|+NRB|+NRB
DES,KSS,STK,SMART/ARCA,,,,,,|SLD|11/14/2013|3|+NRB|+NRB|+NRB
DES,NTES,STK,SMART/ARCA,,,,,,|SLD|11/14/2013|3|+NRB|+NRB|+NRB
DES,MM,STK,SMART/ARCA,,,,,,|SLD|11/14/2013|3|+NRB|+NRB|+NRB
DES,WMT,STK,SMART/ARCA,,,,,,|SLD|11/14/2013|3|+NRB|+NRB|+NRB
DES,A,STK,SMART/ARCA,,,,,,|BOT|11/15/2013|3|+NRB|-NRB|-NRB
DES,YOKU,STK,SMART/ARCA,,,,,,|BOT|11/15/2013|3|+NRB|-NRB|-NRB
DES,ONVO,STK,SMART/ARCA,,,,,,|BOT|11/15/2013|3|+NRB|-NRB|-NRB
DES,TSN,STK,SMART/ARCA,,,,,,|BOT|11/18/2013|3|+NRB|-NRB|-NRB
DES,JKS,STK,SMART/ARCA,,,,,,|BOT|11/18/2013|3|+NRB|-NRB|-NRB
DES,BA,STK,SMART/ARCA,,,,,,|BOT|11/18/2013|3|+NRB|-NRB|-NRB
DES,TSL,STK,SMART/ARCA,,,,,,|BOT|11/19/2013|3|+NRB|-NRB|-NRB
DES,BRCD,STK,SMART/ARCA,,,,,,|BOT|11/19/2013|3|+NRB|-NRB|-NRB
DES,HD,STK,SMART/ARCA,,,,,,|BOT|11/19/2013|3|+NRB|-NRB|-NRB
DES,CPB,STK,SMART/ARCA,,,,,,|SLD|11/19/2013|3|+NRB|-NRB|-NRB
DES,BBY,STK,SMART/ARCA,,,,,,|SLD|11/19/2013|3|+NRB|-NRB|-NRB
DES,JCP,STK,SMART/ARCA,,,,,,|BOT|11/20/2013|3|+NRB|-NRB|-NRB
DES,ADT,STK,SMART/ARCA,,,,,,|BOT|11/20/2013|3|+NRB|-NRB|-NRB
DES,DE,STK,SMART/ARCA,,,,,,|BOT|11/20/2013|3|+NRB|-NRB|-NRB
DES,BMRN,STK,SMART/ARCA,,,,,,|BOT|11/20/2013|3|+NRB|-NRB|-NRB
DES,SJM,STK,SMART/ARCA,,,,,,|SLD|11/20/2013|3|+NRB|-NRB|-NRB
DES,LOW,STK,SMART/ARCA,,,,,,|SLD|11/20/2013|3|+NRB|-NRB|-NRB
DES,GMCR,STK,SMART/ARCA,,,,,,|BOT|11/21/2013|3|+NRB|-NRB|+NRB
DES,WSM,STK,SMART/ARCA,,,,,,|BOT|11/21/2013|3|+NRB|-NRB|+NRB
DES,NUS,STK,SMART/ARCA,,,,,,|BOT|11/21/2013|3|+NRB|-NRB|+NRB
DES,JCI,STK,SMART/ARCA,,,,,,|BOT|11/21/2013|3|+NRB|-NRB|+NRB
DES,DLTR,STK,SMART/ARCA,,,,,,|SLD|11/21/2013|3|+NRB|-NRB|+NRB
DES,LTD,STK,SMART/ARCA,,,,,,|SLD|11/21/2013|3|+NRB|-NRB|+NRB
DES,TGT,STK,SMART/ARCA,,,,,,|SLD|11/21/2013|3|+NRB|-NRB|+NRB
DES,LQDT,STK,SMART/ARCA,,,,,,|SLD|11/21/2013|3|+NRB|-NRB|+NRB
DES,ANF,STK,SMART/ARCA,,,,,,|SLD|11/21/2013|3|+NRB|-NRB|+NRB
DES,WBMD,STK,SMART/ARCA,,,,,,|SLD|11/21/2013|3|+NRB|-NRB|+NRB
DES,GME,STK,SMART/ARCA,,,,,,|SLD|11/21/2013|3|+NRB|-NRB|+NRB
DES,SHLD,STK,SMART/ARCA,,,,,,|SLD|11/21/2013|3|+NRB|-NRB|+NRB
DES,SPLK,STK,SMART/ARCA,,,,,,|BOT|11/22/2013|3|+NRB|-NRB|+NRB
DES,ADSK,STK,SMART/ARCA,,,,,,|BOT|11/22/2013|3|+NRB|-NRB|+NRB
DES,FL,STK,SMART/ARCA,,,,,,|BOT|11/22/2013|3|+NRB|-NRB|+NRB
DES,MRVL,STK,SMART/ARCA,,,,,,|BOT|11/22/2013|3|+NRB|-NRB|+NRB
DES,ARUN,STK,SMART/ARCA,,,,,,|BOT|11/22/2013|3|+NRB|-NRB|+NRB
DES,ARIA,STK,SMART/ARCA,,,,,,|BOT|11/22/2013|3|+NRB|-NRB|+NRB
DES,BIIB,STK,SMART/ARCA,,,,,,|BOT|11/22/2013|3|+NRB|-NRB|+NRB
DES,ROST,STK,SMART/ARCA,,,,,,|SLD|11/22/2013|3|+NRB|-NRB|+NRB
DES,TFM,STK,SMART/ARCA,,,,,,|SLD|11/22/2013|3|+NRB|-NRB|+NRB
DES,INTC,STK,SMART/ARCA,,,,,,|SLD|11/22/2013|3|+NRB|-NRB|+NRB
DES,GA,STK,SMART/ARCA,,,,,,|BOT|11/25/2013|3|+NRB|-NRB|-NRB
DES,SDRL,STK,SMART/ARCA,,,,,,|SLD|11/25/2013|3|+NRB|-NRB|-NRB
DES,QIHU,STK,SMART/ARCA,,,,,,|SLD|11/25/2013|3|+NRB|-NRB|-NRB
DES,TIF,STK,SMART/ARCA,,,,,,|BOT|11/26/2013|3|+NRB|-NRB|+NRB
DES,PANW,STK,SMART/ARCA,,,,,,|BOT|11/26/2013|3|+NRB|-NRB|+NRB
DES,JOSB,STK,SMART/ARCA,,,,,,|BOT|11/26/2013|3|+NRB|-NRB|+NRB
DES,IMUC,STK,SMART/ARCA,,,,,,|BOT|11/26/2013|3|+NRB|-NRB|+NRB
DES,DSW,STK,SMART/ARCA,,,,,,|SLD|11/26/2013|3|+NRB|-NRB|+NRB
DES,NUAN,STK,SMART/ARCA,,,,,,|SLD|11/26/2013|3|+NRB|-NRB|+NRB
DES,TTWO,STK,SMART/ARCA,,,,,,|SLD|11/26/2013|3|+NRB|-NRB|+NRB
DES,FWLT,STK,SMART/ARCA,,,,,,|BOT|11/27/2013|3|+NRB|-NRB|+NRB
DES,CROX,STK,SMART/ARCA,,,,,,|BOT|11/27/2013|3|+NRB|-NRB|+NRB
DES,HPQ,STK,SMART/ARCA,,,,,,|BOT|11/27/2013|3|+NRB|-NRB|+NRB
DES,BLOX,STK,SMART/ARCA,,,,,,|SLD|11/27/2013|3|+NRB|-NRB|+NRB
DES,ADI,STK,SMART/ARCA,,,,,,|SLD|11/27/2013|3|+NRB|-NRB|+NRB
DES,FRX,STK,SMART/ARCA,,,,,,|BOT|12/02/2013|3|+NRB|-NRB|-NRB
DES,FRO,STK,SMART/ARCA,,,,,,|BOT|12/02/2013|3|+NRB|-NRB|-NRB
DES,ASNA,STK,SMART/ARCA,,,,,,|BOT|12/03/2013|3|-NRB|-NRB|-NRB
DES,UNIS,STK,SMART/ARCA,,,,,,|BOT|12/03/2013|3|-NRB|-NRB|-NRB
DES,KKD,STK,SMART/ARCA,,,,,,|SLD|12/03/2013|3|-NRB|-NRB|-NRB
DES,EXPR,STK,SMART/ARCA,,,,,,|SLD|12/04/2013|3|-NRB|-NRB|-NRB
DES,OVTI,STK,SMART/ARCA,,,,,,|SLD|12/04/2013|3|-NRB|-NRB|-NRB
DES,BRCM,STK,SMART/ARCA,,,,,,|BOT|12/05/2013|3|-NRB|-NRB|-NRB
DES,CONN,STK,SMART/ARCA,,,,,,|BOT|12/05/2013|3|-NRB|-NRB|-NRB
DES,SOL,STK,SMART/ARCA,,,,,,|SLD|12/05/2013|3|-NRB|-NRB|-NRB
DES,FRAN,STK,SMART/ARCA,,,,,,|SLD|12/05/2013|3|-NRB|-NRB|-NRB
DES,ARO,STK,SMART/ARCA,,,,,,|SLD|12/05/2013|3|-NRB|-NRB|-NRB
DES,COST,STK,SMART/ARCA,,,,,,|SLD|12/05/2013|3|-NRB|-NRB|-NRB
DES,FNSR,STK,SMART/ARCA,,,,,,|BOT|12/06/2013|3|+WRB|+NRB|+NRB
DES,BIG,STK,SMART/ARCA,,,,,,|SLD|12/06/2013|3|+WRB|+NRB|+NRB
DES,ULTA,STK,SMART/ARCA,,,,,,|SLD|12/06/2013|3|+WRB|+NRB|+NRB
DES,AEO,STK,SMART/ARCA,,,,,,|SLD|12/06/2013|3|+WRB|+NRB|+NRB
DES,FIVE,STK,SMART/ARCA,,,,,,|SLD|12/06/2013|3|+WRB|+NRB|+NRB
DES,YRCW,STK,SMART/ARCA,,,,,,|BOT|12/09/2013|3|+NRB|+NRB|+NRB
DES,GILD,STK,SMART/ARCA,,,,,,|BOT|12/09/2013|3|+NRB|+NRB|+NRB
DES,SYY,STK,SMART/ARCA,,,,,,|BOT|12/09/2013|3|+NRB|+NRB|+NRB
DES,AKAM,STK,SMART/ARCA,,,,,,|SLD|12/09/2013|3|+NRB|+NRB|+NRB
DES,BRCM,STK,SMART/ARCA,,,,,,|BOT|12/10/2013|3|-NRB|+NRB|-NRB
DES,RMBS,STK,SMART/ARCA,,,,,,|BOT|12/10/2013|3|-NRB|+NRB|-NRB
DES,TOL,STK,SMART/ARCA,,,,,,|BOT|12/10/2013|3|-NRB|+NRB|-NRB
DES,PBY,STK,SMART/ARCA,,,,,,|SLD|12/10/2013|3|-NRB|+NRB|-NRB
DES,SWHC,STK,SMART/ARCA,,,,,,|BOT|12/11/2013|3|+NRB|-NRB|-NRB
DES,MA,STK,SMART/ARCA,,,,,,|BOT|12/11/2013|3|+NRB|-NRB|-NRB
DES,CYTR,STK,SMART/ARCA,,,,,,|BOT|12/11/2013|3|+NRB|-NRB|-NRB
DES,JOY,STK,SMART/ARCA,,,,,,|SLD|12/11/2013|3|+NRB|-NRB|-NRB
DES,COST,STK,SMART/ARCA,,,,,,|SLD|12/11/2013|3|+NRB|-NRB|-NRB
DES,LH,STK,SMART/ARCA,,,,,,|SLD|12/11/2013|3|+NRB|-NRB|-NRB
DES,AVNR,STK,SMART/ARCA,,,,,,|SLD|12/11/2013|3|+NRB|-NRB|-NRB
DES,FB,STK,SMART/ARCA,,,,,,|BOT|12/12/2013|3|+NRB|-NRB|-NRB
DES,LULU,STK,SMART/ARCA,,,,,,|SLD|12/12/2013|3|+NRB|-NRB|-NRB
DES,ADBE,STK,SMART/ARCA,,,,,,|BOT|12/13/2013|3|+NRB|-NRB|-NRB
DES,RH,STK,SMART/ARCA,,,,,,|SLD|12/13/2013|3|+NRB|-NRB|-NRB
DES,APC,STK,SMART/ARCA,,,,,,|SLD|12/13/2013|3|+NRB|-NRB|-NRB
DES,CBST,STK,SMART/ARCA,,,,,,|BOT|12/16/2013|3|+NRB|+NRB|+NRB
DES,AVGO,STK,SMART/ARCA,,,,,,|BOT|12/16/2013|3|+NRB|+NRB|+NRB
DES,CRUS,STK,SMART/ARCA,,,,,,|SLD|12/16/2013|3|+NRB|+NRB|+NRB
DES,KFN,STK,SMART/ARCA,,,,,,|BOT|12/17/2013|3|+NRB|+NRB|-NRB
DES,FTR,STK,SMART/ARCA,,,,,,|BOT|12/17/2013|3|+NRB|+NRB|-NRB
DES,PMCS,STK,SMART/ARCA,,,,,,|BOT|12/17/2013|3|+NRB|+NRB|-NRB
DES,LEN,STK,SMART/ARCA,,,,,,|BOT|12/18/2013|3|+NRB|-NRB|+WRB
DES,PAY,STK,SMART/ARCA,,,,,,|SLD|12/18/2013|3|+NRB|-NRB|+WRB
DES,JBL,STK,SMART/ARCA,,,,,,|SLD|12/18/2013|3|+NRB|-NRB|+WRB
DES,F,STK,SMART/ARCA,,,,,,|SLD|12/18/2013|3|+NRB|-NRB|+WNRB
DES,CAG,STK,SMART/ARCA,,,,,,|BOT|12/19/2013|3|+NRB|+NRB|+NRB
DES,ACN,STK,SMART/ARCA,,,,,,|BOT|12/19/2013|3|+NRB|+NRB|+NRB
DES,RAD,STK,SMART/ARCA,,,,,,|SLD|12/19/2013|3|+NRB|+NRB|+NRB
DES,DRI,STK,SMART/ARCA,,,,,,|SLD|12/19/2013|3|+NRB|+NRB|+NRB
DES,CIE,STK,SMART/ARCA,,,,,,|SLD|12/19/2013|3|+NRB|+NRB|+NRB
DES,FE,STK,SMART/ARCA,,,,,,|BOT|12/20/2013|3|+NRB|+NRB|+NRB
DES,FINL,STK,SMART/ARCA,,,,,,|BOT|12/20/2013|3|+NRB|+NRB|+NRB
DES,RHT,STK,SMART/ARCA,,,,,,|BOT|12/20/2013|3|+NRB|+NRB|+NRB
DES,KMX,STK,SMART/ARCA,,,,,,|SLD|12/20/2013|3|+NRB|+NRB|+NRB
DES,WAG,STK,SMART/ARCA,,,,,,|SLD|12/20/2013|3|+NRB|+NRB|+NRB
DES,TIBX,STK,SMART/ARCA,,,,,,|SLD|12/20/2013|3|+NRB|+NRB|+NRB
DES,NAV,STK,SMART/ARCA,,,,,,|SLD|12/20/2013|3|+NRB|+NRB|+NRB
DES,UTHR,STK,SMART/ARCA,,,,,,|BOT|12/23/2013|3|+NRB|+NRB|+NRB
DES,AAPL,STK,SMART/ARCA,,,,,,|BOT|12/23/2013|3|+NRB|+NRB|+NRB
DES,TIF,STK,SMART/ARCA,,,,,,|SLD|12/23/2013|3|+NRB|+NRB|+NRB
DES,CROX,STK,SMART/ARCA,,,,,,|BOT|12/30/2013|3|+NRB|+NRB|-NRB
DES,MYGN,STK,SMART/ARCA,,,,,,|SLD|12/30/2013|3|+NRB|+NRB|-NRB
DES,TWTR,STK,SMART/ARCA,,,,,,|SLD|12/30/2013|3|+NRB|+NRB|-NRB


