DES,CHK,STK,SMART,,,,,,|BOT|01/03/2012|3|+NRB|+NRB|+WRB
DES,RMBS,STK,SMART,,,,,,|BOT|01/03/2012|3|+NRB|+NRB|+WRB
DES,MO,STK,SMART,,,,,,|SLD|01/03/2012|3|+NRB|+NRB|+WRB
DES,MCHP,STK,SMART,,,,,,|SLD|01/03/2012|3|+NRB|+NRB|+WRB
DES,TIVO,STK,SMART,,,,,,|BOT|01/04/2012|3|-NRB|+NRB|-NRB
DES,LULU,STK,SMART,,,,,,|BOT|01/04/2012|3|-NRB|+NRB|-NRB
DES,APKT,STK,SMART,,,,,,|SLD|01/04/2012|3|-NRB|+NRB|-NRB
DES,AMRN,STK,SMART,,,,,,|SLD|01/04/2012|3|-NRB|+NRB|-NRB
DES,NTAP,STK,SMART,,,,,,|SLD|01/04/2012|3|-NRB|+NRB|-NRB
DES,ZUMZ,STK,SMART,,,,,,|BOT|01/05/2012|2|-NRB|+NRB|-NRB
DES,WDC,STK,SMART,,,,,,|BOT|01/05/2012|3|-NRB|+NRB|-NRB
DES,STX,STK,SMART,,,,,,|BOT|01/05/2012|3|-NRB|+NRB|-NRB
DES,MRVL,STK,SMART,,,,,,|BOT|01/05/2012|3|-NRB|+NRB|-NRB
DES,MON,STK,SMART,,,,,,|BOT|01/05/2012|3|-NRB|+NRB|-NRB
DES,AEO,STK,SMART,,,,,,|SLD|01/05/2012|3|-NRB|+NRB|-NRB
DES,PLCE,STK,SMART,,,,,,|SLD|01/05/2012|3|-NRB|+NRB|-NRB
DES,JCP,STK,SMART,,,,,,|SLD|01/05/2012|3|-NRB|+NRB|-NRB
DES,VLO,STK,SMART,,,,,,|SLD|01/05/2012|3|-NRB|+NRB|-NRB
DES,TSO,STK,SMART,,,,,,|SLD|01/05/2012|3|-NRB|+NRB|-NRB
DES,KITD,STK,SMART,,,,,,|BOT|01/06/2012|3|-NRB|-NRB|-NRB
DES,APOL,STK,SMART,,,,,,|BOT|01/06/2012|3|-NRB|-NRB|-NRB
DES,DNDN,STK,SMART,,,,,,|BOT|01/06/2012|3|-NRB|-NRB|-NRB
DES,BSX,STK,SMART,,,,,,|BOT|01/06/2012|3|-NRB|-NRB|-NRB
DES,VPHM,STK,SMART,,,,,,|BOT|01/06/2012|3|-NRB|-NRB|-NRB
DES,FDO,STK,SMART,,,,,,|SLD|01/06/2012|3|-NRB|-NRB|-NRB
DES,GPN,STK,SMART,,,,,,|SLD|01/06/2012|3|-NRB|-NRB|-NRB
DES,AA,STK,SMART,,,,,,|SLD|01/06/2012|3|-NRB|-NRB|-NRB
DES,CREE,STK,SMART,,,,,,|BOT|01/09/2012|3|+NRB|-NRB|+NRB
DES,NFLX,STK,SMART,,,,,,|BOT|01/09/2012|3|+NRB|-NRB|+NRB
DES,HGSI,STK,SMART,,,,,,|BOT|01/09/2012|3|+NRB|-NRB|+NRB
DES,DNDN,STK,SMART,,,,,,|BOT|01/09/2012|3|+NRB|-NRB|+NRB
DES,GSK,STK,SMART,,,,,,|SLD|01/09/2012|3|+NRB|-NRB|+NRB
DES,CRUS,STK,SMART,,,,,,|BOT|01/10/2012|3|+WRB|-NRB|+WRB
DES,AA,STK,SMART,,,,,,|BOT|01/10/2012|3|+WRB|-NRB|+WRB
DES,FCX,STK,SMART,,,,,,|BOT|01/10/2012|3|+WRB|-NRB|+WRB
DES,LULU,STK,SMART,,,,,,|BOT|01/10/2012|3|+WRB|-NRB|+WRB
DES,REGN,STK,SMART,,,,,,|BOT|01/10/2012|3|+WRB|-NRB|+WRB
DES,TIF,STK,SMART,,,,,,|SLD|01/10/2012|2|+WRB|-NRB|+WRB
DES,LIZ,STK,SMART,,,,,,|SLD|01/10/2012|3|+WRB|-NRB|+WRB
DES,HMA,STK,SMART,,,,,,|SLD|01/10/2012|3|+WRB|-NRB|+WRB
DES,PHH,STK,SMART,,,,,,|SLD|01/10/2012|3|+WRB|-NRB|+WRB
DES,ILMN,STK,SMART,,,,,,|SLD|01/10/2012|3|+WRB|-NRB|+WRB
DES,WBMD,STK,SMART,,,,,,|SLD|01/10/2012|3|+WRB|-NRB|+WRB
DES,CROX,STK,SMART,,,,,,|BOT|01/11/2012|3|+NRB|+NRB|-NRB
DES,YOKU,STK,SMART,,,,,,|BOT|01/11/2012|3|+NRB|+NRB|-NRB
DES,URBN,STK,SMART,,,,,,|SLD|01/11/2012|3|+NRB|+NRB|-NRB
DES,SVU,STK,SMART,,,,,,|SLD|01/11/2012|3|+NRB|+NRB|-NRB
DES,DKS,STK,SMART,,,,,,|BOT|01/12/2012|3|+NRB|+NRB|+NRB
DES,EMC,STK,SMART,,,,,,|BOT|01/12/2012|3|+NRB|+NRB|+NRB
DES,TSCO,STK,SMART,,,,,,|BOT|01/12/2012|3|+NRB|+NRB|+NRB
DES,SINA,STK,SMART,,,,,,|BOT|01/12/2012|3|+NRB|+NRB|+NRB
DES,INFY,STK,SMART,,,,,,|SLD|01/12/2012|3|+NRB|+NRB|+NRB
DES,PMC,STK,SMART,,,,,,|SLD|01/12/2012|3|+NRB|+NRB|+NRB
DES,WSM,STK,SMART,,,,,,|SLD|01/12/2012|3|+NRB|+NRB|+NRB
DES,ROVI,STK,SMART,,,,,,|BOT|01/13/2012|3|+NRB|+NRB|-NRB
DES,DMND,STK,SMART,,,,,,|SLD|01/13/2012|3|+NRB|+NRB|-NRB
DES,PCX,STK,SMART,,,,,,|SLD|01/13/2012|3|+NRB|+NRB|-NRB
DES,JPM,STK,SMART,,,,,,|SLD|01/13/2012|3|+NRB|+NRB|-NRB
DES,BAC,STK,SMART,,,,,,|SLD|01/13/2012|3|+NRB|+NRB|-NRB
DES,MMR,STK,SMART,,,,,,|BOT|01/17/2012|3|-NRB|-NRB|+WRB
DES,TSLA,STK,SMART,,,,,,|BOT|01/17/2012|3|-NRB|-NRB|+WRB
DES,C,STK,SMART,,,,,,|SLD|01/17/2012|3|-NRB|-NRB|+WRB
DES,CPWR,STK,SMART,,,,,,|SLD|01/17/2012|3|-NRB|-NRB|+WRB
DES,CCL,STK,SMART,,,,,,|SLD|01/17/2012|3|-NRB|-NRB|+WRB
DES,LLTC,STK,SMART,,,,,,|BOT|01/18/2012|3|+NRB|+WRB|-WRB
DES,APH,STK,SMART,,,,,,|BOT|01/18/2012|3|+NRB|+WRB|-WRB
DES,YHOO,STK,SMART,,,,,,|BOT|01/18/2012|3|+NRB|+WRB|-WRB
DES,ASML,STK,SMART,,,,,,|BOT|01/18/2012|3|+NRB|+WRB|-WRB
DES,FAST,STK,SMART,,,,,,|SLD|01/18/2012|3|+NRB|+WRB|-WRB
DES,CREE,STK,SMART,,,,,,|SLD|01/18/2012|3|+NRB|+WRB|-WRB
DES,PNC,STK,SMART,,,,,,|SLD|01/18/2012|3|+NRB|+WRB|-WRB
DES,BK,STK,SMART,,,,,,|SLD|01/18/2012|3|+NRB|+WRB|-WRB
DES,BBRY,STK,SMART,,,,,,|SLD|01/18/2012|3|+NRB|+WRB|-WRB
DES,FFIV,STK,SMART,,,,,,|BOT|01/19/2012|3|+NRB|+NRB|+NRB
DES,UNP,STK,SMART,,,,,,|BOT|01/19/2012|3|+NRB|+NRB|+NRB
DES,KCG,STK,SMART,,,,,,|BOT|01/19/2012|3|+NRB|+NRB|+NRB
DES,BAC,STK,SMART,,,,,,|BOT|01/19/2012|3|+NRB|+NRB|+NRB
DES,MS,STK,SMART,,,,,,|BOT|01/19/2012|3|+NRB|+NRB|+NRB
DES,EBAY,STK,SMART,,,,,,|BOT|01/19/2012|3|+NRB|+NRB|+NRB
DES,XLNX,STK,SMART,,,,,,|BOT|01/19/2012|3|+NRB|+NRB|+NRB
DES,JCI,STK,SMART,,,,,,|SLD|01/19/2012|2|+NRB|+NRB|+NRB
DES,NAT,STK,SMART,,,,,,|SLD|01/19/2012|2|+NRB|+NRB|+NRB
DES,FCS,STK,SMART,,,,,,|SLD|01/19/2012|3|+NRB|+NRB|+NRB
DES,IBM,STK,SMART,,,,,,|BOT|01/20/2012|3|+NRB|+NRB|-NRB
DES,MSFT,STK,SMART,,,,,,|BOT|01/20/2012|3|+NRB|+NRB|-NRB
DES,SWKS,STK,SMART,,,,,,|BOT|01/20/2012|3|+NRB|+NRB|-NRB
DES,ASIA,STK,SMART,,,,,,|BOT|01/20/2012|3|+NRB|+NRB|-NRB
DES,GOOG,STK,SMART,,,,,,|SLD|01/20/2012|2|+NRB|+NRB|-NRB
DES,PH,STK,SMART,,,,,,|SLD|01/20/2012|3|+NRB|+NRB|-NRB
DES,COF,STK,SMART,,,,,,|SLD|01/20/2012|3|+NRB|+NRB|-NRB
DES,AXP,STK,SMART,,,,,,|SLD|01/20/2012|3|+NRB|+NRB|-NRB
DES,ARCC,STK,SMART,,,,,,|SLD|01/20/2012|3|+NRB|+NRB|-NRB
DES,FITB,STK,SMART,,,,,,|SLD|01/20/2012|3|+NRB|+NRB|-NRB
DES,GE,STK,SMART,,,,,,|SLD|01/20/2012|3|+NRB|+NRB|-NRB
DES,CHK,STK,SMART,,,,,,|BOT|01/23/2012|3|+NRB|+NRB|-NRB
DES,PETS,STK,SMART,,,,,,|BOT|01/23/2012|3|+NRB|+NRB|-NRB
DES,BBRY,STK,SMART,,,,,,|SLD|01/23/2012|3|+NRB|+NRB|-NRB
DES,HAL,STK,SMART,,,,,,|SLD|01/23/2012|3|+NRB|+NRB|-NRB
DES,VMW,STK,SMART,,,,,,|BOT|01/24/2012|3|+NRB|+NRB|-NRB
DES,JAH,STK,SMART,,,,,,|BOT|01/24/2012|3|+NRB|+NRB|-NRB
DES,DGX,STK,SMART,,,,,,|BOT|01/24/2012|3|+NRB|+NRB|-NRB
DES,WDC,STK,SMART,,,,,,|BOT|01/24/2012|3|+NRB|+NRB|-NRB
DES,COH,STK,SMART,,,,,,|BOT|01/24/2012|3|+NRB|+NRB|-NRB
DES,EAT,STK,SMART,,,,,,|SLD|01/24/2012|3|+NRB|+NRB|-NRB
DES,ZION,STK,SMART,,,,,,|SLD|01/24/2012|3|+NRB|+NRB|-NRB
DES,TCB,STK,SMART,,,,,,|SLD|01/24/2012|3|+NRB|+NRB|-NRB
DES,KMB,STK,SMART,,,,,,|SLD|01/24/2012|3|+NRB|+NRB|-NRB
DES,CSX,STK,SMART,,,,,,|SLD|01/24/2012|3|+NRB|+NRB|-NRB
DES,KSU,STK,SMART,,,,,,|SLD|01/24/2012|3|+NRB|+NRB|-NRB
DES,VZ,STK,SMART,,,,,,|SLD|01/24/2012|3|+NRB|+NRB|-NRB
DES,IDCC,STK,SMART,,,,,,|SLD|01/24/2012|3|+NRB|+WRB|-NRB
DES,LCC,STK,SMART,,,,,,|BOT|01/25/2012|3|+NRB|+WRB|-NRB
DES,DAL,STK,SMART,,,,,,|BOT|01/25/2012|3|+NRB|+WRB|-NRB
DES,TXT,STK,SMART,,,,,,|BOT|01/25/2012|3|+NRB|+WRB|-NRB
DES,TPX,STK,SMART,,,,,,|BOT|01/25/2012|3|+NRB|+WRB|-NRB
DES,TEL,STK,SMART,,,,,,|SLD|01/25/2012|3|+NRB|+WRB|-NRB
DES,AMD,STK,SMART,,,,,,|SLD|01/25/2012|3|+NRB|+WRB|-NRB
DES,FIO,STK,SMART,,,,,,|SLD|01/25/2012|3|+NRB|+WRB|-NRB
DES,ATI,STK,SMART,,,,,,|SLD|01/25/2012|3|+NRB|+WRB|-NRB
DES,RES,STK,SMART,,,,,,|SLD|01/25/2012|3|+NRB|+WRB|-NRB
DES,ALTR,STK,SMART,,,,,,|SLD|01/25/2012|3|+NRB|+WRB|-NRB
DES,GLW,STK,SMART,,,,,,|SLD|01/25/2012|3|+NRB|+WRB|-NRB
DES,NFLX,STK,SMART,,,,,,|BOT|01/26/2012|3|-NRB|-NRB|+NRB
DES,RTN,STK,SMART,,,,,,|BOT|01/26/2012|3|-NRB|-NRB|+NRB
DES,URI,STK,SMART,,,,,,|BOT|01/26/2012|3|-NRB|-NRB|+NRB
DES,LSI,STK,SMART,,,,,,|BOT|01/26/2012|3|-NRB|-NRB|+NRB
DES,CNX,STK,SMART,,,,,,|BOT|01/26/2012|3|-NRB|-NRB|+NRB
DES,VAR,STK,SMART,,,,,,|SLD|01/26/2012|3|-NRB|-NRB|+NRB
DES,ETFC,STK,SMART,,,,,,|SLD|01/26/2012|3|-NRB|-NRB|+NRB
DES,MWW,STK,SMART,,,,,,|SLD|01/26/2012|3|-NRB|-NRB|+NRB
DES,SNDK,STK,SMART,,,,,,|SLD|01/26/2012|3|-NRB|-NRB|+NRB
DES,ETN,STK,SMART,,,,,,|SLD|01/26/2012|3|-NRB|-NRB|+NRB
DES,INFA,STK,SMART,,,,,,|BOT|01/27/2012|3|+NRB|+NRB|-NRB
DES,KLAC,STK,SMART,,,,,,|BOT|01/27/2012|3|+NRB|+NRB|-NRB
DES,ELX,STK,SMART,,,,,,|BOT|01/27/2012|3|+NRB|+NRB|-NRB
DES,RIG,STK,SMART,,,,,,|BOT|01/27/2012|3|+NRB|+NRB|-NRB
DES,RMD,STK,SMART,,,,,,|BOT|01/27/2012|3|+NRB|+NRB|-NRB
DES,CPHD,STK,SMART,,,,,,|BOT|01/27/2012|3|+NRB|+NRB|-NRB
DES,VRSN,STK,SMART,,,,,,|BOT|01/27/2012|3|+NRB|+NRB|-NRB
DES,JNPR,STK,SMART,,,,,,|SLD|01/27/2012|3|+NRB|+NRB|-NRB
DES,DV,STK,SMART,,,,,,|SLD|01/27/2012|3|+NRB|+NRB|-NRB
DES,MXIM,STK,SMART,,,,,,|SLD|01/27/2012|3|+NRB|+NRB|-NRB
DES,F,STK,SMART,,,,,,|SLD|01/27/2012|3|+NRB|+NRB|-NRB
DES,TROW,STK,SMART,,,,,,|SLD|01/27/2012|3|+NRB|+NRB|-NRB
DES,CB,STK,SMART,,,,,,|SLD|01/27/2012|3|+NRB|+NRB|-NRB
DES,RMBS,STK,SMART,,,,,,|SLD|01/27/2012|3|+NRB|+NRB|-NRB
DES,RVBD,STK,SMART,,,,,,|SLD|01/27/2012|3|+NRB|+NRB|-NRB
DES,AMLN,STK,SMART,,,,,,|BOT|01/30/2012|3|+NRB|+NRB|-NRB
DES,LCC,STK,SMART,,,,,,|BOT|01/30/2012|3|+NRB|+NRB|-NRB
DES,PMC,STK,SMART,,,,,,|SLD|01/30/2012|3|+NRB|+NRB|-NRB
DES,RMBS,STK,SMART,,,,,,|SLD|01/30/2012|3|+NRB|+NRB|-NRB
DES,KOG,STK,SMART,,,,,,|SLD|01/30/2012|3|+NRB|+NRB|-NRB
DES,OSK,STK,SMART,,,,,,|BOT|01/31/2012|3|-NRB|-NRB|+NRB
DES,MAT,STK,SMART,,,,,,|BOT|01/31/2012|3|-NRB|-NRB|+NRB
DES,MHP,STK,SMART,,,,,,|BOT|01/31/2012|3|-NRB|-NRB|+NRB
DES,MCK,STK,SMART,,,,,,|BOT|01/31/2012|3|-NRB|-NRB|+NRB
DES,LXK,STK,SMART,,,,,,|BOT|01/31/2012|3|-NRB|-NRB|+NRB
DES,GNTX,STK,SMART,,,,,,|SLD|01/31/2012|3|-NRB|-NRB|+NRB
DES,AVY,STK,SMART,,,,,,|SLD|01/31/2012|3|-NRB|-NRB|+NRB
DES,ADM,STK,SMART,,,,,,|SLD|01/31/2012|3|-NRB|-NRB|+NRB
DES,ALGN,STK,SMART,,,,,,|SLD|01/31/2012|3|-NRB|-NRB|+NRB
DES,RSH,STK,SMART,,,,,,|SLD|01/31/2012|3|-NRB|-NRB|+NRB
DES,COCO,STK,SMART,,,,,,|BOT|02/01/2012|3|+NRB|+NRB|+NRB
DES,WHR,STK,SMART,,,,,,|BOT|02/01/2012|3|+NRB|+NRB|+NRB
DES,IACI,STK,SMART,,,,,,|BOT|02/01/2012|3|+NRB|+NRB|+NRB
DES,BRCM,STK,SMART,,,,,,|BOT|02/01/2012|3|+NRB|+NRB|+NRB
DES,MTW,STK,SMART,,,,,,|BOT|02/01/2012|3|+NRB|+NRB|+NRB
DES,CHRW,STK,SMART,,,,,,|SLD|02/01/2012|3|+NRB|+NRB|+NRB
DES,AMZN,STK,SMART,,,,,,|SLD|02/01/2012|3|+NRB|+NRB|+NRB
DES,NI,STK,SMART,,,,,,|SLD|02/01/2012|3|+NRB|+NRB|+NRB
DES,EA,STK,SMART,,,,,,|BOT|02/02/2012|3|+NRB|+NRB|+NRB
DES,GMCR,STK,SMART,,,,,,|BOT|02/02/2012|3|+NRB|+NRB|+NRB
DES,BIG,STK,SMART,,,,,,|BOT|02/02/2012|3|+NRB|+NRB|+NRB
DES,CDNS,STK,SMART,,,,,,|BOT|02/02/2012|3|+NRB|+NRB|+NRB
DES,ALL,STK,SMART,,,,,,|BOT|02/02/2012|3|+NRB|+NRB|+NRB
DES,GPS,STK,SMART,,,,,,|BOT|02/02/2012|3|+NRB|+NRB|+NRB
DES,AMP,STK,SMART,,,,,,|SLD|02/02/2012|3|+NRB|+NRB|+NRB
DES,ANN,STK,SMART,,,,,,|SLD|02/02/2012|3|+NRB|+NRB|+NRB
DES,ANF,STK,SMART,,,,,,|SLD|02/02/2012|3|+NRB|+NRB|+NRB
DES,BSX,STK,SMART,,,,,,|SLD|02/02/2012|3|+NRB|+NRB|+NRB
DES,RCL,STK,SMART,,,,,,|SLD|02/02/2012|3|+NRB|+NRB|+NRB
DES,ISIL,STK,SMART,,,,,,|SLD|02/02/2012|3|+NRB|+NRB|+NRB
DES,CI,STK,SMART,,,,,,|SLD|02/02/2012|3|+NRB|+NRB|+NRB
DES,VIAB,STK,SMART,,,,,,|SLD|02/02/2012|3|+NRB|+NRB|+NRB
DES,TSN,STK,SMART,,,,,,|BOT|02/03/2012|3|+NRB|+NRB|+WRB
DES,GNW,STK,SMART,,,,,,|BOT|02/03/2012|3|+NRB|+NRB|+WRB
DES,SUN,STK,SMART,,,,,,|BOT|02/03/2012|3|+NRB|+NRB|+WRB
DES,DRIV,STK,SMART,,,,,,|BOT|02/03/2012|3|+NRB|+NRB|+WRB
DES,INFN,STK,SMART,,,,,,|BOT|02/03/2012|3|+NRB|+NRB|+WRB
DES,EW,STK,SMART,,,,,,|SLD|02/03/2012|3|+NRB|+NRB|+WRB
DES,EL,STK,SMART,,,,,,|SLD|02/03/2012|3|+NRB|+NRB|+WRB
DES,APKT,STK,SMART,,,,,,|SLD|02/03/2012|3|+NRB|+NRB|+WRB
DES,WYNN,STK,SMART,,,,,,|SLD|02/03/2012|3|+NRB|+NRB|+WRB
DES,SOHU,STK,SMART,,,,,,|SLD|02/06/2012|3|+NRB|+NRB|-NRB
DES,HAS,STK,SMART,,,,,,|SLD|02/06/2012|3|+NRB|+NRB|-NRB
DES,YUM,STK,SMART,,,,,,|BOT|02/07/2012|3|+NRB|+NRB|-NRB
DES,VECO,STK,SMART,,,,,,|BOT|02/07/2012|3|+NRB|+NRB|-NRB
DES,PRGO,STK,SMART,,,,,,|BOT|02/07/2012|3|+NRB|+NRB|-NRB
DES,AMLN,STK,SMART,,,,,,|BOT|02/07/2012|3|+NRB|+NRB|-NRB
DES,NCR,STK,SMART,,,,,,|BOT|02/07/2012|3|+NRB|+NRB|-NRB
DES,CSTR,STK,SMART,,,,,,|BOT|02/07/2012|3|+NRB|+NRB|-NRB
DES,BDX,STK,SMART,,,,,,|SLD|02/07/2012|3|+NRB|+NRB|-NRB
DES,CFX,STK,SMART,,,,,,|SLD|02/07/2012|3|+NRB|+NRB|-NRB
DES,PMCS,STK,SMART,,,,,,|SLD|02/07/2012|3|+NRB|+NRB|-NRB
DES,SBH,STK,SMART,,,,,,|SLD|02/07/2012|3|+NRB|+NRB|-NRB
DES,EMR,STK,SMART,,,,,,|SLD|02/07/2012|3|+NRB|+NRB|-NRB
DES,VSH,STK,SMART,,,,,,|SLD|02/07/2012|3|+NRB|+NRB|-NRB
DES,VMED,STK,SMART,,,,,,|BOT|02/08/2012|3|+NRB|+NRB|+NRB
DES,TWX,STK,SMART,,,,,,|BOT|02/08/2012|3|+NRB|+NRB|+NRB
DES,CSC,STK,SMART,,,,,,|BOT|02/08/2012|3|+NRB|+NRB|+NRB
DES,RMBS,STK,SMART,,,,,,|BOT|02/08/2012|3|+NRB|+NRB|+NRB
DES,VCLK,STK,SMART,,,,,,|BOT|02/08/2012|3|+NRB|+NRB|+NRB
DES,GLUU,STK,SMART,,,,,,|BOT|02/08/2012|3|+NRB|+NRB|+NRB
DES,RL,STK,SMART,,,,,,|BOT|02/08/2012|3|+NRB|+NRB|+NRB
DES,CERN,STK,SMART,,,,,,|BOT|02/08/2012|3|+NRB|+NRB|+NRB
DES,AINV,STK,SMART,,,,,,|SLD|02/08/2012|3|+NRB|+NRB|+NRB
DES,WU,STK,SMART,,,,,,|SLD|02/08/2012|3|+NRB|+NRB|+NRB
DES,CBG,STK,SMART,,,,,,|SLD|02/08/2012|3|+NRB|+NRB|+NRB
DES,SCSS,STK,SMART,,,,,,|BOT|02/09/2012|3|+NRB|+NRB|+NRB
DES,CVA,STK,SMART,,,,,,|BOT|02/09/2012|3|+NRB|+NRB|+NRB
DES,V,STK,SMART,,,,,,|BOT|02/09/2012|3|+NRB|+NRB|+NRB
DES,LO,STK,SMART,,,,,,|BOT|02/09/2012|3|+NRB|+NRB|+NRB
DES,ALXN,STK,SMART,,,,,,|BOT|02/09/2012|3|+NRB|+NRB|+NRB
DES,AKAM,STK,SMART,,,,,,|BOT|02/09/2012|3|+NRB|+NRB|+NRB
DES,ONNN,STK,SMART,,,,,,|BOT|02/09/2012|3|+NRB|+NRB|+NRB
DES,PEP,STK,SMART,,,,,,|SLD|02/09/2012|3|+NRB|+NRB|+NRB
DES,BGC,STK,SMART,,,,,,|SLD|02/09/2012|3|+NRB|+NRB|+NRB
DES,KKR,STK,SMART,,,,,,|SLD|02/09/2012|3|+NRB|+NRB|+NRB
DES,TRIP,STK,SMART,,,,,,|SLD|02/09/2012|3|+NRB|+NRB|+NRB
DES,GRPN,STK,SMART,,,,,,|SLD|02/09/2012|3|+NRB|+NRB|+NRB
DES,LNKD,STK,SMART,,,,,,|BOT|02/10/2012|2|+NRB|+NRB|-WRB
DES,NXPI,STK,SMART,,,,,,|BOT|02/10/2012|3|+NRB|+NRB|-WRB
DES,PL,STK,SMART,,,,,,|BOT|02/10/2012|3|+NRB|+NRB|-WRB
DES,PSEC,STK,SMART,,,,,,|BOT|02/10/2012|3|+NRB|+NRB|-WRB
DES,NUAN,STK,SMART,,,,,,|SLD|02/10/2012|3|+NRB|+NRB|-WRB
DES,EXPE,STK,SMART,,,,,,|SLD|02/10/2012|3|+NRB|+NRB|-WRB
DES,ACI,STK,SMART,,,,,,|SLD|02/10/2012|3|+NRB|+NRB|-WRB
DES,LYB,STK,SMART,,,,,,|SLD|02/10/2012|3|+NRB|+NRB|-WRB
DES,GDI,STK,SMART,,,,,,|SLD|02/10/2012|3|+NRB|+NRB|-WRB
DES,WPI,STK,SMART,,,,,,|BOT|02/14/2012|2|+NRB|+NRB|-NRB
DES,RAX,STK,SMART,,,,,,|BOT|02/14/2012|3|+NRB|+NRB|-NRB
DES,HMA,STK,SMART,,,,,,|BOT|02/14/2012|3|+NRB|+NRB|-NRB
DES,CVI,STK,SMART,,,,,,|BOT|02/14/2012|3|+NRB|+NRB|-NRB
DES,KORS,STK,SMART,,,,,,|BOT|02/14/2012|3|+NRB|+NRB|-NRB
DES,MAS,STK,SMART,,,,,,|SLD|02/14/2012|3|+NRB|+NRB|-NRB
DES,UTHR,STK,SMART,,,,,,|SLD|02/14/2012|3|+NRB|+NRB|-NRB
DES,FOSL,STK,SMART,,,,,,|SLD|02/14/2012|3|+NRB|+NRB|-NRB
DES,SGEN,STK,SMART,,,,,,|SLD|02/14/2012|3|+NRB|+NRB|-NRB
DES,FSLR,STK,SMART,,,,,,|SLD|02/14/2012|3|+NRB|+NRB|-NRB
DES,GT,STK,SMART,,,,,,|SLD|02/14/2012|3|+NRB|+NRB|-NRB
DES,ANF,STK,SMART,,,,,,|BOT|02/15/2012|3|+NRB|-NRB|+NRB
DES,MET,STK,SMART,,,,,,|BOT|02/15/2012|3|+NRB|-NRB|+NRB
DES,K,STK,SMART,,,,,,|BOT|02/15/2012|3|+NRB|-NRB|+NRB
DES,TEVA,STK,SMART,,,,,,|BOT|02/15/2012|3|+NRB|-NRB|+NRB
DES,XEC,STK,SMART,,,,,,|BOT|02/15/2012|3|+NRB|-NRB|+NRB
DES,HIG,STK,SMART,,,,,,|BOT|02/15/2012|3|+NRB|-NRB|+NRB
DES,DF,STK,SMART,,,,,,|BOT|02/15/2012|3|+NRB|-NRB|+NRB
DES,DVN,STK,SMART,,,,,,|BOT|02/15/2012|3|+NRB|-NRB|+NRB
DES,FTI,STK,SMART,,,,,,|SLD|02/15/2012|3|+NRB|-NRB|+NRB
DES,OC,STK,SMART,,,,,,|SLD|02/15/2012|3|+NRB|-NRB|+NRB
DES,WSH,STK,SMART,,,,,,|SLD|02/15/2012|3|+NRB|-NRB|+NRB
DES,SAPE,STK,SMART,,,,,,|SLD|02/15/2012|3|+NRB|-NRB|+NRB
DES,ZNGA,STK,SMART,,,,,,|SLD|02/15/2012|3|+NRB|-NRB|+NRB
DES,AAP,STK,SMART,,,,,,|BOT|02/16/2012|3|+NRB|+WRB|-NRB
DES,DISCA,STK,SMART,,,,,,|BOT|02/16/2012|3|+NRB|+WRB|-NRB
DES,TRW,STK,SMART,,,,,,|BOT|02/16/2012|3|+NRB|+WRB|-NRB
DES,GNC,STK,SMART,,,,,,|BOT|02/16/2012|3|+NRB|+WRB|-NRB
DES,NTAP,STK,SMART,,,,,,|BOT|02/16/2012|3|+NRB|+WRB|-NRB
DES,WFR,STK,SMART,,,,,,|BOT|02/16/2012|3|+NRB|+WRB|-NRB
DES,SKX,STK,SMART,,,,,,|SLD|02/16/2012|3|+NRB|+WRB|-NRB
DES,CAR,STK,SMART,,,,,,|SLD|02/16/2012|3|+NRB|+WRB|-NRB
DES,CBS,STK,SMART,,,,,,|SLD|02/16/2012|3|+NRB|+WRB|-NRB
DES,NVDA,STK,SMART,,,,,,|SLD|02/16/2012|3|+NRB|+WRB|-NRB
DES,ACOM,STK,SMART,,,,,,|SLD|02/16/2012|3|+NRB|+WRB|-NRB
DES,VRTX,STK,SMART,,,,,,|BOT|02/17/2012|3|+NRB|+NRB|+NRB
DES,DVA,STK,SMART,,,,,,|BOT|02/17/2012|3|+NRB|+NRB|+NRB
DES,ECA,STK,SMART,,,,,,|BOT|02/17/2012|3|+NRB|+NRB|+NRB
DES,HNZ,STK,SMART,,,,,,|BOT|02/17/2012|3|+NRB|+NRB|+NRB
DES,ACHN,STK,SMART,,,,,,|BOT|02/17/2012|3|+NRB|+NRB|+NRB
DES,AMAT,STK,SMART,,,,,,|BOT|02/17/2012|3|+NRB|+NRB|+NRB
DES,GIS,STK,SMART,,,,,,|SLD|02/17/2012|3|+NRB|+NRB|+NRB
DES,MDRX,STK,SMART,,,,,,|SLD|02/17/2012|3|+NRB|+NRB|+NRB
DES,GILD,STK,SMART,,,,,,|SLD|02/17/2012|3|+NRB|+NRB|+NRB
DES,SWC,STK,SMART,,,,,,|BOT|02/21/2012|3|+NRB|-NRB|+NRB
DES,M,STK,SMART,,,,,,|BOT|02/21/2012|3|+NRB|-NRB|+NRB
DES,HL,STK,SMART,,,,,,|BOT|02/21/2012|3|+NRB|-NRB|+NRB
DES,SKS,STK,SMART,,,,,,|BOT|02/21/2012|3|+NRB|-NRB|+NRB
DES,HD,STK,SMART,,,,,,|BOT|02/21/2012|3|+NRB|-NRB|+NRB
DES,WMT,STK,SMART,,,,,,|SLD|02/21/2012|3|+NRB|-NRB|+NRB
DES,WFT,STK,SMART,,,,,,|SLD|02/21/2012|3|+NRB|-NRB|+NRB
DES,CTRP,STK,SMART,,,,,,|SLD|02/21/2012|3|+NRB|-NRB|+NRB
DES,CIEN,STK,SMART,,,,,,|SLD|02/21/2012|3|+NRB|-NRB|+NRB
DES,RIG,STK,SMART,,,,,,|SLD|02/21/2012|3|+NRB|-NRB|+NRB
DES,CYH,STK,SMART,,,,,,|BOT|02/22/2012|3|+NRB|-NRB|-NRB
DES,MOS,STK,SMART,,,,,,|BOT|02/22/2012|3|+NRB|-NRB|-NRB
DES,INTU,STK,SMART,,,,,,|BOT|02/22/2012|3|+NRB|-NRB|-NRB
DES,TXRH,STK,SMART,,,,,,|BOT|02/22/2012|3|+NRB|-NRB|-NRB
DES,RRC,STK,SMART,,,,,,|BOT|02/22/2012|3|+NRB|-NRB|-NRB
DES,CHS,STK,SMART,,,,,,|BOT|02/22/2012|3|+NRB|-NRB|-NRB
DES,FST,STK,SMART,,,,,,|SLD|02/22/2012|3|+NRB|-NRB|-NRB
DES,CAKE,STK,SMART,,,,,,|SLD|02/22/2012|3|+NRB|-NRB|-NRB
DES,DELL,STK,SMART,,,,,,|SLD|02/22/2012|3|+NRB|-NRB|-NRB
DES,MGM,STK,SMART,,,,,,|SLD|02/22/2012|3|+NRB|-NRB|-NRB
DES,DLTR,STK,SMART,,,,,,|SLD|02/22/2012|3|+NRB|-NRB|-NRB
DES,EXH,STK,SMART,,,,,,|BOT|02/23/2012|3|+NRB|+NRB|+NRB
DES,SHLD,STK,SMART,,,,,,|BOT|02/23/2012|3|+NRB|+NRB|+NRB
DES,RIG,STK,SMART,,,,,,|BOT|02/23/2012|3|+NRB|+NRB|+NRB
DES,WLL,STK,SMART,,,,,,|BOT|02/23/2012|3|+NRB|+NRB|+NRB
DES,PCS,STK,SMART,,,,,,|BOT|02/23/2012|3|+NRB|+NRB|+NRB
DES,ONXX,STK,SMART,,,,,,|BOT|02/23/2012|3|+NRB|+NRB|+NRB
DES,HPQ,STK,SMART,,,,,,|SLD|02/23/2012|3|+NRB|+NRB|+NRB
DES,PPO,STK,SMART,,,,,,|SLD|02/23/2012|3|+NRB|+NRB|+NRB
DES,KSS,STK,SMART,,,,,,|SLD|02/23/2012|3|+NRB|+NRB|+NRB
DES,IRM,STK,SMART,,,,,,|SLD|02/23/2012|3|+NRB|+NRB|+NRB
DES,LTD,STK,SMART,,,,,,|SLD|02/23/2012|3|+NRB|+NRB|+NRB
DES,NIHD,STK,SMART,,,,,,|SLD|02/23/2012|3|+NRB|+NRB|+NRB
DES,CXO,STK,SMART,,,,,,|SLD|02/23/2012|3|+NRB|+NRB|+NRB
DES,OVTI,STK,SMART,,,,,,|BOT|02/24/2012|3|+NRB|+NRB|+NRB
DES,AIG,STK,SMART,,,,,,|BOT|02/24/2012|3|+NRB|+NRB|+NRB
DES,IPG,STK,SMART,,,,,,|BOT|02/24/2012|3|+NRB|+NRB|+NRB
DES,MGA,STK,SMART,,,,,,|BOT|02/24/2012|3|+NRB|+NRB|+NRB
DES,CRM,STK,SMART,,,,,,|BOT|02/24/2012|3|+NRB|+NRB|+NRB
DES,KND,STK,SMART,,,,,,|SLD|02/24/2012|3|+NRB|+NRB|+NRB
DES,CROX,STK,SMART,,,,,,|SLD|02/24/2012|3|+NRB|+NRB|+NRB
DES,DECK,STK,SMART,,,,,,|SLD|02/24/2012|3|+NRB|+NRB|+NRB
DES,JCP,STK,SMART,,,,,,|SLD|02/24/2012|3|+NRB|+NRB|+NRB
DES,WCRX,STK,SMART,,,,,,|SLD|02/24/2012|3|+NRB|+NRB|+NRB
DES,LNG,STK,SMART,,,,,,|BOT|02/27/2012|3|+NRB|+NRB|-NRB
DES,MHS,STK,SMART,,,,,,|BOT|02/27/2012|3|+NRB|+NRB|-NRB
DES,RIG,STK,SMART,,,,,,|BOT|02/27/2012|3|+NRB|+NRB|-NRB
DES,ESRX,STK,SMART,,,,,,|BOT|02/27/2012|3|+NRB|+NRB|-NRB
DES,DNDN,STK,SMART,,,,,,|SLD|02/27/2012|3|+NRB|+NRB|-NRB
DES,KWK,STK,SMART,,,,,,|SLD|02/27/2012|3|+NRB|+NRB|-NRB
DES,MCP,STK,SMART,,,,,,|SLD|02/27/2012|3|+NRB|+NRB|-NRB
DES,MENT,STK,SMART,,,,,,|BOT|02/28/2012|3|+NRB|+NRB|+NRB
DES,ZAGG,STK,SMART,,,,,,|BOT|02/28/2012|3|+NRB|+NRB|+NRB
DES,SINA,STK,SMART,,,,,,|BOT|02/28/2012|3|+NRB|+NRB|+NRB
DES,AMED,STK,SMART,,,,,,|BOT|02/28/2012|3|+NRB|+NRB|+NRB
DES,SWN,STK,SMART,,,,,,|SLD|02/28/2012|3|+NRB|+NRB|+NRB
DES,TC,STK,SMART,,,,,,|SLD|02/28/2012|3|+NRB|+NRB|+NRB
DES,NOG,STK,SMART,,,,,,|BOT|02/29/2012|3|+NRB|-NRB|+NRB
DES,PSS,STK,SMART,,,,,,|BOT|02/29/2012|3|+NRB|-NRB|+NRB
DES,VRSK,STK,SMART,,,,,,|BOT|02/29/2012|3|+NRB|-NRB|+NRB
DES,DWA,STK,SMART,,,,,,|SLD|02/29/2012|3|+NRB|-NRB|+NRB
DES,GNTX,STK,SMART,,,,,,|SLD|02/29/2012|3|+NRB|-NRB|+NRB
DES,FSLR,STK,SMART,,,,,,|SLD|02/29/2012|3|+NRB|-NRB|+NRB
DES,SGMS,STK,SMART,,,,,,|SLD|02/29/2012|3|+NRB|-NRB|+NRB
DES,JRCC,STK,SMART,,,,,,|BOT|03/01/2012|2|+NRB|+NRB|+NRB
DES,KR,STK,SMART,,,,,,|BOT|03/01/2012|3|+NRB|+NRB|+NRB
DES,GPS,STK,SMART,,,,,,|BOT|03/01/2012|3|+NRB|+NRB|+NRB
DES,BID,STK,SMART,,,,,,|SLD|03/01/2012|3|+NRB|+NRB|+NRB
DES,PETM,STK,SMART,,,,,,|SLD|03/01/2012|3|+NRB|+NRB|+NRB
DES,BBRY,STK,SMART,,,,,,|SLD|03/01/2012|3|+NRB|+NRB|+NRB
DES,FNSR,STK,SMART,,,,,,|SLD|03/01/2012|3|+NRB|+NRB|+NRB
DES,SFLY,STK,SMART,,,,,,|BOT|03/02/2012|3|+NRB|+NRB|-NRB
DES,RENN,STK,SMART,,,,,,|BOT|03/02/2012|3|+NRB|+NRB|-NRB
DES,SLE,STK,SMART,,,,,,|BOT|03/02/2012|3|+NRB|+NRB|-NRB
DES,SINA,STK,SMART,,,,,,|BOT|03/02/2012|3|+NRB|+NRB|-NRB
DES,ZNGA,STK,SMART,,,,,,|BOT|03/02/2012|3|+NRB|+NRB|-NRB
DES,ASNA,STK,SMART,,,,,,|BOT|03/02/2012|3|+NRB|+NRB|-NRB
DES,BIG,STK,SMART,,,,,,|SLD|03/02/2012|3|+NRB|+NRB|-NRB
DES,FL,STK,SMART,,,,,,|SLD|03/02/2012|3|+NRB|+NRB|-NRB
DES,MCP,STK,SMART,,,,,,|BOT|03/05/2012|3|+NRB|-NRB|-NRB
DES,MWW,STK,SMART,,,,,,|BOT|03/06/2012|3|+NRB|+NRB|-NRB
DES,OVTI,STK,SMART,,,,,,|BOT|03/06/2012|3|+NRB|+NRB|-NRB
DES,PAY,STK,SMART,,,,,,|BOT|03/06/2012|3|+NRB|+NRB|-NRB
DES,NTRI,STK,SMART,,,,,,|SLD|03/06/2012|3|+NRB|+NRB|-NRB
DES,VVUS,STK,SMART,,,,,,|SLD|03/06/2012|3|+NRB|+NRB|-NRB
DES,MRK,STK,SMART,,,,,,|SLD|03/06/2012|3|+NRB|+NRB|-NRB
DES,CIEN,STK,SMART,,,,,,|BOT|03/07/2012|3|+NRB|+NRB|+NRB
DES,AEO,STK,SMART,,,,,,|BOT|03/07/2012|3|+NRB|+NRB|+NRB
DES,MAKO,STK,SMART,,,,,,|BOT|03/07/2012|3|+NRB|+NRB|+NRB
DES,CSIQ,STK,SMART,,,,,,|SLD|03/07/2012|3|+NRB|+NRB|+NRB
DES,AYR,STK,SMART,,,,,,|SLD|03/07/2012|3|+NRB|+NRB|+NRB
DES,PLCE,STK,SMART,,,,,,|SLD|03/07/2012|3|+NRB|+NRB|+NRB
DES,P,STK,SMART,,,,,,|SLD|03/07/2012|3|+NRB|+NRB|+NRB
DES,SQNM,STK,SMART,,,,,,|BOT|03/08/2012|3|+NRB|+NRB|+WRB
DES,FTK,STK,SMART,,,,,,|BOT|03/08/2012|3|+NRB|+NRB|+WRB
DES,NAV,STK,SMART,,,,,,|SLD|03/08/2012|3|+NRB|+NRB|+WRB
DES,MCD,STK,SMART,,,,,,|SLD|03/08/2012|3|+NRB|+NRB|+WRB
DES,AMLN,STK,SMART,,,,,,|SLD|03/08/2012|3|+NRB|+NRB|+WRB
DES,DNDN,STK,SMART,,,,,,|SLD|03/08/2012|3|+NRB|+NRB|+WRB
DES,ANN,STK,SMART,,,,,,|BOT|03/09/2012|3|+NRB|+NRB|+NRB
DES,QSFT,STK,SMART,,,,,,|BOT|03/09/2012|3|+NRB|+NRB|+NRB
DES,ARO,STK,SMART,,,,,,|BOT|03/09/2012|3|+NRB|+NRB|+NRB
DES,MCP,STK,SMART,,,,,,|BOT|03/09/2012|3|+NRB|+NRB|+NRB
DES,SBUX,STK,SMART,,,,,,|BOT|03/09/2012|3|+NRB|+NRB|+NRB
DES,SWHC,STK,SMART,,,,,,|BOT|03/09/2012|3|+NRB|+NRB|+NRB
DES,GMCR,STK,SMART,,,,,,|SLD|03/09/2012|3|+NRB|+NRB|+NRB
DES,YOKU,STK,SMART,,,,,,|BOT|03/12/2012|3|+NRB|+NRB|-NRB
DES,SINA,STK,SMART,,,,,,|BOT|03/12/2012|3|+NRB|+NRB|-NRB
DES,ORCL,STK,SMART,,,,,,|SLD|03/12/2012|3|+NRB|+NRB|-NRB
DES,KORS,STK,SMART,,,,,,|SLD|03/12/2012|3|+NRB|+NRB|-NRB
DES,URBN,STK,SMART,,,,,,|SLD|03/13/2012|3|-NRB|+WRB|+NRB
DES,CLNE,STK,SMART,,,,,,|SLD|03/13/2012|3|-NRB|+WRB|+NRB
DES,RF,STK,SMART,,,,,,|BOT|03/14/2012|3|-NRB|-NRB|+NRB
DES,CLF,STK,SMART,,,,,,|BOT|03/14/2012|3|-NRB|-NRB|+NRB
DES,ZION,STK,SMART,,,,,,|BOT|03/14/2012|3|-NRB|-NRB|+NRB
DES,PSUN,STK,SMART,,,,,,|SLD|03/14/2012|3|-NRB|-NRB|+NRB
DES,MET,STK,SMART,,,,,,|SLD|03/14/2012|3|-NRB|-NRB|+NRB
DES,ITMN,STK,SMART,,,,,,|BOT|03/15/2012|3|+NRB|+NRB|+NRB
DES,AMD,STK,SMART,,,,,,|BOT|03/15/2012|3|+NRB|+NRB|+NRB
DES,GES,STK,SMART,,,,,,|SLD|03/15/2012|3|+NRB|+NRB|+NRB
DES,VRA,STK,SMART,,,,,,|SLD|03/15/2012|3|+NRB|+NRB|+NRB
DES,PWRD,STK,SMART,,,,,,|BOT|03/16/2012|3|+NRB|+NRB|-NRB
DES,ATPG,STK,SMART,,,,,,|SLD|03/16/2012|3|+NRB|+NRB|-NRB
DES,DPZ,STK,SMART,,,,,,|BOT|03/19/2012|3|+NRB|+NRB|-NRB
DES,VRTX,STK,SMART,,,,,,|SLD|03/19/2012|3|+NRB|+NRB|-NRB
DES,TIF,STK,SMART,,,,,,|BOT|03/20/2012|3|+NRB|+NRB|-NRB
DES,LGF,STK,SMART,,,,,,|BOT|03/20/2012|3|+NRB|+NRB|-NRB
DES,JEF,STK,SMART,,,,,,|BOT|03/20/2012|3|+NRB|+NRB|-NRB
DES,KORS,STK,SMART,,,,,,|BOT|03/20/2012|3|+NRB|+NRB|-NRB
DES,FMCN,STK,SMART,,,,,,|BOT|03/20/2012|3|+NRB|+NRB|-NRB
DES,WMB,STK,SMART,,,,,,|BOT|03/20/2012|3|+NRB|+NRB|-NRB
DES,ADBE,STK,SMART,,,,,,|SLD|03/20/2012|3|+NRB|+NRB|-NRB
DES,ORCL,STK,SMART,,,,,,|BOT|03/21/2012|3|+NRB|+NRB|+NRB
DES,LNKD,STK,SMART,,,,,,|BOT|03/21/2012|3|+NRB|+NRB|+NRB
DES,HIG,STK,SMART,,,,,,|BOT|03/21/2012|3|+NRB|+NRB|+NRB
DES,BHI,STK,SMART,,,,,,|SLD|03/21/2012|3|+NRB|+NRB|+NRB
DES,JBL,STK,SMART,,,,,,|SLD|03/21/2012|3|+NRB|+NRB|+NRB
DES,AGO,STK,SMART,,,,,,|SLD|03/21/2012|3|+NRB|+NRB|+NRB
DES,HAL,STK,SMART,,,,,,|SLD|03/21/2012|3|+NRB|+NRB|+NRB
DES,DG,STK,SMART,,,,,,|BOT|03/22/2012|3|+NRB|+NRB|-NRB
DES,OPEN,STK,SMART,,,,,,|BOT|03/22/2012|3|+NRB|+NRB|-NRB
DES,SWHC,STK,SMART,,,,,,|BOT|03/22/2012|3|+NRB|+NRB|-NRB
DES,GME,STK,SMART,,,,,,|BOT|03/22/2012|3|+NRB|+NRB|-NRB
DES,GOLD,STK,SMART,,,,,,|SLD|03/22/2012|3|+NRB|+NRB|-NRB
DES,LULU,STK,SMART,,,,,,|SLD|03/22/2012|3|+NRB|+NRB|-NRB
DES,FDX,STK,SMART,,,,,,|SLD|03/22/2012|3|+NRB|+NRB|-NRB
DES,SLW,STK,SMART,,,,,,|BOT|03/23/2012|3|+NRB|+NRB|+NRB
DES,DHI,STK,SMART,,,,,,|SLD|03/23/2012|3|+NRB|+NRB|+NRB
DES,LEN,STK,SMART,,,,,,|SLD|03/23/2012|3|+NRB|+NRB|+NRB
DES,PHM,STK,SMART,,,,,,|SLD|03/23/2012|3|+NRB|+NRB|+NRB
DES,KBH,STK,SMART,,,,,,|SLD|03/23/2012|3|+NRB|+NRB|+NRB
DES,MU,STK,SMART,,,,,,|SLD|03/23/2012|3|+NRB|+NRB|+NRB
DES,WAG,STK,SMART,,,,,,|BOT|03/27/2012|3|+NRB|-NRB|+NRB
DES,LEN,STK,SMART,,,,,,|BOT|03/27/2012|3|+NRB|-NRB|+NRB
DES,FNSR,STK,SMART,,,,,,|BOT|03/27/2012|3|+NRB|-NRB|+NRB
DES,APOL,STK,SMART,,,,,,|SLD|03/27/2012|3|+NRB|-NRB|+NRB
DES,CHRS,STK,SMART,,,,,,|SLD|03/27/2012|3|+NRB|-NRB|+NRB
DES,MMR,STK,SMART,,,,,,|SLD|03/27/2012|3|+NRB|-NRB|+NRB
DES,HTS,STK,SMART,,,,,,|SLD|03/27/2012|3|+NRB|-NRB|+NRB
DES,CMC,STK,SMART,,,,,,|BOT|03/28/2012|3|+NRB|-NRB|-NRB
DES,RBN,STK,SMART,,,,,,|BOT|03/28/2012|3|+NRB|-NRB|-NRB
DES,AUQ,STK,SMART,,,,,,|BOT|03/28/2012|3|+NRB|-NRB|-NRB
DES,RHT,STK,SMART,,,,,,|BOT|03/29/2012|2|+NRB|+NRB|-NRB
DES,PSS,STK,SMART,,,,,,|BOT|03/29/2012|3|+NRB|+NRB|-NRB
DES,ILMN,STK,SMART,,,,,,|BOT|03/29/2012|3|+NRB|+NRB|-NRB
DES,BBY,STK,SMART,,,,,,|SLD|03/29/2012|3|+NRB|+NRB|-NRB
DES,MOS,STK,SMART,,,,,,|SLD|03/29/2012|3|+NRB|+NRB|-NRB
DES,VVUS,STK,SMART,,,,,,|SLD|03/29/2012|3|+NRB|+NRB|-NRB
DES,IMGN,STK,SMART,,,,,,|BOT|03/30/2012|3|+NRB|+NRB|+NRB
DES,FINL,STK,SMART,,,,,,|SLD|03/30/2012|3|+NRB|+NRB|+NRB
DES,XRTX,STK,SMART,,,,,,|SLD|03/30/2012|3|+NRB|+NRB|+NRB
DES,INVN,STK,SMART,,,,,,|SLD|03/30/2012|3|+NRB|+NRB|+NRB
DES,ESRX,STK,SMART,,,,,,|BOT|04/02/2012|3|+NRB|+WRB|-NRB
DES,SINA,STK,SMART,,,,,,|SLD|04/02/2012|3|+NRB|+WRB|-NRB
DES,URBN,STK,SMART,,,,,,|BOT|04/03/2012|3|+NRB|-NRB|-NRB
DES,SNDK,STK,SMART,,,,,,|SLD|04/04/2012|3|-NRB|-NRB|-NRB
DES,BBBY,STK,SMART,,,,,,|BOT|04/05/2012|2|+NRB|+NRB|-NRB
DES,TJX,STK,SMART,,,,,,|BOT|04/05/2012|3|+NRB|+NRB|-NRB
DES,ROST,STK,SMART,,,,,,|BOT|04/05/2012|3|+NRB|+NRB|-NRB
DES,HNT,STK,SMART,,,,,,|BOT|04/05/2012|3|+NRB|+NRB|-NRB
DES,PPG,STK,SMART,,,,,,|BOT|04/05/2012|3|+NRB|+NRB|-NRB
DES,STZ,STK,SMART,,,,,,|SLD|04/05/2012|2|+NRB|+NRB|-NRB
DES,PLCM,STK,SMART,,,,,,|SLD|04/05/2012|3|+NRB|+NRB|-NRB
DES,RT,STK,SMART,,,,,,|SLD|04/05/2012|3|+NRB|+NRB|-NRB
DES,SPPI,STK,SMART,,,,,,|SLD|04/05/2012|3|+NRB|+NRB|-NRB
DES,PMTC,STK,SMART,,,,,,|SLD|04/05/2012|3|+NRB|+NRB|-NRB
DES,GOLD,STK,SMART,,,,,,|BOT|04/09/2012|3|+NRB|+NRB|-WRB
DES,SVU,STK,SMART,,,,,,|BOT|04/10/2012|3|+NRB|-WRB|-NRB
DES,VVUS,STK,SMART,,,,,,|BOT|04/10/2012|3|+NRB|-WRB|-NRB
DES,VPHM,STK,SMART,,,,,,|SLD|04/10/2012|3|+NRB|-WRB|-NRB
DES,AA,STK,SMART,,,,,,|BOT|04/11/2012|3|+NRB|-NRB|+WRB
DES,FIO,STK,SMART,,,,,,|BOT|04/12/2012|3|+NRB|+WRB|+NRB
DES,TSCO,STK,SMART,,,,,,|BOT|04/12/2012|3|+NRB|+WRB|+NRB
DES,HCA,STK,SMART,,,,,,|BOT|04/12/2012|3|+NRB|+WRB|+NRB
DES,FAST,STK,SMART,,,,,,|SLD|04/12/2012|3|+NRB|+WRB|+NRB
DES,CSTR,STK,SMART,,,,,,|BOT|04/13/2012|3|+NRB|+NRB|-NRB
DES,CTSH,STK,SMART,,,,,,|SLD|04/13/2012|3|+NRB|+NRB|-NRB
DES,INFY,STK,SMART,,,,,,|SLD|04/13/2012|3|+NRB|+NRB|-NRB
DES,STX,STK,SMART,,,,,,|BOT|04/16/2012|3|+NRB|-NRB|+NRB
DES,C,STK,SMART,,,,,,|BOT|04/16/2012|3|+NRB|-NRB|+NRB
DES,MAT,STK,SMART,,,,,,|SLD|04/16/2012|3|+NRB|-NRB|+NRB
DES,BAX,STK,SMART,,,,,,|SLD|04/16/2012|3|+NRB|-NRB|+NRB
DES,MMR,STK,SMART,,,,,,|BOT|04/17/2012|3|+NRB|+WRB|+NRB
DES,IVN,STK,SMART,,,,,,|BOT|04/18/2012|3|+NRB|+NRB|-NRB
DES,DGX,STK,SMART,,,,,,|BOT|04/18/2012|3|+NRB|+NRB|-NRB
DES,PII,STK,SMART,,,,,,|BOT|04/18/2012|3|+NRB|+NRB|-NRB
DES,URI,STK,SMART,,,,,,|BOT|04/18/2012|3|+NRB|+NRB|-NRB
DES,GNW,STK,SMART,,,,,,|SLD|04/18/2012|3|+NRB|+NRB|-NRB
DES,IBM,STK,SMART,,,,,,|SLD|04/18/2012|3|+NRB|+NRB|-NRB
DES,INTC,STK,SMART,,,,,,|SLD|04/18/2012|3|+NRB|+NRB|-NRB
DES,CREE,STK,SMART,,,,,,|SLD|04/18/2012|3|+NRB|+NRB|-NRB
DES,ASML,STK,SMART,,,,,,|SLD|04/18/2012|3|+NRB|+NRB|-NRB
DES,MAR,STK,SMART,,,,,,|BOT|04/19/2012|3|+NRB|-NRB|-NRB
DES,TRV,STK,SMART,,,,,,|BOT|04/19/2012|3|+NRB|-NRB|-NRB
DES,MS,STK,SMART,,,,,,|BOT|04/19/2012|3|+NRB|-NRB|-NRB
DES,FFIV,STK,SMART,,,,,,|BOT|04/19/2012|3|+NRB|-NRB|-NRB
DES,EBAY,STK,SMART,,,,,,|BOT|04/19/2012|3|+NRB|-NRB|-NRB
DES,CY,STK,SMART,,,,,,|BOT|04/19/2012|3|+NRB|-NRB|-NRB
DES,QCOM,STK,SMART,,,,,,|SLD|04/19/2012|3|+NRB|-NRB|-NRB
DES,YUM,STK,SMART,,,,,,|SLD|04/19/2012|3|+NRB|-NRB|-NRB
DES,ACHN,STK,SMART,,,,,,|SLD|04/19/2012|3|+NRB|-NRB|-NRB
DES,BAS,STK,SMART,,,,,,|SLD|04/19/2012|3|+NRB|-NRB|-NRB
DES,SWK,STK,SMART,,,,,,|SLD|04/19/2012|3|+NRB|-NRB|-NRB
DES,SCSS,STK,SMART,,,,,,|SLD|04/19/2012|3|+NRB|-NRB|-NRB
DES,PLCM,STK,SMART,,,,,,|SLD|04/19/2012|3|+NRB|-NRB|-NRB
DES,EMC,STK,SMART,,,,,,|SLD|04/19/2012|3|+NRB|-NRB|-NRB
DES,SLB,STK,SMART,,,,,,|BOT|04/20/2012|3|+NRB|+NRB|+NRB
DES,ETFC,STK,SMART,,,,,,|BOT|04/20/2012|3|+NRB|+NRB|+NRB
DES,MSFT,STK,SMART,,,,,,|BOT|04/20/2012|3|+NRB|+NRB|+NRB
DES,AMD,STK,SMART,,,,,,|BOT|04/20/2012|3|+NRB|+NRB|+NRB
DES,HON,STK,SMART,,,,,,|BOT|04/20/2012|3|+NRB|+NRB|+NRB
DES,MAN,STK,SMART,,,,,,|BOT|04/20/2012|3|+NRB|+NRB|+NRB
DES,GE,STK,SMART,,,,,,|BOT|04/20/2012|3|+NRB|+NRB|+NRB
DES,TPX,STK,SMART,,,,,,|SLD|04/20/2012|3|+NRB|+NRB|+NRB
DES,MU,STK,SMART,,,,,,|SLD|04/20/2012|3|+NRB|+NRB|+NRB
DES,INTU,STK,SMART,,,,,,|SLD|04/20/2012|3|+NRB|+NRB|+NRB
DES,EXPD,STK,SMART,,,,,,|SLD|04/20/2012|3|+NRB|+NRB|+NRB
DES,SNDK,STK,SMART,,,,,,|SLD|04/20/2012|3|+NRB|+NRB|+NRB
DES,RVBD,STK,SMART,,,,,,|SLD|04/20/2012|3|+NRB|+NRB|+NRB
DES,EAT,STK,SMART,,,,,,|BOT|04/23/2012|3|+NRB|+NRB|-NRB
DES,AMLN,STK,SMART,,,,,,|BOT|04/23/2012|3|+NRB|+NRB|-NRB
DES,DHI,STK,SMART,,,,,,|BOT|04/23/2012|3|+NRB|+NRB|-NRB
DES,CHKP,STK,SMART,,,,,,|SLD|04/23/2012|3|+NRB|+NRB|-NRB
DES,K,STK,SMART,,,,,,|SLD|04/23/2012|3|+NRB|+NRB|-NRB
DES,WMT,STK,SMART,,,,,,|SLD|04/23/2012|3|+NRB|+NRB|-NRB
DES,WWW,STK,SMART,,,,,,|SLD|04/23/2012|3|+NRB|+NRB|-NRB
DES,HAS,STK,SMART,,,,,,|SLD|04/23/2012|3|+NRB|+NRB|-NRB
DES,CLNE,STK,SMART,,,,,,|SLD|04/23/2012|3|+NRB|+NRB|-NRB
DES,BHI,STK,SMART,,,,,,|BOT|04/24/2012|3|+NRB|+NRB|+NRB
DES,HSY,STK,SMART,,,,,,|BOT|04/24/2012|3|+NRB|+NRB|+NRB
DES,HXL,STK,SMART,,,,,,|BOT|04/24/2012|3|+NRB|+NRB|+NRB
DES,BYD,STK,SMART,,,,,,|BOT|04/24/2012|3|+NRB|+NRB|+NRB
DES,MMM,STK,SMART,,,,,,|BOT|04/24/2012|3|+NRB|+NRB|+NRB
DES,ALGN,STK,SMART,,,,,,|BOT|04/24/2012|3|+NRB|+NRB|+NRB
DES,TXN,STK,SMART,,,,,,|BOT|04/24/2012|3|+NRB|+NRB|+NRB
DES,DESC,STK,SMART,,,,,,|SLD|04/24/2012|3|+NRB|+NRB|+NRB
DES,ZION,STK,SMART,,,,,,|SLD|04/24/2012|3|+NRB|+NRB|+NRB
DES,COH,STK,SMART,,,,,,|SLD|04/24/2012|3|+NRB|+NRB|+NRB
DES,RSH,STK,SMART,,,,,,|SLD|04/24/2012|3|+NRB|+NRB|+NRB
DES,CXW,STK,SMART,,,,,,|SLD|04/24/2012|3|+NRB|+NRB|+NRB
DES,NFLX,STK,SMART,,,,,,|SLD|04/24/2012|3|+NRB|+NRB|+NRB
DES,WAT,STK,SMART,,,,,,|SLD|04/24/2012|3|+NRB|+NRB|+NRB
DES,BIG,STK,SMART,,,,,,|SLD|04/24/2012|3|+NRB|+NRB|+NRB
DES,NBR,STK,SMART,,,,,,|BOT|04/25/2012|3|+NRB|+NRB|+WRB
DES,AFL,STK,SMART,,,,,,|BOT|04/25/2012|3|+NRB|+NRB|+WRB
DES,DAN,STK,SMART,,,,,,|BOT|04/25/2012|3|+NRB|+NRB|+WRB
DES,GNC,STK,SMART,,,,,,|BOT|04/25/2012|3|+NRB|+NRB|+WRB
DES,EW,STK,SMART,,,,,,|BOT|04/25/2012|3|+NRB|+NRB|+WRB
DES,NFX,STK,SMART,,,,,,|BOT|04/25/2012|3|+NRB|+NRB|+WRB
DES,NSC,STK,SMART,,,,,,|BOT|04/25/2012|3|+NRB|+NRB|+WRB
DES,TKR,STK,SMART,,,,,,|BOT|04/25/2012|3|+NRB|+NRB|+WRB
DES,HOG,STK,SMART,,,,,,|BOT|04/25/2012|3|+NRB|+NRB|+WRB
DES,FTI,STK,SMART,,,,,,|SLD|04/25/2012|3|+NRB|+NRB|+WRB
DES,LO,STK,SMART,,,,,,|SLD|04/25/2012|3|+NRB|+NRB|+WRB
DES,TEL,STK,SMART,,,,,,|SLD|04/25/2012|3|+NRB|+NRB|+WRB
DES,BIDU,STK,SMART,,,,,,|SLD|04/25/2012|3|+NRB|+NRB|+WRB
DES,EQIX,STK,SMART,,,,,,|BOT|04/26/2012|3|+NRB|+NRB|-NRB
DES,DNKN,STK,SMART,,,,,,|BOT|04/26/2012|3|+NRB|+NRB|-NRB
DES,SWI,STK,SMART,,,,,,|BOT|04/26/2012|3|+NRB|+NRB|-NRB
DES,MWW,STK,SMART,,,,,,|BOT|04/26/2012|3|+NRB|+NRB|-NRB
DES,PTEN,STK,SMART,,,,,,|BOT|04/26/2012|3|+NRB|+NRB|-NRB
DES,INCY,STK,SMART,,,,,,|BOT|04/26/2012|3|+NRB|+NRB|-NRB
DES,ARRS,STK,SMART,,,,,,|BOT|04/26/2012|3|+NRB|+NRB|-NRB
DES,CRUS,STK,SMART,,,,,,|BOT|04/26/2012|3|+NRB|+NRB|-NRB
DES,CELG,STK,SMART,,,,,,|SLD|04/26/2012|3|+NRB|+NRB|-NRB
DES,AET,STK,SMART,,,,,,|SLD|04/26/2012|3|+NRB|+NRB|-NRB
DES,BG,STK,SMART,,,,,,|SLD|04/26/2012|3|+NRB|+NRB|-NRB
DES,ZMH,STK,SMART,,,,,,|SLD|04/26/2012|3|+NRB|+NRB|-NRB
DES,NIHD,STK,SMART,,,,,,|SLD|04/26/2012|3|+NRB|+NRB|-NRB
DES,AKAM,STK,SMART,,,,,,|SLD|04/26/2012|3|+NRB|+NRB|-NRB
DES,CROX,STK,SMART,,,,,,|SLD|04/26/2012|3|+NRB|+NRB|-NRB
DES,AEM,STK,SMART,,,,,,|BOT|04/27/2012|3|+NRB|+NRB|-NRB
DES,JAZZ,STK,SMART,,,,,,|BOT|04/27/2012|3|+NRB|+NRB|-NRB
DES,EXPE,STK,SMART,,,,,,|BOT|04/27/2012|3|+NRB|+NRB|-NRB
DES,AMZN,STK,SMART,,,,,,|BOT|04/27/2012|3|+NRB|+NRB|-NRB
DES,RSG,STK,SMART,,,,,,|SLD|04/27/2012|3|+NRB|+NRB|-NRB
DES,VRSN,STK,SMART,,,,,,|SLD|04/27/2012|3|+NRB|+NRB|-NRB
DES,DECK,STK,SMART,,,,,,|SLD|04/27/2012|3|+NRB|+NRB|-NRB
DES,WDC,STK,SMART,,,,,,|SLD|04/27/2012|3|+NRB|+NRB|-NRB
DES,STX,STK,SMART,,,,,,|SLD|04/27/2012|3|+NRB|+NRB|-NRB
DES,SBUX,STK,SMART,,,,,,|SLD|04/27/2012|3|+NRB|+NRB|-NRB
DES,MDRX,STK,SMART,,,,,,|SLD|04/27/2012|3|+NRB|+NRB|-NRB
DES,HAR,STK,SMART,,,,,,|BOT|04/30/2012|3|+NRB|-NRB|-NRB
DES,HUM,STK,SMART,,,,,,|SLD|04/30/2012|3|+NRB|-NRB|-NRB
DES,SOHU,STK,SMART,,,,,,|SLD|04/30/2012|3|+NRB|-NRB|-NRB
DES,PAY,STK,SMART,,,,,,|SLD|04/30/2012|3|+NRB|-NRB|-NRB
DES,HOLX,STK,SMART,,,,,,|SLD|04/30/2012|3|+NRB|-NRB|-NRB
DES,HUN,STK,SMART,,,,,,|BOT|05/01/2012|3|+NRB|+NRB|+WRB
DES,SFLY,STK,SMART,,,,,,|BOT|05/01/2012|3|+NRB|+NRB|+WRB
DES,SHLD,STK,SMART,,,,,,|BOT|05/01/2012|3|+NRB|+NRB|+WRB
DES,CHK,STK,SMART,,,,,,|BOT|05/01/2012|3|+NRB|+NRB|+WRB
DES,NUVA,STK,SMART,,,,,,|BOT|05/01/2012|3|+NRB|+NRB|+WRB
DES,TXRH,STK,SMART,,,,,,|BOT|05/01/2012|3|+NRB|+NRB|+WRB
DES,FIRE,STK,SMART,,,,,,|BOT|05/01/2012|3|+NRB|+NRB|+WRB
DES,AVP,STK,SMART,,,,,,|SLD|05/01/2012|3|+NRB|+NRB|+WRB
DES,WMS,STK,SMART,,,,,,|SLD|05/01/2012|3|+NRB|+NRB|+WRB
DES,CIE,STK,SMART,,,,,,|SLD|05/01/2012|3|+NRB|+NRB|+WRB
DES,DPZ,STK,SMART,,,,,,|SLD|05/01/2012|3|+NRB|+NRB|+WRB
DES,EMR,STK,SMART,,,,,,|SLD|05/01/2012|3|+NRB|+NRB|+WRB
DES,MCK,STK,SMART,,,,,,|SLD|05/01/2012|3|+NRB|+NRB|+WRB
DES,GRMN,STK,SMART,,,,,,|BOT|05/02/2012|3|+NRB|+NRB|-NRB
DES,GNW,STK,SMART,,,,,,|BOT|05/02/2012|3|+NRB|+NRB|-NRB
DES,CBS,STK,SMART,,,,,,|BOT|05/02/2012|3|+NRB|+NRB|-NRB
DES,AEO,STK,SMART,,,,,,|BOT|05/02/2012|3|+NRB|+NRB|-NRB
DES,ASNA,STK,SMART,,,,,,|BOT|05/02/2012|3|+NRB|+NRB|-NRB
DES,OCZ,STK,SMART,,,,,,|BOT|05/02/2012|3|+NRB|+NRB|-NRB
DES,RDC,STK,SMART,,,,,,|BOT|05/02/2012|3|+NRB|+NRB|-NRB
DES,OPEN,STK,SMART,,,,,,|SLD|05/02/2012|3|+NRB|+NRB|-NRB
DES,DVN,STK,SMART,,,,,,|SLD|05/02/2012|3|+NRB|+NRB|-NRB
DES,CAVM,STK,SMART,,,,,,|SLD|05/02/2012|3|+NRB|+NRB|-NRB
DES,CMCSA,STK,SMART,,,,,,|SLD|05/02/2012|3|+NRB|+NRB|-NRB
DES,CHK,STK,SMART,,,,,,|SLD|05/02/2012|3|+NRB|+NRB|-NRB
DES,RIG,STK,SMART,,,,,,|BOT|05/03/2012|3|+NRB|-NRB|+NRB
DES,ALL,STK,SMART,,,,,,|BOT|05/03/2012|3|+NRB|-NRB|+NRB
DES,APKT,STK,SMART,,,,,,|BOT|05/03/2012|3|+NRB|-NRB|+NRB
DES,WFM,STK,SMART,,,,,,|BOT|05/03/2012|3|+NRB|-NRB|+NRB
DES,ONNN,STK,SMART,,,,,,|BOT|05/03/2012|3|+NRB|-NRB|+NRB
DES,WLT,STK,SMART,,,,,,|BOT|05/03/2012|3|+NRB|-NRB|+NRB
DES,PRU,STK,SMART,,,,,,|SLD|05/03/2012|3|+NRB|-NRB|+NRB
DES,JDSU,STK,SMART,,,,,,|SLD|05/03/2012|3|+NRB|-NRB|+NRB
DES,ATML,STK,SMART,,,,,,|SLD|05/03/2012|3|+NRB|-NRB|+NRB
DES,WTW,STK,SMART,,,,,,|SLD|05/03/2012|3|+NRB|-NRB|+NRB
DES,PPO,STK,SMART,,,,,,|SLD|05/03/2012|3|+NRB|-NRB|+NRB
DES,CVC,STK,SMART,,,,,,|SLD|05/03/2012|3|+NRB|-NRB|+NRB
DES,VCLK,STK,SMART,,,,,,|SLD|05/03/2012|3|+NRB|-NRB|+NRB
DES,LF,STK,SMART,,,,,,|BOT|05/04/2012|3|+NRB|-NRB|-NRB
DES,LNKD,STK,SMART,,,,,,|BOT|05/04/2012|3|+NRB|-NRB|-NRB
DES,HEK,STK,SMART,,,,,,|BOT|05/04/2012|3|+NRB|-NRB|-NRB
DES,SPRD,STK,SMART,,,,,,|BOT|05/04/2012|3|+NRB|-NRB|-NRB
DES,DLB,STK,SMART,,,,,,|BOT|05/04/2012|3|+NRB|-NRB|-NRB
DES,QLGC,STK,SMART,,,,,,|SLD|05/04/2012|3|+NRB|-NRB|-NRB
DES,EL,STK,SMART,,,,,,|SLD|05/04/2012|3|+NRB|-NRB|-NRB
DES,ROVI,STK,SMART,,,,,,|SLD|05/04/2012|3|+NRB|-NRB|-NRB
DES,MTW,STK,SMART,,,,,,|SLD|05/04/2012|3|+NRB|-NRB|-NRB
DES,KOG,STK,SMART,,,,,,|SLD|05/04/2012|3|+NRB|-NRB|-NRB
DES,ARCO,STK,SMART,,,,,,|SLD|05/04/2012|3|+NRB|-NRB|-NRB
DES,DISH,STK,SMART,,,,,,|BOT|05/07/2012|3|+NRB|+NRB|-NRB
DES,CECO,STK,SMART,,,,,,|BOT|05/07/2012|3|+NRB|+NRB|-NRB
DES,SYNC,STK,SMART,,,,,,|BOT|05/07/2012|3|+NRB|+NRB|-NRB
DES,VRTX,STK,SMART,,,,,,|BOT|05/07/2012|3|+NRB|+NRB|-NRB
DES,GGC,STK,SMART,,,,,,|SLD|05/07/2012|3|+NRB|+NRB|-NRB
DES,THLD,STK,SMART,,,,,,|SLD|05/07/2012|3|+NRB|+NRB|-NRB
DES,BSFT,STK,SMART,,,,,,|SLD|05/07/2012|3|+NRB|+NRB|-NRB
DES,CTSH,STK,SMART,,,,,,|SLD|05/07/2012|3|+NRB|+NRB|-NRB
DES,VECO,STK,SMART,,,,,,|BOT|05/08/2012|3|+NRB|+NRB|-NRB
DES,RAX,STK,SMART,,,,,,|SLD|05/08/2012|3|+NRB|+NRB|-NRB
DES,EA,STK,SMART,,,,,,|SLD|05/08/2012|3|+NRB|+NRB|-NRB
DES,PRGO,STK,SMART,,,,,,|SLD|05/08/2012|3|+NRB|+NRB|-NRB
DES,FOSL,STK,SMART,,,,,,|SLD|05/08/2012|3|+NRB|+NRB|-NRB
DES,MAKO,STK,SMART,,,,,,|SLD|05/08/2012|3|+NRB|+NRB|-NRB
DES,DNDN,STK,SMART,,,,,,|SLD|05/08/2012|3|+NRB|+NRB|-NRB
DES,SODA,STK,SMART,,,,,,|BOT|05/09/2012|3|+NRB|+NRB|-NRB
DES,AOL,STK,SMART,,,,,,|BOT|05/09/2012|3|+NRB|+NRB|-NRB
DES,MDVN,STK,SMART,,,,,,|BOT|05/09/2012|3|+NRB|+NRB|-NRB
DES,DF,STK,SMART,,,,,,|BOT|05/09/2012|3|+NRB|+NRB|-NRB
DES,QSFT,STK,SMART,,,,,,|BOT|05/09/2012|3|+NRB|+NRB|-NRB
DES,M,STK,SMART,,,,,,|SLD|05/09/2012|3|+NRB|+NRB|-NRB
DES,TEVA,STK,SMART,,,,,,|SLD|05/09/2012|3|+NRB|+NRB|-NRB
DES,SGEN,STK,SMART,,,,,,|SLD|05/09/2012|3|+NRB|+NRB|-NRB
DES,MELI,STK,SMART,,,,,,|SLD|05/09/2012|3|+NRB|+NRB|-NRB
DES,GPOR,STK,SMART,,,,,,|SLD|05/09/2012|3|+NRB|+NRB|-NRB
DES,MNST,STK,SMART,,,,,,|BOT|05/10/2012|3|+NRB|-NRB|+NRB
DES,NWSA,STK,SMART,,,,,,|BOT|05/10/2012|3|+NRB|-NRB|+NRB
DES,TSLA,STK,SMART,,,,,,|BOT|05/10/2012|3|+NRB|-NRB|+NRB
DES,TPX,STK,SMART,,,,,,|BOT|05/10/2012|3|+NRB|-NRB|+NRB
DES,CSCO,STK,SMART,,,,,,|SLD|05/10/2012|3|+NRB|-NRB|+NRB
DES,SGI,STK,SMART,,,,,,|SLD|05/10/2012|3|+NRB|-NRB|+NRB
DES,PANL,STK,SMART,,,,,,|SLD|05/10/2012|3|+NRB|-NRB|+NRB
DES,PCLN,STK,SMART,,,,,,|SLD|05/10/2012|3|+NRB|-NRB|+NRB
DES,KSS,STK,SMART,,,,,,|SLD|05/10/2012|3|+NRB|-NRB|+NRB
DES,WFR,STK,SMART,,,,,,|SLD|05/10/2012|3|+NRB|-NRB|+NRB
DES,WIN,STK,SMART,,,,,,|SLD|05/10/2012|3|+NRB|-NRB|+NRB
DES,NVDA,STK,SMART,,,,,,|BOT|05/11/2012|2|+NRB|+WRB|-NRB
DES,MDR,STK,SMART,,,,,,|BOT|05/11/2012|3|+NRB|+WRB|-NRB
DES,DDS,STK,SMART,,,,,,|BOT|05/11/2012|3|+NRB|+WRB|-NRB
DES,ESRX,STK,SMART,,,,,,|BOT|05/11/2012|3|+NRB|+WRB|-NRB
DES,ARNA,STK,SMART,,,,,,|BOT|05/11/2012|3|+NRB|+WRB|-NRB
DES,JWN,STK,SMART,,,,,,|SLD|05/11/2012|3|+NRB|+WRB|-NRB
DES,NUAN,STK,SMART,,,,,,|SLD|05/11/2012|3|+NRB|+WRB|-NRB
DES,MBI,STK,SMART,,,,,,|SLD|05/11/2012|3|+NRB|+WRB|-NRB
DES,MCP,STK,SMART,,,,,,|SLD|05/11/2012|3|+NRB|+WRB|-NRB
DES,JPM,STK,SMART,,,,,,|SLD|05/11/2012|3|+NRB|+WRB|-NRB
DES,AGO,STK,SMART,,,,,,|SLD|05/11/2012|3|+NRB|+WRB|-NRB
DES,CECO,STK,SMART,,,,,,|SLD|05/11/2012|3|+NRB|+WRB|-NRB
DES,AVP,STK,SMART,,,,,,|BOT|05/14/2012|3|+NRB|-NRB|-NRB
DES,CHK,STK,SMART,,,,,,|BOT|05/14/2012|3|+NRB|-NRB|-NRB
DES,ACOM,STK,SMART,,,,,,|SLD|05/14/2012|3|+NRB|-NRB|-NRB
DES,SLW,STK,SMART,,,,,,|SLD|05/14/2012|3|+NRB|-NRB|-NRB
DES,DKS,STK,SMART,,,,,,|BOT|05/15/2012|3|+NRB|-NRB|-NRB
DES,A,STK,SMART,,,,,,|BOT|05/15/2012|3|+NRB|-NRB|-NRB
DES,GRPN,STK,SMART,,,,,,|BOT|05/15/2012|3|+NRB|-NRB|-NRB
DES,AMLN,STK,SMART,,,,,,|BOT|05/15/2012|3|+NRB|-NRB|-NRB
DES,JNPR,STK,SMART,,,,,,|BOT|05/15/2012|3|+NRB|-NRB|-NRB
DES,HD,STK,SMART,,,,,,|SLD|05/15/2012|3|+NRB|-NRB|-NRB
DES,AVP,STK,SMART,,,,,,|SLD|05/15/2012|3|+NRB|-NRB|-NRB
DES,SKS,STK,SMART,,,,,,|SLD|05/15/2012|3|+NRB|-NRB|-NRB
DES,SINA,STK,SMART,,,,,,|BOT|05/16/2012|3|+NRB|+NRB|-NRB
DES,PAAS,STK,SMART,,,,,,|BOT|05/16/2012|3|+NRB|+NRB|-NRB
DES,CHS,STK,SMART,,,,,,|BOT|05/16/2012|3|+NRB|+NRB|-NRB
DES,TGT,STK,SMART,,,,,,|BOT|05/16/2012|3|+NRB|+NRB|-NRB
DES,JCP,STK,SMART,,,,,,|SLD|05/16/2012|3|+NRB|+NRB|-NRB
DES,ANF,STK,SMART,,,,,,|SLD|05/16/2012|3|+NRB|+NRB|-NRB
DES,SPLS,STK,SMART,,,,,,|SLD|05/16/2012|3|+NRB|+NRB|-NRB
DES,ARNA,STK,SMART,,,,,,|SLD|05/16/2012|3|+NRB|+NRB|-NRB
DES,SHLD,STK,SMART,,,,,,|BOT|05/17/2012|3|+NRB|-WRB|+NRB
DES,BYD,STK,SMART,,,,,,|BOT|05/17/2012|3|+NRB|-WRB|+NRB
DES,ONXX,STK,SMART,,,,,,|BOT|05/17/2012|3|+NRB|-WRB|+NRB
DES,WMT,STK,SMART,,,,,,|BOT|05/17/2012|3|+NRB|-WRB|+NRB
DES,A,STK,SMART,,,,,,|BOT|05/17/2012|3|+NRB|-WRB|+NRB
DES,DLTR,STK,SMART,,,,,,|SLD|05/17/2012|3|+NRB|-WRB|+NRB
DES,ORLY,STK,SMART,,,,,,|SLD|05/17/2012|3|+NRB|-WRB|+NRB
DES,AAP,STK,SMART,,,,,,|SLD|05/17/2012|3|+NRB|-WRB|+NRB
DES,DNDN,STK,SMART,,,,,,|SLD|05/17/2012|3|+NRB|-WRB|+NRB
DES,CRM,STK,SMART,,,,,,|BOT|05/18/2012|3|+NRB|+NRB|+NRB
DES,FL,STK,SMART,,,,,,|BOT|05/18/2012|3|+NRB|+NRB|+NRB
DES,MRVL,STK,SMART,,,,,,|BOT|05/18/2012|3|+NRB|+NRB|+NRB
DES,YHOO,STK,SMART,,,,,,|BOT|05/18/2012|3|+NRB|+NRB|+NRB
DES,GPS,STK,SMART,,,,,,|BOT|05/18/2012|3|+NRB|+NRB|+NRB
DES,ADSK,STK,SMART,,,,,,|SLD|05/18/2012|3|+NRB|+NRB|+NRB
DES,ARUN,STK,SMART,,,,,,|SLD|05/18/2012|3|+NRB|+NRB|+NRB
DES,YOKU,STK,SMART,,,,,,|SLD|05/18/2012|3|+NRB|+NRB|+NRB
DES,TDW,STK,SMART,,,,,,|BOT|05/21/2012|3|+NRB|+WRB|+NRB
DES,SWHC,STK,SMART,,,,,,|BOT|05/21/2012|3|+NRB|+WRB|+NRB
DES,YHOO,STK,SMART,,,,,,|BOT|05/21/2012|3|+NRB|+WRB|+NRB
DES,CBE,STK,SMART,,,,,,|BOT|05/21/2012|3|+NRB|+WRB|+NRB
DES,LOW,STK,SMART,,,,,,|SLD|05/21/2012|3|+NRB|+WRB|+NRB
DES,RL,STK,SMART,,,,,,|BOT|05/22/2012|3|+NRB|+NRB|+NRB
DES,ARNA,STK,SMART,,,,,,|BOT|05/22/2012|3|+NRB|+NRB|+NRB
DES,AZO,STK,SMART,,,,,,|SLD|05/22/2012|3|+NRB|+NRB|+NRB
DES,CREE,STK,SMART,,,,,,|SLD|05/22/2012|3|+NRB|+NRB|+NRB
DES,WDC,STK,SMART,,,,,,|SLD|05/22/2012|3|+NRB|+NRB|+NRB
DES,EXPR,STK,SMART,,,,,,|SLD|05/22/2012|3|+NRB|+NRB|+NRB
DES,TTWO,STK,SMART,,,,,,|BOT|05/23/2012|3|+NRB|+NRBBT|-NRB
DES,GES,STK,SMART,,,,,,|BOT|05/23/2012|3|+NRB|+NRBBT|-NRB
DES,PETM,STK,SMART,,,,,,|BOT|05/23/2012|3|+NRB|+NRBBT|-NRB
DES,AVGO,STK,SMART,,,,,,|BOT|05/23/2012|3|+NRB|+NRBBT|-NRB
DES,DMND,STK,SMART,,,,,,|BOT|05/23/2012|3|+NRB|+NRBBT|-NRB
DES,BIG,STK,SMART,,,,,,|SLD|05/23/2012|3|+NRB|+NRBBT|-NRB
DES,ADI,STK,SMART,,,,,,|SLD|05/23/2012|3|+NRB|+NRBBT|-NRB
DES,CPN,STK,SMART,,,,,,|SLD|05/23/2012|3|+NRB|+NRBBT|-NRB
DES,DELL,STK,SMART,,,,,,|SLD|05/23/2012|3|+NRB|+NRBBT|-NRB
DES,TSL,STK,SMART,,,,,,|SLD|05/23/2012|3|+NRB|+NRBBT|-NRB
DES,HPQ,STK,SMART,,,,,,|BOT|05/24/2012|3|+NRB|-NRBBT|+NRB
DES,P,STK,SMART,,,,,,|BOT|05/24/2012|3|+NRB|-NRBBT|+NRB
DES,DOW,STK,SMART,,,,,,|BOT|05/24/2012|3|+NRB|-NRBBT|+NRB
DES,PVH,STK,SMART,,,,,,|BOT|05/24/2012|3|+NRB|-NRBBT|+NRB
DES,SIG,STK,SMART,,,,,,|SLD|05/24/2012|3|+NRB|-NRBBT|+NRB
DES,NTAP,STK,SMART,,,,,,|SLD|05/24/2012|3|+NRB|-NRBBT|+NRB
DES,HNZ,STK,SMART,,,,,,|SLD|05/24/2012|3|+NRB|-NRBBT|+NRB
DES,TIF,STK,SMART,,,,,,|SLD|05/24/2012|3|+NRB|-NRBBT|+NRB
DES,FRO,STK,SMART,,,,,,|BOT|05/25/2012|3|+NRB|+NRB|+NRB
DES,PAY,STK,SMART,,,,,,|SLD|05/25/2012|3|+NRB|+NRB|+NRB
DES,VRTX,STK,SMART,,,,,,|SLD|05/29/2012|3|+NRB|+NRB|+WRB
DES,PWRD,STK,SMART,,,,,,|SLD|05/30/2012|3|-NRB|-NRB|-NRB
DES,BBRY,STK,SMART,,,,,,|SLD|05/30/2012|3|-NRB|-NRB|-NRB
DES,LEAP,STK,SMART,,,,,,|BOT|05/31/2012|3|-NRB|-NRBBT|-NRB
DES,CIEN,STK,SMART,,,,,,|BOT|05/31/2012|3|-NRB|-NRBBT|-NRB
DES,OVTI,STK,SMART,,,,,,|BOT|05/31/2012|3|-NRB|-NRBBT|-NRB
DES,JOY,STK,SMART,,,,,,|SLD|05/31/2012|3|-NRB|-NRBBT|-NRB
DES,BMRN,STK,SMART,,,,,,|SLD|05/31/2012|3|-NRB|-NRBBT|-NRB
DES,KSS,STK,SMART,,,,,,|SLD|05/31/2012|3|-NRB|-NRBBT|-NRB
DES,STX,STK,SMART,,,,,,|SLD|05/31/2012|3|-NRB|-NRBBT|-NRB
DES,OVTI,STK,SMART,,,,,,|SLD|06/01/2012|3|+NRB|+NRB|-WRB
DES,GRPN,STK,SMART,,,,,,|SLD|06/01/2012|3|+NRB|+NRB|-WRB
DES,PIR,STK,SMART,,,,,,|SLD|06/01/2012|3|+NRB|+NRB|-WRB
DES,DNDN,STK,SMART,,,,,,|SLD|06/04/2012|3|+NRB|+DD|+NRB
DES,WPRT,STK,SMART,,,,,,|BOT|06/05/2012|3|+NRB|+WRB|-NRB
DES,AMLN,STK,SMART,,,,,,|BOT|06/05/2012|3|+NRB|+WRB|-NRB
DES,DG,STK,SMART,,,,,,|SLD|06/05/2012|3|+NRB|+WRB|-NRB
DES,AKAM,STK,SMART,,,,,,|SLD|06/05/2012|3|+NRB|+WRB|-NRB
DES,KMP,STK,SMART,,,,,,|SLD|06/05/2012|3|+NRB|+WRB|-NRB
DES,IRM,STK,SMART,,,,,,|BOT|06/06/2012|3|-NRB|+WRB|+WRB
DES,ACOM,STK,SMART,,,,,,|BOT|06/06/2012|3|-NRB|+WRB|+WRB
DES,ULTA,STK,SMART,,,,,,|BOT|06/06/2012|3|-NRB|+WRB|+WRB
DES,MIND,STK,SMART,,,,,,|SLD|06/06/2012|3|-NRB|+WRB|+WRB
DES,LULU,STK,SMART,,,,,,|SLD|06/07/2012|3|-NRB|-NRB|+WRB
DES,PLL,STK,SMART,,,,,,|SLD|06/07/2012|3|-NRB|-NRB|+WRB
DES,NAV,STK,SMART,,,,,,|SLD|06/07/2012|3|-NRB|-NRB|+WRB
DES,MW,STK,SMART,,,,,,|SLD|06/07/2012|3|-NRB|-NRB|+WRB
DES,MOH,STK,SMART,,,,,,|SLD|06/07/2012|3|-NRB|-NRB|+WRB
DES,CMVT,STK,SMART,,,,,,|SLD|06/07/2012|3|-NRB|-NRB|+WRB
DES,FRAN,STK,SMART,,,,,,|BOT|06/08/2012|3|-NRB|-NRB|-NRB
DES,MOH,STK,SMART,,,,,,|BOT|06/08/2012|3|-NRB|-NRB|-NRB
DES,CNC,STK,SMART,,,,,,|BOT|06/08/2012|3|-NRB|-NRB|-NRB
DES,MCD,STK,SMART,,,,,,|SLD|06/08/2012|3|-NRB|-NRB|-NRB
DES,COO,STK,SMART,,,,,,|SLD|06/08/2012|3|-NRB|-NRB|-NRB
DES,ATPG,STK,SMART,,,,,,|SLD|06/08/2012|3|-NRB|-NRB|-NRB
DES,PGN,STK,SMART,,,,,,|BOT|06/11/2012|3|-NRB|-WRB|+WRB
DES,DMND,STK,SMART,,,,,,|SLD|06/11/2012|3|-NRB|-WRB|+WRB
DES,FRX,STK,SMART,,,,,,|SLD|06/11/2012|3|-NRB|-WRB|+WRB
DES,CNC,STK,SMART,,,,,,|SLD|06/11/2012|3|-NRB|-WRB|+WRB
DES,KORS,STK,SMART,,,,,,|BOT|06/12/2012|3|+NRB|+WRB|+NRB
DES,FDS,STK,SMART,,,,,,|SLD|06/12/2012|3|+NRB|+WRB|+NRB
DES,DELL,STK,SMART,,,,,,|BOT|06/13/2012|3|-NRB|+NRBBT|-NRB
DES,DNDN,STK,SMART,,,,,,|BOT|06/13/2012|3|-NRB|+NRBBT|-NRB
DES,NLSN,STK,SMART,,,,,,|SLD|06/13/2012|3|-NRB|+NRBBT|-NRB
DES,SMG,STK,SMART,,,,,,|SLD|06/13/2012|3|-NRB|+NRBBT|-NRB
DES,KR,STK,SMART,,,,,,|BOT|06/14/2012|3|-NRB|+NRB|+WRB
DES,FDO,STK,SMART,,,,,,|BOT|06/14/2012|3|-NRB|+NRB|+WRB
DES,SFD,STK,SMART,,,,,,|SLD|06/14/2012|3|-NRB|+NRB|+WRB
DES,YPF,STK,SMART,,,,,,|BOT|06/15/2012|3|+NRB|+NRB|-NRB
DES,BKS,STK,SMART,,,,,,|BOT|06/18/2012|3|+NRB|+NRB|-NRB
DES,DSW,STK,SMART,,,,,,|SLD|06/18/2012|3|+NRB|+NRB|-NRB
DES,BODY,STK,SMART,,,,,,|SLD|06/18/2012|3|+NRB|+NRB|-NRB
DES,ORCL,STK,SMART,,,,,,|BOT|06/19/2012|3|+NRB|+NRB|+NRB
DES,NVDA,STK,SMART,,,,,,|BOT|06/19/2012|3|+NRB|+NRB|+NRB
DES,BBY,STK,SMART,,,,,,|BOT|06/19/2012|3|+NRB|+NRB|+NRB
DES,BKS,STK,SMART,,,,,,|SLD|06/19/2012|3|+NRB|+NRB|+NRB
DES,JCP,STK,SMART,,,,,,|SLD|06/19/2012|3|+NRB|+NRB|+NRB
DES,WAG,STK,SMART,,,,,,|SLD|06/19/2012|3|+NRB|+NRB|+NRB
DES,JBL,STK,SMART,,,,,,|BOT|06/20/2012|3|-NRB|-NRB|-NRB
DES,IDIX,STK,SMART,,,,,,|BOT|06/20/2012|3|-NRB|-NRB|-NRB
DES,ADBE,STK,SMART,,,,,,|SLD|06/20/2012|3|-NRB|-NRB|-NRB
DES,ATU,STK,SMART,,,,,,|SLD|06/20/2012|3|-NRB|-NRB|-NRB
DES,PG,STK,SMART,,,,,,|SLD|06/20/2012|3|-NRB|-NRB|-NRB
DES,KEG,STK,SMART,,,,,,|SLD|06/21/2012|3|-NRB|-WRB|+NRB
DES,RHT,STK,SMART,,,,,,|SLD|06/21/2012|3|-NRB|-WRB|+NRB
DES,BBBY,STK,SMART,,,,,,|SLD|06/21/2012|3|-NRB|-WRB|+NRB
DES,CELG,STK,SMART,,,,,,|SLD|06/21/2012|3|-NRB|-WRB|+NRB
DES,MU,STK,SMART,,,,,,|SLD|06/21/2012|3|-NRB|-WRB|+NRB
DES,DRI,STK,SMART,,,,,,|SLD|06/22/2012|3|+NRB|+NRB|+NRB
DES,TEVA,STK,SMART,,,,,,|BOT|06/25/2012|3|+NRB|-NRB|-WRB
DES,QSFT,STK,SMART,,,,,,|BOT|06/25/2012|3|+NRB|-NRB|-WRB
DES,CHK,STK,SMART,,,,,,|SLD|06/25/2012|3|+NRB|-NRB|-WRB
DES,ARNA,STK,SMART,,,,,,|SLD|06/25/2012|3|+NRB|-NRB|-WRB
DES,NWSA,STK,SMART,,,,,,|BOT|06/26/2012|3|+NRB|+NRB|+NRB
DES,APOL,STK,SMART,,,,,,|BOT|06/26/2012|3|+NRB|+NRB|+NRB
DES,WPRT,STK,SMART,,,,,,|BOT|06/27/2012|3|+NRB|+NRB|+NRB
DES,ORLY,STK,SMART,,,,,,|SLD|06/27/2012|3|+NRB|+NRB|+NRB
DES,AOL,STK,SMART,,,,,,|BOT|06/28/2012|3|+NRB|+NRBBT|-NRB
DES,WOR,STK,SMART,,,,,,|BOT|06/28/2012|3|+NRB|+NRBBT|-NRB
DES,VRTX,STK,SMART,,,,,,|SLD|06/28/2012|3|+NRB|+NRBBT|-NRB
DES,FDO,STK,SMART,,,,,,|SLD|06/28/2012|3|+NRB|+NRBBT|-NRB
DES,PAYX,STK,SMART,,,,,,|SLD|06/28/2012|3|+NRB|+NRBBT|-NRB
DES,KBH,STK,SMART,,,,,,|BOT|06/29/2012|3|+NRB|+NRB|+NRB
DES,TIBX,STK,SMART,,,,,,|BOT|06/29/2012|3|+NRB|+NRB|+NRB
DES,ACN,STK,SMART,,,,,,|BOT|06/29/2012|3|+NRB|+NRB|+NRB
DES,STZ,STK,SMART,,,,,,|BOT|06/29/2012|3|+NRB|+NRB|+NRB
DES,FINL,STK,SMART,,,,,,|BOT|06/29/2012|3|+NRB|+NRB|+NRB
DES,SWHC,STK,SMART,,,,,,|BOT|06/29/2012|3|+NRB|+NRB|+NRB
DES,NKE,STK,SMART,,,,,,|SLD|06/29/2012|3|+NRB|+NRB|+NRB
DES,BBRY,STK,SMART,,,,,,|SLD|06/29/2012|3|+NRB|+NRB|+NRB
DES,MU,STK,SMART,,,,,,|BOT|07/02/2012|3|+NRB|+NRBBT|+NRB
DES,SWHC,STK,SMART,,,,,,|BOT|07/02/2012|3|+NRB|+NRBBT|+NRB
DES,NFLX,STK,SMART,,,,,,|BOT|07/05/2012|3|+NRB|-DD|-NRB
DES,DECK,STK,SMART,,,,,,|BOT|07/05/2012|3|+NRB|-DD|-NRB
DES,APKT,STK,SMART,,,,,,|SLD|07/06/2012|3|+NRB|-NRB|-WRB
DES,INFA,STK,SMART,,,,,,|SLD|07/06/2012|3|+NRB|-NRB|-WRB
DES,WLP,STK,SMART,,,,,,|BOT|07/09/2012|3|-NRB|+NRBBT|-NRB
DES,WCG,STK,SMART,,,,,,|BOT|07/09/2012|3|-NRB|+NRBBT|-NRB
DES,CALL,STK,SMART,,,,,,|BOT|07/10/2012|3|+NRB|-WRB|+NRB
DES,ASML,STK,SMART,,,,,,|BOT|07/10/2012|3|+NRB|-WRB|+NRB
DES,AMD,STK,SMART,,,,,,|SLD|07/10/2012|3|+NRB|-WRB|+NRB
DES,AMAT,STK,SMART,,,,,,|SLD|07/10/2012|3|+NRB|-WRB|+NRB
DES,MAKO,STK,SMART,,,,,,|SLD|07/10/2012|3|+NRB|-WRB|+NRB
DES,OREX,STK,SMART,,,,,,|BOT|07/11/2012|3|+NRB|+NRBBT|+NRB
DES,AGU,STK,SMART,,,,,,|BOT|07/11/2012|3|+NRB|+NRBBT|+NRB
DES,ADTN,STK,SMART,,,,,,|SLD|07/11/2012|3|+NRB|+NRBBT|+NRB
DES,OCZ,STK,SMART,,,,,,|SLD|07/11/2012|3|+NRB|+NRBBT|+NRB
DES,GG,STK,SMART,,,,,,|SLD|07/11/2012|3|+NRB|+NRBBT|+NRB
DES,MRK,STK,SMART,,,,,,|BOT|07/12/2012|3|+NRB|+NRBBT|-NRB
DES,PG,STK,SMART,,,,,,|BOT|07/12/2012|3|+NRB|+NRBBT|-NRB
DES,MAR,STK,SMART,,,,,,|SLD|07/12/2012|3|+NRB|+NRBBT|-NRB
DES,PGR,STK,SMART,,,,,,|SLD|07/12/2012|3|+NRB|+NRBBT|-NRB
DES,INFY,STK,SMART,,,,,,|SLD|07/12/2012|3|+NRB|+NRBBT|-NRB
DES,JPM,STK,SMART,,,,,,|BOT|07/13/2012|3|+NRB|+NRB|+WRB
DES,LXK,STK,SMART,,,,,,|SLD|07/13/2012|3|+NRB|+NRB|+WRB
DES,GMCR,STK,SMART,,,,,,|SLD|07/13/2012|3|+NRB|+NRB|+WRB
DES,C,STK,SMART,,,,,,|BOT|07/16/2012|3|+NRB|+NRB|-NRB
DES,GCI,STK,SMART,,,,,,|BOT|07/16/2012|3|+NRB|+NRB|-NRB
DES,ANR,STK,SMART,,,,,,|SLD|07/16/2012|3|+NRB|+NRB|-NRB
DES,GS,STK,SMART,,,,,,|BOT|07/17/2012|3|+NRB|+NRBBT|+NRB
DES,MAT,STK,SMART,,,,,,|BOT|07/17/2012|3|+NRB|+NRBBT|+NRB
DES,MOS,STK,SMART,,,,,,|BOT|07/17/2012|3|+NRB|+NRBBT|+NRB
DES,JBHT,STK,SMART,,,,,,|SLD|07/17/2012|3|+NRB|+NRBBT|+NRB
DES,CTAS,STK,SMART,,,,,,|SLD|07/17/2012|3|+NRB|+NRBBT|+NRB
DES,STT,STK,SMART,,,,,,|SLD|07/17/2012|3|+NRB|+NRBBT|+NRB
DES,EDU,STK,SMART,,,,,,|SLD|07/17/2012|3|+NRB|+NRBBT|+NRB
DES,VVUS,STK,SMART,,,,,,|BOT|07/18/2012|3|+NRB|+WRB|-NRB
DES,EMC,STK,SMART,,,,,,|BOT|07/18/2012|3|+NRB|+WRB|-NRB
DES,APH,STK,SMART,,,,,,|BOT|07/18/2012|3|+NRB|+WRB|-NRB
DES,VMW,STK,SMART,,,,,,|BOT|07/18/2012|3|+NRB|+WRB|-NRB
DES,STJ,STK,SMART,,,,,,|SLD|07/18/2012|3|+NRB|+WRB|-NRB
DES,BLK,STK,SMART,,,,,,|SLD|07/18/2012|3|+NRB|+WRB|-NRB
DES,SBH,STK,SMART,,,,,,|SLD|07/18/2012|3|+NRB|+WRB|-NRB
DES,SWK,STK,SMART,,,,,,|SLD|07/18/2012|3|+NRB|+WRB|-NRB
DES,URI,STK,SMART,,,,,,|SLD|07/18/2012|3|+NRB|+WRB|-NRB
DES,ROVI,STK,SMART,,,,,,|SLD|07/18/2012|3|+NRB|+WRB|-NRB
DES,SWKS,STK,SMART,,,,,,|BOT|07/19/2012|3|+NRB|+NRB|+NRB
DES,SCSS,STK,SMART,,,,,,|BOT|07/19/2012|3|+NRB|+NRB|+NRB
DES,TXT,STK,SMART,,,,,,|BOT|07/19/2012|3|+NRB|+NRB|+NRB
DES,PPG,STK,SMART,,,,,,|BOT|07/19/2012|3|+NRB|+NRB|+NRB
DES,MLNX,STK,SMART,,,,,,|BOT|07/19/2012|3|+NRB|+NRB|+NRB
DES,LUV,STK,SMART,,,,,,|BOT|07/19/2012|3|+NRB|+NRB|+NRB
DES,QCOM,STK,SMART,,,,,,|BOT|07/19/2012|3|+NRB|+NRB|+NRB
DES,EBAY,STK,SMART,,,,,,|BOT|07/19/2012|3|+NRB|+NRB|+NRB
DES,IBM,STK,SMART,,,,,,|BOT|07/19/2012|3|+NRB|+NRB|+NRB
DES,JCI,STK,SMART,,,,,,|SLD|07/19/2012|3|+NRB|+NRB|+NRB
DES,SHW,STK,SMART,,,,,,|SLD|07/19/2012|3|+NRB|+NRB|+NRB
DES,CY,STK,SMART,,,,,,|SLD|07/19/2012|3|+NRB|+NRB|+NRB
DES,LH,STK,SMART,,,,,,|SLD|07/19/2012|3|+NRB|+NRB|+NRB
DES,CVS,STK,SMART,,,,,,|SLD|07/19/2012|3|+NRB|+NRB|+NRB
DES,MS,STK,SMART,,,,,,|SLD|07/19/2012|3|+NRB|+NRB|+NRB
DES,SNDK,STK,SMART,,,,,,|BOT|07/20/2012|3|+NRB|+NRB|-NRB
DES,BHI,STK,SMART,,,,,,|BOT|07/20/2012|3|+NRB|+NRB|-NRB
DES,ONXX,STK,SMART,,,,,,|BOT|07/20/2012|3|+NRB|+NRB|-NRB
DES,GOOG,STK,SMART,,,,,,|BOT|07/20/2012|3|+NRB|+NRB|-NRB
DES,SWFT,STK,SMART,,,,,,|BOT|07/20/2012|3|+NRB|+NRB|-NRB
DES,CPHD,STK,SMART,,,,,,|SLD|07/20/2012|3|+NRB|+NRB|-NRB
DES,AMD,STK,SMART,,,,,,|SLD|07/20/2012|3|+NRB|+NRB|-NRB
DES,CMG,STK,SMART,,,,,,|SLD|07/20/2012|3|+NRB|+NRB|-NRB
DES,VOD,STK,SMART,,,,,,|SLD|07/20/2012|3|+NRB|+NRB|-NRB
DES,GMCR,STK,SMART,,,,,,|BOT|07/23/2012|3|+NRB|+NRB|-WRB
DES,NRG,STK,SMART,,,,,,|BOT|07/23/2012|3|+NRB|+NRB|-WRB
DES,HAS,STK,SMART,,,,,,|BOT|07/23/2012|3|+NRB|+NRB|-WRB
DES,MCD,STK,SMART,,,,,,|SLD|07/23/2012|3|+NRB|+NRB|-WRB
DES,ETN,STK,SMART,,,,,,|SLD|07/23/2012|3|+NRB|+NRB|-WRB
DES,R,STK,SMART,,,,,,|BOT|07/24/2012|3|+NRB|-NRBBT|-NRB
DES,PCAR,STK,SMART,,,,,,|BOT|07/24/2012|3|+NRB|-NRBBT|-NRB
DES,BIDU,STK,SMART,,,,,,|BOT|07/24/2012|3|+NRB|-NRBBT|-NRB
DES,UA,STK,SMART,,,,,,|BOT|07/24/2012|3|+NRB|-NRBBT|-NRB
DES,GNTX,STK,SMART,,,,,,|SLD|07/24/2012|3|+NRB|-NRBBT|-NRB
DES,UPS,STK,SMART,,,,,,|SLD|07/24/2012|3|+NRB|-NRBBT|-NRB
DES,ELN,STK,SMART,,,,,,|SLD|07/24/2012|3|+NRB|-NRBBT|-NRB
DES,WHR,STK,SMART,,,,,,|SLD|07/24/2012|3|+NRB|-NRBBT|-NRB
DES,RVBD,STK,SMART,,,,,,|BOT|07/25/2012|3|+NRB|-NRBBT|-NRB
DES,TPX,STK,SMART,,,,,,|BOT|07/25/2012|3|+NRB|-NRBBT|-NRB
DES,ALTR,STK,SMART,,,,,,|BOT|07/25/2012|3|+NRB|-NRBBT|-NRB
DES,HES,STK,SMART,,,,,,|BOT|07/25/2012|3|+NRB|-NRBBT|-NRB
DES,CAT,STK,SMART,,,,,,|BOT|07/25/2012|3|+NRB|-NRBBT|-NRB
DES,AOL,STK,SMART,,,,,,|BOT|07/25/2012|3|+NRB|-NRBBT|-NRB
DES,JNPR,STK,SMART,,,,,,|BOT|07/25/2012|3|+NRB|-NRBBT|-NRB
DES,BRCM,STK,SMART,,,,,,|BOT|07/25/2012|3|+NRB|-NRBBT|-NRB
DES,TRIP,STK,SMART,,,,,,|SLD|07/25/2012|3|+NRB|-NRBBT|-NRB
DES,WLP,STK,SMART,,,,,,|SLD|07/25/2012|3|+NRB|-NRBBT|-NRB
DES,IGT,STK,SMART,,,,,,|SLD|07/25/2012|3|+NRB|-NRBBT|-NRB
DES,RFMD,STK,SMART,,,,,,|SLD|07/25/2012|3|+NRB|-NRBBT|-NRB
DES,PLCM,STK,SMART,,,,,,|SLD|07/25/2012|3|+NRB|-NRBBT|-NRB
DES,AAPL,STK,SMART,,,,,,|SLD|07/25/2012|3|+NRB|-NRBBT|-NRB
DES,NFLX,STK,SMART,,,,,,|SLD|07/25/2012|3|+NRB|-NRBBT|-NRB
DES,BWLD,STK,SMART,,,,,,|SLD|07/25/2012|3|+NRB|-NRBBT|-NRB
DES,PCS,STK,SMART,,,,,,|BOT|07/26/2012|3|+NRB|+NRB|+WRB
DES,S,STK,SMART,,,,,,|BOT|07/26/2012|3|+NRB|+NRB|+WRB
DES,AKAM,STK,SMART,,,,,,|BOT|07/26/2012|3|+NRB|+NRB|+WRB
DES,FTNT,STK,SMART,,,,,,|BOT|07/26/2012|3|+NRB|+NRB|+WRB
DES,WDC,STK,SMART,,,,,,|BOT|07/26/2012|3|+NRB|+NRB|+WRB
DES,TSCO,STK,SMART,,,,,,|BOT|07/26/2012|3|+NRB|+NRB|+WRB
DES,PTEN,STK,SMART,,,,,,|BOT|07/26/2012|3|+NRB|+NRB|+WRB
DES,CAM,STK,SMART,,,,,,|BOT|07/26/2012|3|+NRB|+NRB|+WRB
DES,GNC,STK,SMART,,,,,,|BOT|07/26/2012|3|+NRB|+NRB|+WRB
DES,TEX,STK,SMART,,,,,,|BOT|07/26/2012|3|+NRB|+NRB|+WRB
DES,WFM,STK,SMART,,,,,,|BOT|07/26/2012|3|+NRB|+NRB|+WRB
DES,CROX,STK,SMART,,,,,,|BOT|07/26/2012|3|+NRB|+NRB|+WRB
DES,CTXS,STK,SMART,,,,,,|SLD|07/26/2012|3|+NRB|+NRB|+WRB
DES,ORLY,STK,SMART,,,,,,|SLD|07/26/2012|3|+NRB|+NRB|+WRB
DES,LRCX,STK,SMART,,,,,,|SLD|07/26/2012|3|+NRB|+NRB|+WRB
DES,LVS,STK,SMART,,,,,,|SLD|07/26/2012|3|+NRB|+NRB|+WRB
DES,IPG,STK,SMART,,,,,,|SLD|07/26/2012|3|+NRB|+NRB|+WRB
DES,SYNC,STK,SMART,,,,,,|SLD|07/26/2012|3|+NRB|+NRB|+WRB
DES,RCL,STK,SMART,,,,,,|SLD|07/26/2012|3|+NRB|+NRB|+WRB
DES,ZNGA,STK,SMART,,,,,,|SLD|07/26/2012|3|+NRB|+NRB|+WRB
DES,INFA,STK,SMART,,,,,,|BOT|07/27/2012|3|+NRB|+NRB|+NRB
DES,EXPE,STK,SMART,,,,,,|BOT|07/27/2012|3|+NRB|+NRB|+NRB
DES,OCZ,STK,SMART,,,,,,|BOT|07/27/2012|3|+NRB|+NRB|+NRB
DES,AMGN,STK,SMART,,,,,,|BOT|07/27/2012|3|+NRB|+NRB|+NRB
DES,DECK,STK,SMART,,,,,,|BOT|07/27/2012|3|+NRB|+NRB|+NRB
DES,QLIK,STK,SMART,,,,,,|BOT|07/27/2012|3|+NRB|+NRB|+NRB
DES,ACI,STK,SMART,,,,,,|BOT|07/27/2012|3|+NRB|+NRB|+NRB
DES,KKR,STK,SMART,,,,,,|BOT|07/27/2012|3|+NRB|+NRB|+NRB
DES,PWER,STK,SMART,,,,,,|BOT|07/27/2012|3|+NRB|+NRB|+NRB
DES,FBHS,STK,SMART,,,,,,|SLD|07/27/2012|3|+NRB|+NRB|+NRB
DES,SBUX,STK,SMART,,,,,,|SLD|07/27/2012|3|+NRB|+NRB|+NRB
DES,FB,STK,SMART,,,,,,|SLD|07/27/2012|3|+NRB|+NRB|+NRB
DES,QLGC,STK,SMART,,,,,,|SLD|07/27/2012|3|+NRB|+NRB|+NRB
DES,APKT,STK,SMART,,,,,,|SLD|07/27/2012|3|+NRB|+NRB|+NRB
DES,CERN,STK,SMART,,,,,,|SLD|07/27/2012|3|+NRB|+NRB|+NRB
DES,CSTR,STK,SMART,,,,,,|SLD|07/27/2012|3|+NRB|+NRB|+NRB
DES,CA,STK,SMART,,,,,,|SLD|07/27/2012|3|+NRB|+NRB|+NRB
DES,NEM,STK,SMART,,,,,,|SLD|07/27/2012|3|+NRB|+NRB|+NRB
DES,ACI,STK,SMART,,,,,,|BOT|07/30/2012|3|+NRB|+NRB|-NRB
DES,BBY,STK,SMART,,,,,,|BOT|07/30/2012|3|+NRB|+NRB|-NRB
DES,ORLY,STK,SMART,,,,,,|SLD|07/30/2012|3|+NRB|+NRB|-NRB
DES,HLF,STK,SMART,,,,,,|BOT|07/31/2012|3|+NRB|+NRB|-NRB
DES,CMI,STK,SMART,,,,,,|BOT|07/31/2012|3|+NRB|+NRB|-NRB
DES,X,STK,SMART,,,,,,|BOT|07/31/2012|3|+NRB|+NRB|-NRB
DES,AET,STK,SMART,,,,,,|BOT|07/31/2012|3|+NRB|+NRB|-NRB
DES,VLO,STK,SMART,,,,,,|BOT|07/31/2012|3|+NRB|+NRB|-NRB
DES,CIE,STK,SMART,,,,,,|BOT|07/31/2012|3|+NRB|+NRB|-NRB
DES,CRUS,STK,SMART,,,,,,|BOT|07/31/2012|3|+NRB|+NRB|-NRB
DES,LQDT,STK,SMART,,,,,,|BOT|07/31/2012|3|+NRB|+NRB|-NRB
DES,ADM,STK,SMART,,,,,,|SLD|07/31/2012|3|+NRB|+NRB|-NRB
DES,STX,STK,SMART,,,,,,|SLD|07/31/2012|3|+NRB|+NRB|-NRB
DES,COH,STK,SMART,,,,,,|SLD|07/31/2012|3|+NRB|+NRB|-NRB
DES,LPX,STK,SMART,,,,,,|SLD|07/31/2012|3|+NRB|+NRB|-NRB
DES,MAS,STK,SMART,,,,,,|SLD|07/31/2012|3|+NRB|+NRB|-NRB
DES,ALL,STK,SMART,,,,,,|BOT|08/01/2012|3|+NRB|-NRB|+NRB
DES,FTR,STK,SMART,,,,,,|BOT|08/01/2012|3|+NRB|-NRB|+NRB
DES,GRMN,STK,SMART,,,,,,|BOT|08/01/2012|3|+NRB|-NRB|+NRB
DES,CMCSA,STK,SMART,,,,,,|BOT|08/01/2012|3|+NRB|-NRB|+NRB
DES,SIMG,STK,SMART,,,,,,|BOT|08/01/2012|3|+NRB|-NRB|+NRB
DES,GNW,STK,SMART,,,,,,|BOT|08/01/2012|3|+NRB|-NRB|+NRB
DES,LH,STK,SMART,,,,,,|BOT|08/01/2012|3|+NRB|-NRB|+NRB
DES,BMC,STK,SMART,,,,,,|SLD|08/01/2012|3|+NRB|-NRB|+NRB
DES,PPO,STK,SMART,,,,,,|SLD|08/01/2012|3|+NRB|-NRB|+NRB
DES,AVP,STK,SMART,,,,,,|SLD|08/01/2012|3|+NRB|-NRB|+NRB
DES,ARRY,STK,SMART,,,,,,|SLD|08/01/2012|3|+NRB|-NRB|+NRB
DES,OC,STK,SMART,,,,,,|SLD|08/01/2012|3|+NRB|-NRB|+NRB
DES,TRLG,STK,SMART,,,,,,|SLD|08/01/2012|3|+NRB|-NRB|+NRB
DES,CECO,STK,SMART,,,,,,|SLD|08/01/2012|3|+NRB|-NRB|+NRB
DES,FSLR,STK,SMART,,,,,,|BOT|08/02/2012|3|+NRB|+DD|-NRB
DES,GILD,STK,SMART,,,,,,|BOT|08/02/2012|3|+NRB|+DD|-NRB
DES,GPS,STK,SMART,,,,,,|BOT|08/02/2012|3|+NRB|+DD|-NRB
DES,CAVM,STK,SMART,,,,,,|BOT|08/02/2012|3|+NRB|+DD|-NRB
DES,GMCR,STK,SMART,,,,,,|BOT|08/02/2012|3|+NRB|+DD|-NRB
DES,LEA,STK,SMART,,,,,,|BOT|08/02/2012|3|+NRB|+DD|-NRB
DES,PWR,STK,SMART,,,,,,|BOT|08/02/2012|3|+NRB|+DD|-NRB
DES,WNR,STK,SMART,,,,,,|BOT|08/02/2012|3|+NRB|+DD|-NRB
DES,TSO,STK,SMART,,,,,,|BOT|08/02/2012|3|+NRB|+DD|-NRB
DES,ANF,STK,SMART,,,,,,|SLD|08/02/2012|3|+NRB|+DD|-NRB
DES,INCY,STK,SMART,,,,,,|SLD|08/02/2012|3|+NRB|+DD|-NRB
DES,ARO,STK,SMART,,,,,,|SLD|08/02/2012|3|+NRB|+DD|-NRB
DES,WTW,STK,SMART,,,,,,|SLD|08/02/2012|3|+NRB|+DD|-NRB
DES,SM,STK,SMART,,,,,,|SLD|08/02/2012|3|+NRB|+DD|-NRB
DES,SEE,STK,SMART,,,,,,|SLD|08/02/2012|3|+NRB|+DD|-NRB
DES,DTV,STK,SMART,,,,,,|SLD|08/02/2012|3|+NRB|+DD|-NRB
DES,BMY,STK,SMART,,,,,,|SLD|08/02/2012|3|+NRB|+DD|-NRB
DES,MWW,STK,SMART,,,,,,|SLD|08/02/2012|3|+NRB|+DD|-NRB
DES,EOG,STK,SMART,,,,,,|BOT|08/03/2012|3|-NRB|-NRB|+WRB
DES,MELI,STK,SMART,,,,,,|BOT|08/03/2012|3|-NRB|-NRB|+WRB
DES,OPEN,STK,SMART,,,,,,|BOT|08/03/2012|3|-NRB|-NRB|+WRB
DES,KOG,STK,SMART,,,,,,|BOT|08/03/2012|3|-NRB|-NRB|+WRB
DES,LNKD,STK,SMART,,,,,,|BOT|08/03/2012|3|-NRB|-NRB|+WRB
DES,MCP,STK,SMART,,,,,,|SLD|08/03/2012|3|-NRB|-NRB|+WRB
DES,DLB,STK,SMART,,,,,,|SLD|08/03/2012|3|-NRB|-NRB|+WRB
DES,HNT,STK,SMART,,,,,,|SLD|08/03/2012|3|-NRB|-NRB|+WRB
DES,BODY,STK,SMART,,,,,,|SLD|08/03/2012|3|-NRB|-NRB|+WRB
DES,ONNN,STK,SMART,,,,,,|SLD|08/03/2012|3|-NRB|-NRB|+WRB
DES,VCLK,STK,SMART,,,,,,|SLD|08/03/2012|3|-NRB|-NRB|+WRB
DES,SOHU,STK,SMART,,,,,,|BOT|08/06/2012|3|+NRB|+NRB|+NRB
DES,CTSH,STK,SMART,,,,,,|BOT|08/06/2012|3|+NRB|+NRB|+NRB
DES,BBY,STK,SMART,,,,,,|BOT|08/06/2012|3|+NRB|+NRB|+NRB
DES,FOSL,STK,SMART,,,,,,|BOT|08/07/2012|3|+NRB|+NRB|+NRB
DES,MGM,STK,SMART,,,,,,|BOT|08/07/2012|3|+NRB|+NRB|+NRB
DES,CVS,STK,SMART,,,,,,|BOT|08/07/2012|3|+NRB|+NRB|+NRB
DES,CHK,STK,SMART,,,,,,|BOT|08/07/2012|3|+NRB|+NRB|+NRB
DES,BSFT,STK,SMART,,,,,,|BOT|08/07/2012|3|+NRB|+NRB|+NRB
DES,TSO,STK,SMART,,,,,,|BOT|08/07/2012|3|+NRB|+NRB|+NRB
DES,WMS,STK,SMART,,,,,,|SLD|08/07/2012|3|+NRB|+NRB|+NRB
DES,LEAP,STK,SMART,,,,,,|SLD|08/07/2012|3|+NRB|+NRB|+NRB
DES,ELN,STK,SMART,,,,,,|SLD|08/07/2012|3|+NRB|+NRB|+NRB
DES,NIHD,STK,SMART,,,,,,|SLD|08/07/2012|3|+NRB|+NRB|+NRB
DES,ESRX,STK,SMART,,,,,,|BOT|08/08/2012|3|+NRB|+NRB|-NRB
DES,SODA,STK,SMART,,,,,,|BOT|08/08/2012|3|+NRB|+NRB|-NRB
DES,WFR,STK,SMART,,,,,,|BOT|08/08/2012|3|+NRB|+NRB|-NRB
DES,DF,STK,SMART,,,,,,|BOT|08/08/2012|3|+NRB|+NRB|-NRB
DES,M,STK,SMART,,,,,,|BOT|08/08/2012|3|+NRB|+NRB|-NRB
DES,PCLN,STK,SMART,,,,,,|SLD|08/08/2012|3|+NRB|+NRB|-NRB
DES,WCRX,STK,SMART,,,,,,|SLD|08/08/2012|3|+NRB|+NRB|-NRB
DES,MCD,STK,SMART,,,,,,|SLD|08/08/2012|3|+NRB|+NRB|-NRB
DES,BID,STK,SMART,,,,,,|SLD|08/08/2012|3|+NRB|+NRB|-NRB
DES,MDRX,STK,SMART,,,,,,|BOT|08/09/2012|3|+NRB|+NRB|-NRB
DES,MBI,STK,SMART,,,,,,|BOT|08/09/2012|3|+NRB|+NRB|-NRB
DES,NOG,STK,SMART,,,,,,|BOT|08/09/2012|3|+NRB|+NRB|-NRB
DES,CSCO,STK,SMART,,,,,,|BOT|08/09/2012|3|+NRB|+NRB|-NRB
DES,ETFC,STK,SMART,,,,,,|BOT|08/09/2012|3|+NRB|+NRB|-NRB
DES,EAT,STK,SMART,,,,,,|BOT|08/09/2012|3|+NRB|+NRB|-NRB
DES,CXW,STK,SMART,,,,,,|BOT|08/09/2012|3|+NRB|+NRB|-NRB
DES,DDS,STK,SMART,,,,,,|BOT|08/09/2012|3|+NRB|+NRB|-NRB
DES,MNST,STK,SMART,,,,,,|SLD|08/09/2012|3|+NRB|+NRB|-NRB
DES,SGEN,STK,SMART,,,,,,|SLD|08/09/2012|3|+NRB|+NRB|-NRB
DES,NWSA,STK,SMART,,,,,,|SLD|08/09/2012|3|+NRB|+NRB|-NRB
DES,AAP,STK,SMART,,,,,,|SLD|08/09/2012|3|+NRB|+NRB|-NRB
DES,WIN,STK,SMART,,,,,,|SLD|08/09/2012|3|+NRB|+NRB|-NRB
DES,JCP,STK,SMART,,,,,,|BOT|08/10/2012|3|+NRB|+NRB|-NRB
DES,BBRY,STK,SMART,,,,,,|BOT|08/10/2012|3|+NRB|+NRB|-NRB
DES,JNS,STK,SMART,,,,,,|BOT|08/10/2012|3|+NRB|+NRB|-NRB
DES,FIO,STK,SMART,,,,,,|BOT|08/10/2012|3|+NRB|+NRB|-NRB
DES,NVDA,STK,SMART,,,,,,|BOT|08/10/2012|3|+NRB|+NRB|-NRB
DES,KMI,STK,SMART,,,,,,|SLD|08/10/2012|3|+NRB|+NRB|-NRB
DES,UBNT,STK,SMART,,,,,,|SLD|08/10/2012|3|+NRB|+NRB|-NRB
DES,MNST,STK,SMART,,,,,,|SLD|08/10/2012|3|+NRB|+NRB|-NRB
DES,SHLD,STK,SMART,,,,,,|BOT|08/13/2012|3|+NRB|+NRB|-NRB
DES,EL,STK,SMART,,,,,,|BOT|08/14/2012|3|+NRB|-NRB|+NRB
DES,HD,STK,SMART,,,,,,|BOT|08/14/2012|3|+NRB|-NRB|+NRB
DES,VELT,STK,SMART,,,,,,|BOT|08/14/2012|3|+NRB|-NRB|+NRB
DES,KORS,STK,SMART,,,,,,|BOT|08/14/2012|3|+NRB|-NRB|+NRB
DES,GRPN,STK,SMART,,,,,,|SLD|08/14/2012|3|+NRB|-NRB|+NRB
DES,DKS,STK,SMART,,,,,,|SLD|08/14/2012|3|+NRB|-NRB|+NRB
DES,JDSU,STK,SMART,,,,,,|BOT|08/15/2012|3|+NRB|-NRB|-NRB
DES,ANF,STK,SMART,,,,,,|BOT|08/15/2012|3|+NRB|-NRB|-NRB
DES,SPLS,STK,SMART,,,,,,|SLD|08/15/2012|3|+NRB|-NRB|-NRB
DES,DE,STK,SMART,,,,,,|SLD|08/15/2012|3|+NRB|-NRB|-NRB
DES,SINA,STK,SMART,,,,,,|BOT|08/16/2012|3|+NRB|+NRB|+NRB
DES,PETM,STK,SMART,,,,,,|BOT|08/16/2012|3|+NRB|+NRB|+NRB
DES,CSTR,STK,SMART,,,,,,|BOT|08/16/2012|3|+NRB|+NRB|+NRB
DES,PLCE,STK,SMART,,,,,,|BOT|08/16/2012|3|+NRB|+NRB|+NRB
DES,CSCO,STK,SMART,,,,,,|BOT|08/16/2012|3|+NRB|+NRB|+NRB
DES,EA,STK,SMART,,,,,,|BOT|08/16/2012|3|+NRB|+NRB|+NRB
DES,SHLD,STK,SMART,,,,,,|BOT|08/16/2012|3|+NRB|+NRB|+NRB
DES,NTAP,STK,SMART,,,,,,|BOT|08/16/2012|3|+NRB|+NRB|+NRB
DES,DLTR,STK,SMART,,,,,,|SLD|08/16/2012|3|+NRB|+NRB|+NRB
DES,WMT,STK,SMART,,,,,,|SLD|08/16/2012|3|+NRB|+NRB|+NRB
DES,AMAT,STK,SMART,,,,,,|SLD|08/16/2012|3|+NRB|+NRB|+NRB
DES,A,STK,SMART,,,,,,|SLD|08/16/2012|3|+NRB|+NRB|+NRB
DES,NTES,STK,SMART,,,,,,|SLD|08/16/2012|3|+NRB|+NRB|+NRB
DES,MRVL,STK,SMART,,,,,,|SLD|08/17/2012|3|+NRB|+NRB|+NRB
DES,ARO,STK,SMART,,,,,,|SLD|08/17/2012|3|+NRB|+NRB|+NRB
DES,AET,STK,SMART,,,,,,|BOT|08/20/2012|3|+NRB|+NRB|-NRB
DES,CVH,STK,SMART,,,,,,|BOT|08/20/2012|3|+NRB|+NRB|-NRB
DES,LOW,STK,SMART,,,,,,|SLD|08/20/2012|3|+NRB|+NRB|-NRB
DES,URBN,STK,SMART,,,,,,|BOT|08/21/2012|3|+NRB|-NRB|+NRB
DES,BBY,STK,SMART,,,,,,|SLD|08/21/2012|3|+NRB|-NRB|+NRB
DES,AEO,STK,SMART,,,,,,|BOT|08/22/2012|3|+NRB|+NRB|-NRB
DES,TOL,STK,SMART,,,,,,|BOT|08/22/2012|3|+NRB|+NRB|-NRB
DES,CHS,STK,SMART,,,,,,|BOT|08/22/2012|3|+NRB|+NRB|-NRB
DES,WSM,STK,SMART,,,,,,|BOT|08/22/2012|3|+NRB|+NRB|-NRB
DES,DELL,STK,SMART,,,,,,|SLD|08/22/2012|3|+NRB|+NRB|-NRB
DES,EXPR,STK,SMART,,,,,,|SLD|08/22/2012|3|+NRB|+NRB|-NRB
DES,GES,STK,SMART,,,,,,|SLD|08/23/2012|3|+NRB|-NRB|-NRB
DES,BIG,STK,SMART,,,,,,|SLD|08/23/2012|3|+NRB|-NRB|-NRB
DES,HPQ,STK,SMART,,,,,,|SLD|08/23/2012|3|+NRB|-NRB|-NRB
DES,ARUN,STK,SMART,,,,,,|BOT|08/24/2012|3|+NRB|+NRB|-NRB
DES,LLY,STK,SMART,,,,,,|BOT|08/24/2012|3|+NRB|+NRB|-NRB
DES,MCRS,STK,SMART,,,,,,|BOT|08/24/2012|3|+NRB|+NRB|-NRB
DES,MENT,STK,SMART,,,,,,|BOT|08/24/2012|3|+NRB|+NRB|-NRB
DES,ADSK,STK,SMART,,,,,,|SLD|08/24/2012|3|+NRB|+NRB|-NRB
DES,CRM,STK,SMART,,,,,,|SLD|08/24/2012|3|+NRB|+NRB|-NRB
DES,TIF,STK,SMART,,,,,,|BOT|08/27/2012|3|+NRB|-NRB|+NRB
DES,BBRY,STK,SMART,,,,,,|BOT|08/27/2012|3|+NRB|-NRB|+NRB
DES,AOL,STK,SMART,,,,,,|BOT|08/27/2012|3|+NRB|-NRB|+NRB
DES,PVH,STK,SMART,,,,,,|BOT|08/28/2012|3|+NRB|+NRB|-NRB
DES,MCP,STK,SMART,,,,,,|BOT|08/28/2012|3|+NRB|+NRB|-NRB
DES,PWRD,STK,SMART,,,,,,|SLD|08/28/2012|3|+NRB|+NRB|-NRB
DES,TFM,STK,SMART,,,,,,|BOT|08/29/2012|3|+NRB|+NRB|+NRB
DES,JOSB,STK,SMART,,,,,,|BOT|08/29/2012|3|+NRB|+NRB|+NRB
DES,WLP,STK,SMART,,,,,,|BOT|08/29/2012|3|+NRB|+NRB|+NRB
DES,DY,STK,SMART,,,,,,|SLD|08/29/2012|3|+NRB|+NRB|+NRB
DES,JOY,STK,SMART,,,,,,|SLD|08/29/2012|3|+NRB|+NRB|+NRB
DES,P,STK,SMART,,,,,,|BOT|08/30/2012|3|+NRB|-NRB|-NRB
DES,KSS,STK,SMART,,,,,,|BOT|08/30/2012|3|+NRB|-NRB|-NRB
DES,GPS,STK,SMART,,,,,,|BOT|08/30/2012|3|+NRB|-NRB|-NRB
DES,CIEN,STK,SMART,,,,,,|SLD|08/30/2012|3|+NRB|-NRB|-NRB
DES,RBA,STK,SMART,,,,,,|SLD|08/30/2012|3|+NRB|-NRB|-NRB
DES,VRA,STK,SMART,,,,,,|SLD|08/30/2012|3|+NRB|-NRB|-NRB
DES,SPLK,STK,SMART,,,,,,|BOT|08/31/2012|3|+NRB|-NRB|+NRB
DES,OVTI,STK,SMART,,,,,,|BOT|08/31/2012|3|+NRB|-NRB|+NRB
DES,SAI,STK,SMART,,,,,,|BOT|08/31/2012|3|+NRB|-NRB|+NRB
DES,ZUMZ,STK,SMART,,,,,,|SLD|08/31/2012|3|+NRB|-NRB|+NRB
DES,FB,STK,SMART,,,,,,|SLD|08/31/2012|3|+NRB|-NRB|+NRB
DES,GFI,STK,SMART,,,,,,|SLD|08/31/2012|3|+NRB|-NRB|+NRB
DES,CPB,STK,SMART,,,,,,|BOT|09/04/2012|3|+NRB|-NRB|-DD
DES,SWY,STK,SMART,,,,,,|BOT|09/05/2012|3|+NRB|-NRB|+NRB
DES,DG,STK,SMART,,,,,,|BOT|09/05/2012|3|+NRB|-NRB|+NRB
DES,FDX,STK,SMART,,,,,,|SLD|09/05/2012|3|+NRB|-NRB|+NRB
DES,FRAN,STK,SMART,,,,,,|SLD|09/05/2012|3|+NRB|-NRB|+NRB
DES,NAV,STK,SMART,,,,,,|BOT|09/06/2012|3|+NRB|+WRB|+NRB
DES,MW,STK,SMART,,,,,,|BOT|09/06/2012|3|+NRB|+WRB|+NRB
DES,STX,STK,SMART,,,,,,|SLD|09/06/2012|3|+NRB|+WRB|+NRB
DES,WAG,STK,SMART,,,,,,|SLD|09/06/2012|3|+NRB|+WRB|+NRB
DES,PAY,STK,SMART,,,,,,|SLD|09/06/2012|3|+NRB|+WRB|+NRB
DES,WCRX,STK,SMART,,,,,,|SLD|09/06/2012|3|+NRB|+WRB|+NRB
DES,OCZ,STK,SMART,,,,,,|SLD|09/06/2012|3|+NRB|+WRB|+NRB
DES,SWHC,STK,SMART,,,,,,|BOT|09/07/2012|3|+NRB|+NRB|+NRB
DES,ULTA,STK,SMART,,,,,,|BOT|09/07/2012|3|+NRB|+NRB|+NRB
DES,INTC,STK,SMART,,,,,,|SLD|09/07/2012|3|+NRB|+NRB|+NRB
DES,P,STK,SMART,,,,,,|SLD|09/07/2012|3|+NRB|+NRB|+NRB
DES,TSO,STK,SMART,,,,,,|BOT|09/10/2012|3|-NRB|-NRB|-NRB
DES,TITN,STK,SMART,,,,,,|SLD|09/10/2012|3|-NRB|-NRB|-NRB
DES,CASY,STK,SMART,,,,,,|BOT|09/11/2012|3|+NRB|+NRB|+NRB
DES,UNG,STK,SMART,,,,,,|BOT|09/11/2012|3|+NRB|+NRB|+NRB
DES,URBN,STK,SMART,,,,,,|BOT|09/11/2012|3|+NRB|+NRB|+NRB
DES,PPO,STK,SMART,,,,,,|SLD|09/11/2012|3|+NRB|+NRB|+NRB
DES,FB,STK,SMART,,,,,,|BOT|09/12/2012|3|+NRB|+NRB|+NRB
DES,CIG,STK,SMART,,,,,,|SLD|09/12/2012|3|+NRB|+NRB|+NRB
DES,PLL,STK,SMART,,,,,,|BOT|09/13/2012|3|+NRB|+WRB|+NRB
DES,PIR,STK,SMART,,,,,,|BOT|09/13/2012|3|+NRB|+WRB|+NRB
DES,TSLA,STK,SMART,,,,,,|BOT|09/17/2012|3|-NRB|-NRB|-NRB
DES,DRI,STK,SMART,,,,,,|BOT|09/21/2012|3|-NRB|-NRB|-NRB
DES,CCL,STK,SMART,,,,,,|BOT|09/25/2012|3|-NRB|-WRB|+NRB
DES,CSTR,STK,SMART,,,,,,|SLD|09/25/2012|3|-NRB|-WRB|+NRB
DES,TSLA,STK,SMART,,,,,,|SLD|09/25/2012|3|-NRB|-WRB|+NRB
DES,PAYX,STK,SMART,,,,,,|SLD|09/25/2012|3|-NRB|-WRB|+NRB
DES,ATU,STK,SMART,,,,,,|SLD|09/27/2012|3|+NRB|+NRB|+NRB
DES,ACN,STK,SMART,,,,,,|BOT|09/28/2012|3|-NRB|-NRB|-NRB
DES,AM,STK,SMART,,,,,,|BOT|09/28/2012|3|-NRB|-NRB|-NRB
DES,MOS,STK,SMART,,,,,,|SLD|10/02/2012|3|+NRB|-NRB|+NRB
DES,FNP,STK,SMART,,,,,,|SLD|10/02/2012|3|+NRB|-NRB|+NRB
DES,EXPR,STK,SMART,,,,,,|SLD|10/02/2012|3|+NRB|-NRB|+NRB
DES,FDO,STK,SMART,,,,,,|BOT|10/03/2012|3|+NRB|+NRB|+NRB
DES,ITMN,STK,SMART,,,,,,|BOT|10/03/2012|3|+NRB|+NRB|+NRB
DES,RPM,STK,SMART,,,,,,|BOT|10/03/2012|3|+NRB|+NRB|+NRB
DES,NFLX,STK,SMART,,,,,,|BOT|10/03/2012|3|+NRB|+NRB|+NRB
DES,XRTX,STK,SMART,,,,,,|SLD|10/03/2012|3|+NRB|+NRB|+NRB
DES,MON,STK,SMART,,,,,,|SLD|10/03/2012|3|+NRB|+NRB|+NRB
DES,TGT,STK,SMART,,,,,,|BOT|10/04/2012|3|+NRB|+NRB|+NRB
DES,KSS,STK,SMART,,,,,,|SLD|10/04/2012|3|+NRB|+NRB|+NRB
DES,INFA,STK,SMART,,,,,,|SLD|10/04/2012|3|+NRB|+NRB|+NRB
DES,NUVA,STK,SMART,,,,,,|SLD|10/04/2012|3|+NRB|+NRB|+NRB
DES,AVP,STK,SMART,,,,,,|BOT|10/05/2012|3|+NRB|+NRB|+NRB
DES,ZNGA,STK,SMART,,,,,,|SLD|10/05/2012|3|+NRB|+NRB|+NRB
DES,MDRX,STK,SMART,,,,,,|BOT|10/08/2012|3|-NRB|-NRB|-NRB
DES,NFLX,STK,SMART,,,,,,|BOT|10/08/2012|3|-NRB|-NRB|-NRB
DES,FB,STK,SMART,,,,,,|SLD|10/08/2012|3|-NRB|-NRB|-NRB
DES,GDOT,STK,SMART,,,,,,|SLD|10/08/2012|3|-NRB|-NRB|-NRB
DES,OC,STK,SMART,,,,,,|SLD|10/09/2012|3|-NRB|-NRB|-NRB
DES,EW,STK,SMART,,,,,,|SLD|10/09/2012|3|-NRB|-NRB|-NRB
DES,NFLX,STK,SMART,,,,,,|SLD|10/09/2012|3|-NRB|-NRB|-NRB
DES,HST,STK,SMART,,,,,,|BOT|10/10/2012|3|+NRB|-NRB|-NRB
DES,YUM,STK,SMART,,,,,,|BOT|10/10/2012|3|+NRB|-NRB|-NRB
DES,COST,STK,SMART,,,,,,|BOT|10/10/2012|3|+NRB|-NRB|-NRB
DES,GRPN,STK,SMART,,,,,,|BOT|10/10/2012|3|+NRB|-NRB|-NRB
DES,TRLG,STK,SMART,,,,,,|BOT|10/10/2012|3|+NRB|-NRB|-NRB
DES,FDX,STK,SMART,,,,,,|BOT|10/10/2012|3|+NRB|-NRB|-NRB
DES,HRB,STK,SMART,,,,,,|SLD|10/10/2012|3|+NRB|-NRB|-NRB
DES,CMI,STK,SMART,,,,,,|SLD|10/10/2012|3|+NRB|-NRB|-NRB
DES,AVT,STK,SMART,,,,,,|SLD|10/10/2012|3|+NRB|-NRB|-NRB
DES,CTB,STK,SMART,,,,,,|BOT|10/11/2012|3|-NRB|-NRB|+NRB
DES,S,STK,SMART,,,,,,|BOT|10/11/2012|3|-NRB|-NRB|+NRB
DES,FAST,STK,SMART,,,,,,|BOT|10/11/2012|3|-NRB|-NRB|+NRB
DES,RT,STK,SMART,,,,,,|SLD|10/11/2012|3|-NRB|-NRB|+NRB
DES,PCS,STK,SMART,,,,,,|SLD|10/11/2012|3|-NRB|-NRB|+NRB
DES,SWY,STK,SMART,,,,,,|SLD|10/11/2012|3|-NRB|-NRB|+NRB
DES,NPSP,STK,SMART,,,,,,|BOT|10/12/2012|3|+NRB|+NRB|+NRB
DES,JBHT,STK,SMART,,,,,,|BOT|10/12/2012|3|+NRB|+NRB|+NRB
DES,INFY,STK,SMART,,,,,,|SLD|10/12/2012|3|+NRB|+NRB|+NRB
DES,AMD,STK,SMART,,,,,,|SLD|10/12/2012|3|+NRB|+NRB|+NRB
DES,EDU,STK,SMART,,,,,,|BOT|10/15/2012|3|+NRB|+NRB|+NRB
DES,MAT,STK,SMART,,,,,,|BOT|10/16/2012|3|+NRB|+NRB|+NRB
DES,DPZ,STK,SMART,,,,,,|BOT|10/16/2012|3|+NRB|+NRB|+NRB
DES,MUR,STK,SMART,,,,,,|BOT|10/16/2012|3|+NRB|+NRB|+NRB
DES,WWW,STK,SMART,,,,,,|SLD|10/16/2012|3|+NRB|+NRB|+NRB
DES,UNH,STK,SMART,,,,,,|SLD|10/16/2012|3|+NRB|+NRB|+NRB
DES,PNC,STK,SMART,,,,,,|SLD|10/16/2012|3|+NRB|+NRB|+NRB
DES,FSLR,STK,SMART,,,,,,|BOT|10/17/2012|3|-NRB|+NRB|+NRB
DES,URI,STK,SMART,,,,,,|BOT|10/17/2012|3|-NRB|+NRB|+NRB
DES,CREE,STK,SMART,,,,,,|BOT|10/17/2012|3|-NRB|+NRB|+NRB
DES,IBM,STK,SMART,,,,,,|SLD|10/17/2012|2|-NRB|+NRB|+NRB
DES,STJ,STK,SMART,,,,,,|SLD|10/17/2012|2|-NRB|+NRB|+NRB
DES,CHKP,STK,SMART,,,,,,|SLD|10/17/2012|2|-NRB|+NRB|+NRB
DES,APOL,STK,SMART,,,,,,|SLD|10/17/2012|3|-NRB|+NRB|+NRB
DES,INTC,STK,SMART,,,,,,|SLD|10/17/2012|3|-NRB|+NRB|+NRB
DES,TXT,STK,SMART,,,,,,|SLD|10/17/2012|3|-NRB|+NRB|+NRB
DES,SWK,STK,SMART,,,,,,|SLD|10/17/2012|3|-NRB|+NRB|+NRB
DES,MGM,STK,SMART,,,,,,|BOT|10/18/2012|3|-NRB|-NRB|-NRB
DES,JNPR,STK,SMART,,,,,,|BOT|10/18/2012|3|-NRB|-NRB|-NRB
DES,CYS,STK,SMART,,,,,,|BOT|10/18/2012|3|-NRB|-NRB|-NRB
DES,KEY,STK,SMART,,,,,,|BOT|10/18/2012|3|-NRB|-NRB|-NRB
DES,PM,STK,SMART,,,,,,|SLD|10/18/2012|3|-NRB|-NRB|-NRB
DES,MLNX,STK,SMART,,,,,,|SLD|10/18/2012|3|-NRB|-NRB|-NRB
DES,BBT,STK,SMART,,,,,,|SLD|10/18/2012|3|-NRB|-NRB|-NRB
DES,BSX,STK,SMART,,,,,,|SLD|10/18/2012|3|-NRB|-NRB|-NRB
DES,DHR,STK,SMART,,,,,,|SLD|10/18/2012|3|-NRB|-NRB|-NRB
DES,CCK,STK,SMART,,,,,,|SLD|10/18/2012|3|-NRB|-NRB|-NRB
DES,ALGN,STK,SMART,,,,,,|SLD|10/18/2012|3|-NRB|-NRB|-NRB
DES,SNDK,STK,SMART,,,,,,|BOT|10/19/2012|2|-NRB|-WRB|-NRB
DES,RVBD,STK,SMART,,,,,,|BOT|10/19/2012|2|-NRB|-WRB|-NRB
DES,COF,STK,SMART,,,,,,|BOT|10/19/2012|3|-NRB|-WRB|-NRB
DES,FNFG,STK,SMART,,,,,,|BOT|10/19/2012|3|-NRB|-WRB|-NRB
DES,RHI,STK,SMART,,,,,,|BOT|10/19/2012|3|-NRB|-WRB|-NRB
DES,CMG,STK,SMART,,,,,,|SLD|10/19/2012|3|-NRB|-WRB|-NRB
DES,PH,STK,SMART,,,,,,|SLD|10/19/2012|3|-NRB|-WRB|-NRB
DES,GE,STK,SMART,,,,,,|SLD|10/19/2012|3|-NRB|-WRB|-NRB
DES,MCD,STK,SMART,,,,,,|SLD|10/19/2012|3|-NRB|-WRB|-NRB
DES,MRVL,STK,SMART,,,,,,|SLD|10/19/2012|3|-NRB|-WRB|-NRB
DES,ETFC,STK,SMART,,,,,,|SLD|10/19/2012|3|-NRB|-WRB|-NRB
DES,TCB,STK,SMART,,,,,,|SLD|10/19/2012|3|-NRB|-WRB|-NRB
DES,BTU,STK,SMART,,,,,,|BOT|10/22/2012|3|+NRB|+NRB|-NRB
DES,BMC,STK,SMART,,,,,,|BOT|10/22/2012|3|+NRB|+NRB|-NRB
DES,NLSN,STK,SMART,,,,,,|SLD|10/22/2012|3|+NRB|+NRB|-NRB
DES,AAP,STK,SMART,,,,,,|SLD|10/22/2012|3|+NRB|+NRB|-NRB
DES,NXY,STK,SMART,,,,,,|SLD|10/22/2012|3|+NRB|+NRB|-NRB
DES,COH,STK,SMART,,,,,,|BOT|10/23/2012|3|+NRB|-NRB|-WRB
DES,YHOO,STK,SMART,,,,,,|BOT|10/23/2012|3|+NRB|-NRB|-WRB
DES,WHR,STK,SMART,,,,,,|BOT|10/23/2012|3|+NRB|-NRB|-WRB
DES,ARMH,STK,SMART,,,,,,|BOT|10/23/2012|3|+NRB|-NRB|-WRB
DES,BEAV,STK,SMART,,,,,,|BOT|10/23/2012|3|+NRB|-NRB|-WRB
DES,DD,STK,SMART,,,,,,|SLD|10/23/2012|3|+NRB|-NRB|-WRB
DES,VECO,STK,SMART,,,,,,|SLD|10/23/2012|3|+NRB|-NRB|-WRB
DES,STX,STK,SMART,,,,,,|SLD|10/23/2012|3|+NRB|-NRB|-WRB
DES,RF,STK,SMART,,,,,,|SLD|10/23/2012|3|+NRB|-NRB|-WRB
DES,GNTX,STK,SMART,,,,,,|SLD|10/23/2012|3|+NRB|-NRB|-WRB
DES,XRX,STK,SMART,,,,,,|SLD|10/23/2012|3|+NRB|-NRB|-WRB
DES,WDC,STK,SMART,,,,,,|SLD|10/23/2012|3|+NRB|-NRB|-WRB
DES,FB,STK,SMART,,,,,,|BOT|10/24/2012|3|+NRB|-NRB|+NRB
DES,RFMD,STK,SMART,,,,,,|BOT|10/24/2012|3|+NRB|-NRB|+NRB
DES,BA,STK,SMART,,,,,,|BOT|10/24/2012|3|+NRB|-NRB|+NRB
DES,GILD,STK,SMART,,,,,,|BOT|10/24/2012|3|+NRB|-NRB|+NRB
DES,LCC,STK,SMART,,,,,,|BOT|10/24/2012|3|+NRB|-NRB|+NRB
DES,FBHS,STK,SMART,,,,,,|BOT|10/24/2012|3|+NRB|-NRB|+NRB
DES,TPX,STK,SMART,,,,,,|SLD|10/24/2012|3|+NRB|-NRB|+NRB
DES,NSC,STK,SMART,,,,,,|SLD|10/24/2012|3|+NRB|-NRB|+NRB
DES,LO,STK,SMART,,,,,,|SLD|10/24/2012|3|+NRB|-NRB|+NRB
DES,KMT,STK,SMART,,,,,,|SLD|10/24/2012|3|+NRB|-NRB|+NRB
DES,GLW,STK,SMART,,,,,,|SLD|10/24/2012|3|+NRB|-NRB|+NRB
DES,EAT,STK,SMART,,,,,,|SLD|10/24/2012|3|+NRB|-NRB|+NRB
DES,NFLX,STK,SMART,,,,,,|SLD|10/24/2012|3|+NRB|-NRB|+NRB
DES,AET,STK,SMART,,,,,,|BOT|10/25/2012|3|+NRB|-NRB|+WRB
DES,AEM,STK,SMART,,,,,,|BOT|10/25/2012|3|+NRB|-NRB|+WRB
DES,RYL,STK,SMART,,,,,,|BOT|10/25/2012|3|+NRB|-NRB|+WRB
DES,AKAM,STK,SMART,,,,,,|BOT|10/25/2012|3|+NRB|-NRB|+WRB
DES,SYMC,STK,SMART,,,,,,|BOT|10/25/2012|3|+NRB|-NRB|+WRB
DES,WYNN,STK,SMART,,,,,,|BOT|10/25/2012|3|+NRB|-NRB|+WRB
DES,LSI,STK,SMART,,,,,,|BOT|10/25/2012|3|+NRB|-NRB|+WRB
DES,UA,STK,SMART,,,,,,|SLD|10/25/2012|3|+NRB|-NRB|+WRB
DES,FIO,STK,SMART,,,,,,|SLD|10/25/2012|3|+NRB|-NRB|+WRB
DES,FFIV,STK,SMART,,,,,,|SLD|10/25/2012|3|+NRB|-NRB|+WRB
DES,CROX,STK,SMART,,,,,,|SLD|10/25/2012|3|+NRB|-NRB|+WRB
DES,MJN,STK,SMART,,,,,,|SLD|10/25/2012|3|+NRB|-NRB|+WRB
DES,SPR,STK,SMART,,,,,,|SLD|10/25/2012|3|+NRB|-NRB|+WRB
DES,BBY,STK,SMART,,,,,,|SLD|10/25/2012|3|+NRB|-NRB|+WRB
DES,SYNA,STK,SMART,,,,,,|BOT|10/26/2012|3|+NRB|+NRB|+NRB
DES,VAR,STK,SMART,,,,,,|BOT|10/26/2012|3|+NRB|+NRB|+NRB
DES,EXPE,STK,SMART,,,,,,|BOT|10/26/2012|3|+NRB|+NRB|+NRB
DES,CERN,STK,SMART,,,,,,|BOT|10/26/2012|3|+NRB|+NRB|+NRB
DES,DV,STK,SMART,,,,,,|BOT|10/26/2012|3|+NRB|+NRB|+NRB
DES,COG,STK,SMART,,,,,,|BOT|10/26/2012|3|+NRB|+NRB|+NRB
DES,CA,STK,SMART,,,,,,|SLD|10/26/2012|3|+NRB|+NRB|+NRB
DES,CSTR,STK,SMART,,,,,,|SLD|10/26/2012|3|+NRB|+NRB|+NRB
DES,VRSN,STK,SMART,,,,,,|SLD|10/26/2012|3|+NRB|+NRB|+NRB
DES,DECK,STK,SMART,,,,,,|SLD|10/26/2012|3|+NRB|+NRB|+NRB
DES,AXL,STK,SMART,,,,,,|SLD|10/26/2012|3|+NRB|+NRB|+NRB
DES,HLF,STK,SMART,,,,,,|BOT|10/31/2012|3|+NRB|-NRB|-NRB
DES,HD,STK,SMART,,,,,,|BOT|10/31/2012|3|+NRB|-NRB|-NRB
DES,F,STK,SMART,,,,,,|BOT|10/31/2012|3|+NRB|-NRB|-NRB
DES,PWR,STK,SMART,,,,,,|BOT|10/31/2012|3|+NRB|-NRB|-NRB
DES,GM,STK,SMART,,,,,,|BOT|10/31/2012|3|+NRB|-NRB|-NRB
DES,RVBD,STK,SMART,,,,,,|SLD|10/31/2012|3|+NRB|-NRB|-NRB
DES,WU,STK,SMART,,,,,,|SLD|10/31/2012|3|+NRB|-NRB|-NRB
DES,EDU,STK,SMART,,,,,,|SLD|10/31/2012|3|+NRB|-NRB|-NRB
DES,JCI,STK,SMART,,,,,,|SLD|10/31/2012|3|+NRB|-NRB|-NRB
DES,BIDU,STK,SMART,,,,,,|SLD|10/31/2012|3|+NRB|-NRB|-NRB
DES,M,STK,SMART,,,,,,|BOT|11/01/2012|3|+NRB|+NRB|+NRB
DES,KSS,STK,SMART,,,,,,|BOT|11/01/2012|3|+NRB|+NRB|+NRB
DES,RDN,STK,SMART,,,,,,|BOT|11/01/2012|3|+NRB|+NRB|+NRB
DES,ABX,STK,SMART,,,,,,|SLD|11/01/2012|3|+NRB|+NRB|+NRB
DES,EL,STK,SMART,,,,,,|SLD|11/01/2012|3|+NRB|+NRB|+NRB
DES,CRUS,STK,SMART,,,,,,|SLD|11/01/2012|3|+NRB|+NRB|+NRB
DES,TDC,STK,SMART,,,,,,|SLD|11/01/2012|3|+NRB|+NRB|+NRB
DES,CNW,STK,SMART,,,,,,|SLD|11/01/2012|3|+NRB|+NRB|+NRB
DES,ZUMZ,STK,SMART,,,,,,|SLD|11/01/2012|3|+NRB|+NRB|+NRB
DES,CTB,STK,SMART/ARCA,,,,,,|BOT|11/02/2012|3|+NRB|+NRB|+NRB
DES,ANR,STK,SMART/ARCA,,,,,,|BOT|11/02/2012|3|+NRB|+NRB|+NRB
DES,TRIP,STK,SMART/ARCA,,,,,,|BOT|11/02/2012|3|+NRB|+NRB|+NRB
DES,LNKD,STK,SMART/ARCA,,,,,,|BOT|11/02/2012|3|+NRB|+NRB|+NRB
DES,ROVI,STK,SMART/ARCA,,,,,,|BOT|11/02/2012|3|+NRB|+NRB|+NRB
DES,PCLN,STK,SMART/ARCA,,,,,,|BOT|11/02/2012|3|+NRB|+NRB|+NRB
DES,SBUX,STK,SMART/ARCA,,,,,,|BOT|11/02/2012|3|+NRB|+NRB|+NRB
DES,GES,STK,SMART/ARCA,,,,,,|SLD|11/02/2012|2|+NRB|+NRB|+NRB
DES,ACTV,STK,SMART/ARCA,,,,,,|SLD|11/02/2012|2|+NRB|+NRB|+NRB
DES,VRTX,STK,SMART/ARCA,,,,,,|SLD|11/02/2012|3|+NRB|+NRB|+NRB
DES,AIG,STK,SMART/ARCA,,,,,,|SLD|11/02/2012|3|+NRB|+NRB|+NRB
DES,FSLR,STK,SMART/ARCA,,,,,,|SLD|11/02/2012|3|+NRB|+NRB|+NRB
DES,SWKS,STK,SMART/ARCA,,,,,,|SLD|11/02/2012|3|+NRB|+NRB|+NRB
DES,BMRN,STK,SMART/ARCA,,,,,,|BOT|11/05/2012|2|+NRB|+NRB|-NRB
DES,NTE,STK,SMART/ARCA,,,,,,|BOT|11/05/2012|3|+NRB|+NRB|-NRB
DES,TSLA,STK,SMART/ARCA,,,,,,|BOT|11/05/2012|3|+NRB|+NRB|-NRB
DES,RIG,STK,SMART/ARCA,,,,,,|BOT|11/05/2012|3|+NRB|+NRB|-NRB
DES,TWC,STK,SMART/ARCA,,,,,,|SLD|11/05/2012|3|+NRB|+NRB|-NRB
DES,MTW,STK,SMART/ARCA,,,,,,|SLD|11/05/2012|3|+NRB|+NRB|-NRB
DES,JIVE,STK,SMART/ARCA,,,,,,|BOT|11/06/2012|3|+NRB|+NRB|+NRB
DES,EOG,STK,SMART/ARCA,,,,,,|BOT|11/06/2012|3|+NRB|+NRB|+NRB
DES,CTRP,STK,SMART/ARCA,,,,,,|BOT|11/06/2012|3|+NRB|+NRB|+NRB
DES,CSC,STK,SMART/ARCA,,,,,,|BOT|11/06/2012|3|+NRB|+NRB|+NRB
DES,WTW,STK,SMART/ARCA,,,,,,|BOT|11/06/2012|3|+NRB|+NRB|+NRB
DES,NSM,STK,SMART/ARCA,,,,,,|SLD|11/06/2012|3|+NRB|+NRB|+NRB
DES,MSCI,STK,SMART/ARCA,,,,,,|SLD|11/06/2012|3|+NRB|+NRB|+NRB
DES,VVUS,STK,SMART/ARCA,,,,,,|SLD|11/06/2012|3|+NRB|+NRB|+NRB
DES,ESRX,STK,SMART/ARCA,,,,,,|SLD|11/06/2012|3|+NRB|+NRB|+NRB
DES,Z,STK,SMART/ARCA,,,,,,|SLD|11/06/2012|3|+NRB|+NRB|+NRB
DES,VHC,STK,SMART/ARCA,,,,,,|BOT|11/07/2012|3|+NRB|-WRB|-NRB
DES,SWHC,STK,SMART/ARCA,,,,,,|BOT|11/07/2012|3|+NRB|-WRB|-NRB
DES,THC,STK,SMART/ARCA,,,,,,|BOT|11/07/2012|3|+NRB|-WRB|-NRB
DES,CTSH,STK,SMART/ARCA,,,,,,|BOT|11/07/2012|3|+NRB|-WRB|-NRB
DES,AGU,STK,SMART/ARCA,,,,,,|SLD|11/07/2012|3|+NRB|-WRB|-NRB
DES,WLP,STK,SMART/ARCA,,,,,,|SLD|11/07/2012|3|+NRB|-WRB|-NRB
DES,JRCC,STK,SMART/ARCA,,,,,,|SLD|11/07/2012|3|+NRB|-WRB|-NRB
DES,NIHD,STK,SMART/ARCA,,,,,,|SLD|11/07/2012|3|+NRB|-WRB|-NRB
DES,BTU,STK,SMART/ARCA,,,,,,|SLD|11/07/2012|3|+NRB|-WRB|-NRB
DES,ANR,STK,SMART/ARCA,,,,,,|SLD|11/07/2012|3|+NRB|-WRB|-NRB
DES,QCOM,STK,SMART/ARCA,,,,,,|BOT|11/08/2012|2|+NRB|-WRB|+NRB
DES,SD,STK,SMART/ARCA,,,,,,|BOT|11/08/2012|2|+NRB|-WRB|+NRB
DES,PMT,STK,SMART/ARCA,,,,,,|BOT|11/08/2012|3|+NRB|-WRB|+NRB
DES,ATVI,STK,SMART/ARCA,,,,,,|BOT|11/08/2012|3|+NRB|-WRB|+NRB
DES,ITMN,STK,SMART/ARCA,,,,,,|BOT|11/08/2012|3|+NRB|-WRB|+NRB
DES,CBS,STK,SMART/ARCA,,,,,,|BOT|11/08/2012|3|+NRB|-WRB|+NRB
DES,WLL,STK,SMART/ARCA,,,,,,|BOT|11/08/2012|3|+NRB|-WRB|+NRB
DES,PAAS,STK,SMART/ARCA,,,,,,|SLD|11/08/2012|3|+NRB|-WRB|+NRB
DES,WIN,STK,SMART/ARCA,,,,,,|SLD|11/08/2012|3|+NRB|-WRB|+NRB
DES,SGEN,STK,SMART/ARCA,,,,,,|SLD|11/08/2012|3|+NRB|-WRB|+NRB
DES,MAKO,STK,SMART/ARCA,,,,,,|SLD|11/08/2012|3|+NRB|-WRB|+NRB
DES,MNST,STK,SMART/ARCA,,,,,,|SLD|11/08/2012|3|+NRB|-WRB|+NRB
DES,IGT,STK,SMART/ARCA,,,,,,|BOT|11/09/2012|3|+NRB|+WRB|-NRB
DES,LGF,STK,SMART/ARCA,,,,,,|BOT|11/09/2012|3|+NRB|+WRB|-NRB
DES,ENR,STK,SMART/ARCA,,,,,,|BOT|11/09/2012|3|+NRB|+WRB|-NRB
DES,WCRX,STK,SMART/ARCA,,,,,,|BOT|11/09/2012|3|+NRB|+WRB|-NRB
DES,DIS,STK,SMART/ARCA,,,,,,|SLD|11/09/2012|3|+NRB|+WRB|-NRB
DES,JCP,STK,SMART/ARCA,,,,,,|SLD|11/09/2012|3|+NRB|+WRB|-NRB
DES,MDRX,STK,SMART/ARCA,,,,,,|SLD|11/09/2012|3|+NRB|+WRB|-NRB
DES,SPRD,STK,SMART/ARCA,,,,,,|SLD|11/09/2012|3|+NRB|+WRB|-NRB
DES,GILD,STK,SMART/ARCA,,,,,,|BOT|11/12/2012|3|+NRB|-NRB|+NRB
DES,CELG,STK,SMART/ARCA,,,,,,|BOT|11/12/2012|3|+NRB|-NRB|+NRB
DES,JEF,STK,SMART/ARCA,,,,,,|BOT|11/12/2012|3|+NRB|-NRB|+NRB
DES,BZH,STK,SMART/ARCA,,,,,,|SLD|11/12/2012|3|+NRB|-NRB|+NRB
DES,DKS,STK,SMART/ARCA,,,,,,|BOT|11/13/2012|3|+NRB|+NRB|-NRB
DES,TJX,STK,SMART/ARCA,,,,,,|BOT|11/13/2012|3|+NRB|+NRB|-NRB
DES,KORS,STK,SMART/ARCA,,,,,,|BOT|11/13/2012|3|+NRB|+NRB|-NRB
DES,HD,STK,SMART/ARCA,,,,,,|BOT|11/13/2012|3|+NRB|+NRB|-NRB
DES,MSFT,STK,SMART/ARCA,,,,,,|SLD|11/13/2012|3|+NRB|+NRB|-NRB
DES,WFT,STK,SMART/ARCA,,,,,,|SLD|11/13/2012|3|+NRB|+NRB|-NRB
DES,AKS,STK,SMART/ARCA,,,,,,|SLD|11/13/2012|3|+NRB|+NRB|-NRB
DES,CSCO,STK,SMART/ARCA,,,,,,|BOT|11/14/2012|3|+NRB|-WRB|+NRB
DES,ANF,STK,SMART/ARCA,,,,,,|BOT|11/14/2012|3|+NRB|-WRB|+NRB
DES,FRO,STK,SMART/ARCA,,,,,,|BOT|11/14/2012|3|+NRB|-WRB|+NRB
DES,SPLS,STK,SMART/ARCA,,,,,,|BOT|11/14/2012|3|+NRB|-WRB|+NRB
DES,IAG,STK,SMART/ARCA,,,,,,|SLD|11/14/2012|3|+NRB|-WRB|+NRB
DES,MOS,STK,SMART/ARCA,,,,,,|SLD|11/14/2012|3|+NRB|-WRB|+NRB
DES,NTAP,STK,SMART/ARCA,,,,,,|BOT|11/15/2012|3|+NRB|+NRB|-NRB
DES,DLTR,STK,SMART/ARCA,,,,,,|BOT|11/15/2012|3|+NRB|+NRB|-NRB
DES,PETM,STK,SMART/ARCA,,,,,,|BOT|11/15/2012|3|+NRB|+NRB|-NRB
DES,WMT,STK,SMART/ARCA,,,,,,|SLD|11/15/2012|3|+NRB|+NRB|-NRB
DES,PLCE,STK,SMART/ARCA,,,,,,|SLD|11/15/2012|3|+NRB|+NRB|-NRB
DES,MRVL,STK,SMART/ARCA,,,,,,|BOT|11/16/2012|2|+NRB|+NRB|+NRBBT
DES,GPS,STK,SMART/ARCA,,,,,,|BOT|11/16/2012|3|+NRB|+NRB|+NRBBT
DES,AMAT,STK,SMART/ARCA,,,,,,|BOT|11/16/2012|3|+NRB|+NRB|+NRBBT
DES,FL,STK,SMART/ARCA,,,,,,|BOT|11/16/2012|3|+NRB|+NRB|+NRBBT
DES,MGM,STK,SMART/ARCA,,,,,,|BOT|11/16/2012|3|+NRB|+NRB|+NRBBT
DES,LVS,STK,SMART/ARCA,,,,,,|BOT|11/16/2012|3|+NRB|+NRB|+NRBBT
DES,ARUN,STK,SMART/ARCA,,,,,,|BOT|11/16/2012|3|+NRB|+NRB|+NRBBT
DES,SINA,STK,SMART/ARCA,,,,,,|SLD|11/16/2012|3|+NRB|+NRB|+NRBBT
DES,SHLD,STK,SMART/ARCA,,,,,,|SLD|11/16/2012|3|+NRB|+NRB|+NRBBT
DES,LOW,STK,SMART/ARCA,,,,,,|SLD|11/19/2012|3|+NRB|+NRB|+WRB
DES,TSN,STK,SMART/ARCA,,,,,,|SLD|11/19/2012|3|+NRB|+NRB|+WRB
DES,KKD,STK,SMART/ARCA,,,,,,|BOT|11/20/2012|3|+NRB|+NRB|-NRB
DES,GRPN,STK,SMART/ARCA,,,,,,|BOT|11/20/2012|3|+NRB|+NRB|-NRB
DES,HPQ,STK,SMART/ARCA,,,,,,|SLD|11/20/2012|3|+NRB|+NRB|-NRB
DES,BBY,STK,SMART/ARCA,,,,,,|SLD|11/20/2012|3|+NRB|+NRB|-NRB
DES,CTB,STK,SMART/ARCA,,,,,,|SLD|11/20/2012|3|+NRB|+NRB|-NRB
DES,A,STK,SMART/ARCA,,,,,,|SLD|11/20/2012|3|+NRB|+NRB|-NRB
DES,SRPT,STK,SMART/ARCA,,,,,,|BOT|11/21/2012|3|+NRB|+NRB|+NRB
DES,CRM,STK,SMART/ARCA,,,,,,|BOT|11/21/2012|3|+NRB|+NRB|+NRB
DES,ZLC,STK,SMART/ARCA,,,,,,|SLD|11/21/2012|3|+NRB|+NRB|+NRB
DES,DE,STK,SMART/ARCA,,,,,,|SLD|11/21/2012|3|+NRB|+NRB|+NRB
DES,FB,STK,SMART/ARCA,,,,,,|BOT|11/26/2012|3|+NRB|+NRB|-NRB
DES,GLW,STK,SMART/ARCA,,,,,,|BOT|11/27/2012|3|+NRB|-NRB|-NRB
DES,CROX,STK,SMART/ARCA,,,,,,|BOT|11/27/2012|3|+NRB|-NRB|-NRB
DES,ADT,STK,SMART/ARCA,,,,,,|BOT|11/27/2012|3|+NRB|-NRB|-NRB
DES,CAG,STK,SMART/ARCA,,,,,,|BOT|11/27/2012|3|+NRB|-NRB|-NRB
DES,LVS,STK,SMART/ARCA,,,,,,|BOT|11/27/2012|3|+NRB|-NRB|-NRB
DES,MMR,STK,SMART/ARCA,,,,,,|SLD|11/27/2012|3|+NRB|-NRB|-NRB
DES,AEO,STK,SMART/ARCA,,,,,,|BOT|11/28/2012|3|+NRB|+WRB|-NRB
DES,GMCR,STK,SMART/ARCA,,,,,,|BOT|11/28/2012|3|+NRB|+WRB|-NRB
DES,EXPR,STK,SMART/ARCA,,,,,,|BOT|11/28/2012|3|+NRB|+WRB|-NRB
DES,AMSC,STK,SMART/ARCA,,,,,,|SLD|11/28/2012|3|+NRB|+WRB|-NRB
DES,GWRE,STK,SMART/ARCA,,,,,,|SLD|11/28/2012|3|+NRB|+WRB|-NRB
DES,KR,STK,SMART/ARCA,,,,,,|BOT|11/29/2012|3|+NRB|+NRB|+NRB
DES,BBRY,STK,SMART/ARCA,,,,,,|BOT|11/29/2012|3|+NRB|+NRB|+NRB
DES,GES,STK,SMART/ARCA,,,,,,|BOT|11/29/2012|3|+NRB|+NRB|+NRB
DES,TIF,STK,SMART/ARCA,,,,,,|SLD|11/29/2012|3|+NRB|+NRB|+NRB
DES,ARO,STK,SMART/ARCA,,,,,,|SLD|11/29/2012|3|+NRB|+NRB|+NRB
DES,KSS,STK,SMART/ARCA,,,,,,|SLD|11/29/2012|3|+NRB|+NRB|+NRB
DES,ULTA,STK,SMART/ARCA,,,,,,|BOT|11/30/2012|3|-NRB|+NRB|+NRB
DES,TLAB,STK,SMART/ARCA,,,,,,|BOT|11/30/2012|3|-NRB|+NRB|+NRB
DES,ZUMZ,STK,SMART/ARCA,,,,,,|SLD|11/30/2012|3|-NRB|+NRB|+NRB
DES,YUM,STK,SMART/ARCA,,,,,,|SLD|11/30/2012|3|-NRB|+NRB|+NRB
DES,VRSN,STK,SMART/ARCA,,,,,,|SLD|11/30/2012|3|-NRB|+NRB|+NRB
DES,DECK,STK,SMART/ARCA,,,,,,|BOT|12/03/2012|3|+NRB|-NRB|+NRB
DES,DELL,STK,SMART/ARCA,,,,,,|BOT|12/03/2012|3|+NRB|-NRB|+NRB
DES,DF,STK,SMART/ARCA,,,,,,|BOT|12/03/2012|3|+NRB|-NRB|+NRB
DES,HMA,STK,SMART/ARCA,,,,,,|SLD|12/03/2012|3|+NRB|-NRB|+NRB
DES,TOL,STK,SMART/ARCA,,,,,,|BOT|12/04/2012|3|-NRB|-NRB|-NRB
DES,BIG,STK,SMART/ARCA,,,,,,|BOT|12/04/2012|3|-NRB|-NRB|-NRB
DES,PCS,STK,SMART/ARCA,,,,,,|SLD|12/04/2012|3|-NRB|-NRB|-NRB
DES,DRI,STK,SMART/ARCA,,,,,,|SLD|12/04/2012|3|-NRB|-NRB|-NRB
DES,FSC,STK,SMART/ARCA,,,,,,|SLD|12/04/2012|3|-NRB|-NRB|-NRB
DES,PBY,STK,SMART/ARCA,,,,,,|SLD|12/04/2012|3|-NRB|-NRB|-NRB
DES,P,STK,SMART/ARCA,,,,,,|SLD|12/05/2012|3|+NRB|+NRBBT|+NRB
DES,TIBX,STK,SMART/ARCA,,,,,,|SLD|12/05/2012|3|+NRB|+NRBBT|+NRB
DES,AKAM,STK,SMART/ARCA,,,,,,|BOT|12/06/2012|3|-NRB|+NRB|-NRB
DES,MW,STK,SMART/ARCA,,,,,,|SLD|12/06/2012|3|-NRB|+NRB|-NRB
DES,SWHC,STK,SMART/ARCA,,,,,,|BOT|12/07/2012|3|+NRB|+NRB|+NRB
DES,PANW,STK,SMART/ARCA,,,,,,|SLD|12/07/2012|3|+NRB|+NRB|+NRB
DES,AMRN,STK,SMART/ARCA,,,,,,|SLD|12/07/2012|3|+NRB|+NRB|+NRB
DES,CLDX,STK,SMART/ARCA,,,,,,|BOT|12/10/2012|3|-NRB|+NRB|-NRB
DES,URBN,STK,SMART/ARCA,,,,,,|BOT|12/11/2012|3|+NRB|+NRB|+NRB
DES,HTZ,STK,SMART/ARCA,,,,,,|SLD|12/11/2012|3|+NRB|+NRB|+NRB
DES,LLY,STK,SMART/ARCA,,,,,,|SLD|12/12/2012|3|+NRB|-NRB|+NRB
DES,STX,STK,SMART/ARCA,,,,,,|SLD|12/12/2012|3|+NRB|-NRB|+NRB
DES,CIEN,STK,SMART/ARCA,,,,,,|BOT|12/13/2012|3|+NRB|-NRB|+NRB
DES,CLWR,STK,SMART/ARCA,,,,,,|BOT|12/13/2012|3|+NRB|-NRB|+NRB
DES,GOOG,STK,SMART/ARCA,,,,,,|BOT|12/13/2012|3|+NRB|-NRB|+NRB
DES,ADBE,STK,SMART/ARCA,,,,,,|BOT|12/14/2012|3|-NRB|-NRB|-NRB
DES,PAY,STK,SMART/ARCA,,,,,,|SLD|12/14/2012|3|-NRB|-NRB|-NRB
DES,BBY,STK,SMART/ARCA,,,,,,|SLD|12/14/2012|3|-NRB|-NRB|-NRB
DES,SLB,STK,SMART/ARCA,,,,,,|SLD|12/14/2012|3|-NRB|-NRB|-NRB
DES,AAPL,STK,SMART/ARCA,,,,,,|SLD|12/14/2012|3|-NRB|-NRB|-NRB
DES,SINA,STK,SMART/ARCA,,,,,,|BOT|12/17/2012|3|+NRB|+WRB|+NRB
DES,FDS,STK,SMART/ARCA,,,,,,|SLD|12/18/2012|3|+NRB|+WRB|+NRB
DES,GTAT,STK,SMART/ARCA,,,,,,|SLD|12/18/2012|3|+NRB|+WRB|+NRB
DES,GM,STK,SMART/ARCA,,,,,,|BOT|12/19/2012|3|-NRB|-NRB|+NRB
DES,DLPH,STK,SMART/ARCA,,,,,,|BOT|12/19/2012|3|-NRB|-NRB|+NRB
DES,ORCL,STK,SMART/ARCA,,,,,,|BOT|12/19/2012|3|-NRB|-NRB|+NRB
DES,NAV,STK,SMART/ARCA,,,,,,|SLD|12/19/2012|3|-NRB|-NRB|+NRB
DES,KMX,STK,SMART/ARCA,,,,,,|BOT|12/20/2012|3|+NRB|+NRB|+NRB
DES,JBL,STK,SMART/ARCA,,,,,,|BOT|12/20/2012|3|+NRB|+NRB|+NRB
DES,CAG,STK,SMART/ARCA,,,,,,|BOT|12/20/2012|3|+NRB|+NRB|+NRB
DES,CCL,STK,SMART/ARCA,,,,,,|BOT|12/20/2012|3|+NRB|+NRB|+NRB
DES,ILMN,STK,SMART/ARCA,,,,,,|BOT|12/20/2012|3|+NRB|+NRB|+NRB
DES,VVUS,STK,SMART/ARCA,,,,,,|BOT|12/20/2012|3|+NRB|+NRB|+NRB
DES,BBBY,STK,SMART/ARCA,,,,,,|SLD|12/20/2012|3|+NRB|+NRB|+NRB
DES,MRK,STK,SMART/ARCA,,,,,,|SLD|12/20/2012|3|+NRB|+NRB|+NRB
DES,ACN,STK,SMART/ARCA,,,,,,|SLD|12/20/2012|3|+NRB|+NRB|+NRB
DES,KBH,STK,SMART/ARCA,,,,,,|SLD|12/20/2012|3|+NRB|+NRB|+NRB
DES,NKE,STK,SMART/ARCA,,,,,,|BOT|12/21/2012|3|+NRB|+NRB|-WRB
DES,HALO,STK,SMART/ARCA,,,,,,|BOT|12/21/2012|3|+NRB|+NRB|-WRB
DES,RHT,STK,SMART/ARCA,,,,,,|BOT|12/21/2012|3|+NRB|+NRB|-WRB
DES,TIBX,STK,SMART/ARCA,,,,,,|BOT|12/21/2012|3|+NRB|+NRB|-WRB
DES,MU,STK,SMART/ARCA,,,,,,|SLD|12/21/2012|3|+NRB|+NRB|-WRB
DES,BBRY,STK,SMART/ARCA,,,,,,|SLD|12/21/2012|3|+NRB|+NRB|-WRB






