<?xml version="1.0" encoding="UTF-8"?>
<application xmlns="http://java.sun.com/xml/ns/javaee"
xmlns:xsi="http://www.w3.org/2001/XMLSchema-instance" version="5"
xsi:schemaLocation="http://java.sun.com/xml/ns/javaee http://java.sun.com/xml/ns/javaee/application_5.xsd">
<module>
  <java>traderManager-2.1.jar</java>
</module>
<module>
  <web>
    <web-uri>trader-manager-2.1.war</web-uri>
    <context-root>index</context-root>
  </web>
</module>
<library-directory>lib</library-directory>
</application>
